sentence_id,method,method_full_name,error_type,source_raw,target_raw,gold_tokenization,prediction_tokenization,local_gold_tokens,local_pred_tokens,local_span_start,local_span_end,local_raw_text,gold_internal_boundaries,pred_internal_boundaries,extra_boundaries,missing_boundaries,explanation,is_short_sentence,is_natural_example_candidate,notes,chunk_index
9,D,D Direct segmentation,over,这个巨大飞的物体停住了一会就又向天空快速地飞去。一闪而过，变成了一个形影一样的亮点，一点点地暗下去。,这个巨大的飞行物体停住了一会就又向天空快速地飞去。它一闪而过，变成了一个星星一样的亮点，然后一点点地暗了下去。,这个 巨大 飞 的 物体 停 住 了 一会 就 又 向 天空 快速 地 飞 去 。 一 闪 而 过 ， 变成 了 一个 形影 一样 的 亮点 ， 一点点 地 暗 下去 。,这个 巨大 飞 的 物体 停 住 了 一会 就 又 向 天空 快速 地 飞 去 。 一 闪 而 过 ， 变成 了 一个 形影 一样 的 亮 点 ， 一点点 地 暗 下去 。,亮点,亮 / 点,39,41,亮点,[],[40],[40],[],"The prediction inserts an extra boundary inside the gold token [亮点], producing [亮 / 点].",False,True,,1
14,D,D Direct segmentation,over,我觉得他很大胆，他不去外国。他觉得如果要改转变中国，所以就要从中国做的研究。,我觉得他很大胆，他不去外国。他觉得如果要改变中国，就要在中国做研究。,我 觉得 他 很 大胆 ， 他 不 去 外国 。 他 觉得 如果 要 改转变 中国 ， 所以 就 要 从 中国 做 的 研究 。,我 觉得 他 很 大胆 ， 他 不 去 外国 。 他 觉得 如果 要 改 转 变 中国 ， 所以 就 要 从 中国 做 的 研究 。,改转变,改 / 转 / 变,20,23,改转变,[],"[21, 22]","[21, 22]",[],"The prediction inserts an extra boundary inside the gold token [改转变], producing [改 / 转 / 变].",False,True,,1
26,D,D Direct segmentation,over,跟旅行困可以去野外看看野生动物。这是很有意思。在大自然里可以做名种名样放松的活动，比如瑜伽、爬山、打猎。,跟旅行团可以去野外看野生动物，这很有意思。在大自然里可以做各种各样放松的活动，比如瑜伽、爬山、打猎。,跟 旅行困 可以 去 野外 看看 野生 动物 。 这 是 很 有意思 。 在 大自然 里 可以 做 名种名样 放松 的 活动 ， 比如 瑜伽 、 爬山 、 打猎 。,跟 旅行 困 可以 去 野外 看看 野生 动物 。 这 是 很 有意思 。 在 大自然 里 可以 做 名种 名样 放松 的 活动 ， 比如 瑜伽 、 爬山 、 打猎 。,旅行困,旅行 / 困,1,4,旅行困,[],[3],[3],[],"The prediction inserts an extra boundary inside the gold token [旅行困], producing [旅行 / 困].",False,False,,1
26,D,D Direct segmentation,over,跟旅行困可以去野外看看野生动物。这是很有意思。在大自然里可以做名种名样放松的活动，比如瑜伽、爬山、打猎。,跟旅行团可以去野外看野生动物，这很有意思。在大自然里可以做各种各样放松的活动，比如瑜伽、爬山、打猎。,跟 旅行困 可以 去 野外 看看 野生 动物 。 这 是 很 有意思 。 在 大自然 里 可以 做 名种名样 放松 的 活动 ， 比如 瑜伽 、 爬山 、 打猎 。,跟 旅行 困 可以 去 野外 看看 野生 动物 。 这 是 很 有意思 。 在 大自然 里 可以 做 名种 名样 放松 的 活动 ， 比如 瑜伽 、 爬山 、 打猎 。,名种名样,名种 / 名样,31,35,名种名样,[],[33],[33],[],"The prediction inserts an extra boundary inside the gold token [名种名样], producing [名种 / 名样].",False,False,,2
28,D,D Direct segmentation,over,随着时代的潮流，流行歌曲对年轻的一代特别喜欢，甚至连歌星的名字都能刻在记忆上。每一首歌的曲子，谁唱的也顺口说出。这见得流行歌曲对现代的青年真是一种渴求的音乐。,随着时代的潮流，年轻的一代对流行歌曲特别喜欢，甚至连歌星的名字都能刻在记忆上。每一首歌的曲子，谁唱的也顺口说出。这足以见得流行歌曲对现代的青年来说真是一种渴求的音乐。,随着 时代 的 潮流 ， 流行歌曲 对 年轻 的 一代 特别 喜欢 ， 甚至 连 歌星 的 名字 都 能 刻 在 记忆 上 。 每 一 首 歌 的 曲子 ， 谁 唱 的 也 顺口 说 出 。 这 见 得 流行歌曲 对 现代 的 青年 真是 一 种 渴求 的 音乐 。,随着 时代 的 潮流 ， 流行 歌曲 对 年轻 的 一代 特别 喜欢 ， 甚至 连 歌星 的 名字 都 能 刻 在 记忆 上 。 每 一 首 歌 的 曲子 ， 谁 唱 的 也 顺口 说 出 。 这 见 得 流行 歌曲 对 现代 的 青年 真 是 一 种 渴求 的 音乐 。,流行歌曲,流行 / 歌曲,8,12,流行歌曲,[],[10],[10],[],"The prediction inserts an extra boundary inside the gold token [流行歌曲], producing [流行 / 歌曲].",False,True,,1
28,D,D Direct segmentation,over,随着时代的潮流，流行歌曲对年轻的一代特别喜欢，甚至连歌星的名字都能刻在记忆上。每一首歌的曲子，谁唱的也顺口说出。这见得流行歌曲对现代的青年真是一种渴求的音乐。,随着时代的潮流，年轻的一代对流行歌曲特别喜欢，甚至连歌星的名字都能刻在记忆上。每一首歌的曲子，谁唱的也顺口说出。这足以见得流行歌曲对现代的青年来说真是一种渴求的音乐。,随着 时代 的 潮流 ， 流行歌曲 对 年轻 的 一代 特别 喜欢 ， 甚至 连 歌星 的 名字 都 能 刻 在 记忆 上 。 每 一 首 歌 的 曲子 ， 谁 唱 的 也 顺口 说 出 。 这 见 得 流行歌曲 对 现代 的 青年 真是 一 种 渴求 的 音乐 。,随着 时代 的 潮流 ， 流行 歌曲 对 年轻 的 一代 特别 喜欢 ， 甚至 连 歌星 的 名字 都 能 刻 在 记忆 上 。 每 一 首 歌 的 曲子 ， 谁 唱 的 也 顺口 说 出 。 这 见 得 流行 歌曲 对 现代 的 青年 真 是 一 种 渴求 的 音乐 。,流行歌曲,流行 / 歌曲,59,63,流行歌曲,[],[61],[61],[],"The prediction inserts an extra boundary inside the gold token [流行歌曲], producing [流行 / 歌曲].",False,True,,2
28,D,D Direct segmentation,over,随着时代的潮流，流行歌曲对年轻的一代特别喜欢，甚至连歌星的名字都能刻在记忆上。每一首歌的曲子，谁唱的也顺口说出。这见得流行歌曲对现代的青年真是一种渴求的音乐。,随着时代的潮流，年轻的一代对流行歌曲特别喜欢，甚至连歌星的名字都能刻在记忆上。每一首歌的曲子，谁唱的也顺口说出。这足以见得流行歌曲对现代的青年来说真是一种渴求的音乐。,随着 时代 的 潮流 ， 流行歌曲 对 年轻 的 一代 特别 喜欢 ， 甚至 连 歌星 的 名字 都 能 刻 在 记忆 上 。 每 一 首 歌 的 曲子 ， 谁 唱 的 也 顺口 说 出 。 这 见 得 流行歌曲 对 现代 的 青年 真是 一 种 渴求 的 音乐 。,随着 时代 的 潮流 ， 流行 歌曲 对 年轻 的 一代 特别 喜欢 ， 甚至 连 歌星 的 名字 都 能 刻 在 记忆 上 。 每 一 首 歌 的 曲子 ， 谁 唱 的 也 顺口 说 出 。 这 见 得 流行 歌曲 对 现代 的 青年 真 是 一 种 渴求 的 音乐 。,真是,真 / 是,69,71,真是,[],[70],[70],[],"The prediction inserts an extra boundary inside the gold token [真是], producing [真 / 是].",False,True,,3
45,D,D Direct segmentation,over,我自眼看见了：为了孩了。父母什么都作。,我亲眼看见了：为了孩子，父母什么都做。,我 自眼 看见 了 ： 为了 孩了 。 父母 什么 都 作 。,我 自 眼 看见 了 ： 为了 孩 了 。 父母 什么 都 作 。,自眼,自 / 眼,1,3,自眼,[],[2],[2],[],"The prediction inserts an extra boundary inside the gold token [自眼], producing [自 / 眼].",True,True,,1
45,D,D Direct segmentation,over,我自眼看见了：为了孩了。父母什么都作。,我亲眼看见了：为了孩子，父母什么都做。,我 自眼 看见 了 ： 为了 孩了 。 父母 什么 都 作 。,我 自 眼 看见 了 ： 为了 孩 了 。 父母 什么 都 作 。,孩了,孩 / 了,9,11,孩了,[],[10],[10],[],"The prediction inserts an extra boundary inside the gold token [孩了], producing [孩 / 了].",True,True,,2
49,D,D Direct segmentation,over,我高中同学之间有一些根本没有和女孩子讲过话，现在他们太不好意思讲，因此会出现同性恋这一类问题。实事上我高中同学之间的同性率算较高。,我高中同学之中有一些根本没有和女孩子讲过话的，现在他们也不太好意思讲，因此会出现同性恋这一类问题。事实上，我高中同学之中的同性恋率确实算是较高的。,我 高中 同学 之间 有 一些 根本 没有 和 女孩子 讲 过 话 ， 现在 他们 太 不好意思 讲 ， 因此 会 出现 同性恋 这 一 类 问题 。 实事上 我 高中 同学 之间 的 同性率 算 较 高 。,我 高中 同学 之间 有 一些 根本 没有 和 女孩子 讲 过 话 ， 现在 他们 太 不好意思 讲 ， 因此 会 出现 同性恋 这 一 类 问题 。 实事 上 我 高中 同学 之间 的 同性率 算 较 高 。,实事上,实事 / 上,47,50,实事上,[],[49],[49],[],"The prediction inserts an extra boundary inside the gold token [实事上], producing [实事 / 上].",False,True,,1
50,D,D Direct segmentation,over,其实，以前人们认为吸烟是吸烟人的权力，或者一种爱好，所以，吸烟者也无管什么地方过瘾的话就吸烟了。,其实，以前人们认为吸烟是吸烟人的权利，或者一种爱好，所以，吸烟者也不管什么地方，过瘾的话就吸烟了。,其实 ， 以前 人们 认为 吸烟 是 吸烟 人 的 权力 ， 或者 一 种 爱好 ， 所以 ， 吸烟者 也 无管 什么 地方 过瘾 的 话 就 吸烟 了 。,其实 ， 以前 人们 认为 吸烟 是 吸烟 人 的 权力 ， 或者 一 种 爱好 ， 所以 ， 吸烟者 也 无 管 什么 地方 过瘾 的 话 就 吸烟 了 。,无管,无 / 管,33,35,无管,[],[34],[34],[],"The prediction inserts an extra boundary inside the gold token [无管], producing [无 / 管].",False,False,,1
56,D,D Direct segmentation,under,其中，我最喜欢听流行歌曲种类中歌曲速度比较缓慢、有感情、能代表爱情种类的歌曲，想必一些和我同年龄的人，也和我一样喜欢这种流行歌曲，但也有一部分人不喜欢流行歌曲。,其中，我最喜欢听流行歌曲中歌曲速度比较缓慢、唱得有感情、能代表爱情的歌曲，想必一些和我同年龄的人，也和我一样喜欢这种流行歌曲，但也有一部分人不喜欢这样的流行歌曲。,其中 ， 我 最 喜欢 听 流行 歌曲 种类 中 歌曲 速度 比较 缓慢 、 有 感情 、 能 代表 爱情 种类 的 歌曲 ， 想必 一些 和 我 同 年龄 的 人 ， 也 和 我 一样 喜欢 这种 流行 歌曲 ， 但 也 有 一部分 人 不 喜欢 流行 歌曲 。,其中 ， 我 最 喜欢 听 流行 歌曲 种类 中 歌曲 速度 比较 缓慢 、 有 感情 、 能 代表 爱情 种类 的 歌曲 ， 想必 一些 和 我 同 年龄 的 人 ， 也 和 我 一样 喜欢 这种 流行歌曲 ， 但 也 有 一部分 人 不 喜欢 流行歌曲 。,流行 / 歌曲,流行歌曲,60,64,流行歌曲,[62],[],[],[62],"The prediction misses the gold boundary between [流行] and [歌曲], merging them into [流行歌曲].",False,True,,1
56,D,D Direct segmentation,under,其中，我最喜欢听流行歌曲种类中歌曲速度比较缓慢、有感情、能代表爱情种类的歌曲，想必一些和我同年龄的人，也和我一样喜欢这种流行歌曲，但也有一部分人不喜欢流行歌曲。,其中，我最喜欢听流行歌曲中歌曲速度比较缓慢、唱得有感情、能代表爱情的歌曲，想必一些和我同年龄的人，也和我一样喜欢这种流行歌曲，但也有一部分人不喜欢这样的流行歌曲。,其中 ， 我 最 喜欢 听 流行 歌曲 种类 中 歌曲 速度 比较 缓慢 、 有 感情 、 能 代表 爱情 种类 的 歌曲 ， 想必 一些 和 我 同 年龄 的 人 ， 也 和 我 一样 喜欢 这种 流行 歌曲 ， 但 也 有 一部分 人 不 喜欢 流行 歌曲 。,其中 ， 我 最 喜欢 听 流行 歌曲 种类 中 歌曲 速度 比较 缓慢 、 有 感情 、 能 代表 爱情 种类 的 歌曲 ， 想必 一些 和 我 同 年龄 的 人 ， 也 和 我 一样 喜欢 这种 流行歌曲 ， 但 也 有 一部分 人 不 喜欢 流行歌曲 。,流行 / 歌曲,流行歌曲,75,79,流行歌曲,[77],[],[],[77],"The prediction misses the gold boundary between [流行] and [歌曲], merging them into [流行歌曲].",False,True,,2
60,D,D Direct segmentation,over,由于烟会伤害人们的健康与自然环境。这种小部分的吸烟者应该在某个专门地方吸烟，这样一来也不会影响到别人的健康和自然空气我相信在密集的商业城也好，公园也好等，都会更干净。并对青年们也是一个良好的习惯。,由于吸烟会伤害人们的健康与破坏自然环境，所以那些小部分的吸烟者应该在某个专门的地方吸烟，这样一来不会影响到别人的健康和自然空气。我相信在密集的商业区也好，公园等也好，都会更干净。并且这对青年们来说也是一个良好的习惯。,由于 烟 会 伤害 人们 的 健康 与 自然环境 。 这种 小部分 的 吸烟者 应该 在 某个 专门 地方 吸烟 ， 这样一来 也 不 会 影响 到 别人 的 健康 和 自然 空气 我 相信 在 密集 的 商业城 也好 ， 公园 也好 等 ， 都 会 更 干净 。 并 对 青年 们 也 是 一个 良好 的 习惯 。,由于 烟 会 伤害 人们 的 健康 与 自然环境 。 这种 小 部分 的 吸烟者 应该 在 某个 专门 地方 吸烟 ， 这样一来 也 不 会 影响 到 别人 的 健康 和 自然 空气 我 相信 在 密集 的 商业城 也好 ， 公园 也好 等 ， 都 会 更 干净 。 并 对 青年 们 也 是 一个 良好 的 习惯 。,小部分,小 / 部分,19,22,小部分,[],[20],[20],[],"The prediction inserts an extra boundary inside the gold token [小部分], producing [小 / 部分].",False,False,,1
70,D,D Direct segmentation,over,对公众利益产生的影响也不能忽视。有关调查表明，间接吸烟对身康的危害比吸烟者严重得多。因此，吸烟者为了保护非吸烟者的健康尽量不应该在非吸烟者面前抽烟。,对公众利益产生的影响也不能忽视。有关调查表明，间接吸烟对身体健康的危害比对吸烟者的严重得多。因此，吸烟者为了保护非吸烟者的健康不应该在非吸烟者面前抽烟。,对 公众 利益 产生 的 影响 也 不能 忽视 。 有关 调查 表明 ， 间接 吸烟 对 身 康 的 危害 比 吸烟者 严重 得 多 。 因此 ， 吸烟者 为了 保护 非吸烟者 的 健康 尽量 不 应该 在 非吸烟者 面前 抽烟 。,对 公众 利益 产生 的 影响 也 不 能 忽视 。 有关 调查 表明 ， 间接 吸烟 对 身 康 的 危害 比 吸烟者 严重 得 多 。 因此 ， 吸烟者 为了 保护 非吸烟者 的 健康 尽量 不 应该 在 非吸烟者 面前 抽烟 。,不能,不 / 能,11,13,不能,[],[12],[12],[],"The prediction inserts an extra boundary inside the gold token [不能], producing [不 / 能].",False,False,,1
72,D,D Direct segmentation,under,一听说贵公司正在征聘导游，本人便有意思想加入。,一听说贵公司正在征聘导游，本人便有意愿加入。,一 听说 贵公司 正在 征聘 导游 ， 本人 便 有 意思 想 加入 。,一 听说 贵公司 正在 征聘 导游 ， 本人 便 有意思 想 加入 。,有 / 意思,有意思,16,19,有意思,[17],[],[],[17],"The prediction misses the gold boundary between [有] and [意思], merging them into [有意思].",False,True,,1
73,D,D Direct segmentation,under,现在还是在中国实现父母的学习要求，不知何时可以让他们开心呢？作为一个小孩子，让父母开心是专心学习做为一个成长的人，我该是为他们全心全力地付出全部，因为他们在我们心中是至高无上的父母，不能相比的老师。,[缺失成分]现在还是在中国去满足父母的学习要求，不知何时可以让他们开心呢？作为小孩，让父母开心就是要专心学习，做一个不断成长的人，为他们全心全力地付出，因为他们在我心中既是至高无上的父母，也是旁人不能相比的老师。,现在 还是 在 中国 实现 父母 的 学习 要求 ， 不知 何时 可以 让 他们 开心 呢 ？ 作为 一个 小孩子 ， 让 父母 开心 是 专心 学习 做为 一个 成长 的 人 ， 我 该 是 为 他们 全心全力 地 付出 全部 ， 因为 他们 在 我们 心中 是 至高无上 的 父母 ， 不 能 相比 的 老师 。,现在 还是 在 中国 实现 父母 的 学习 要求 ， 不知 何时 可以 让 他们 开心 呢 ？ 作为 一个 小孩子 ， 让 父母 开心 是 专心 学习 做为 一个 成长 的 人 ， 我 该 是 为 他们 全心全力 地 付出 全部 ， 因为 他们 在 我们 心中 是 至高无上 的 父母 ， 不能 相比 的 老师 。,不 / 能,不能,91,93,不能,[92],[],[],[92],"The prediction misses the gold boundary between [不] and [能], merging them into [不能].",False,False,,1
74,D,D Direct segmentation,over,这样的恶循环没完没了。,这样的恶性循环没完没了。,这样 的 恶循环 没完没了 。,这样 的 恶 循环 没完没了 。,恶循环,恶 / 循环,3,6,恶循环,[],[4],[4],[],"The prediction inserts an extra boundary inside the gold token [恶循环], producing [恶 / 循环].",True,True,,1
94,D,D Direct segmentation,over,其次，吸烟对公众的人也有所影响。他们抽出后的烟，别人会吸收，也跟他们一样受到影响。特别是对小孩子，产妇等一些身体不是很健康，体康力不强的人。,其次，吸烟对公众也有所影响。他们抽出后的烟，别人会吸入，也跟他们一样受到影响。特别是对小孩子、产妇等一些身体不是很健康，抵抗力不强的人。,其次 ， 吸烟 对 公众 的 人 也 有所 影响 。 他们 抽出 后 的 烟 ， 别人 会 吸收 ， 也 跟 他们 一样 受到 影响 。 特别 是 对 小孩子 ， 产妇 等 一些 身体 不 是 很 健康 ， 体康力 不 强 的 人 。,其次 ， 吸烟 对 公众 的 人 也 有所 影响 。 他们 抽出 后 的 烟 ， 别人 会 吸收 ， 也 跟 他们 一样 受到 影响 。 特别 是 对 小孩子 ， 产妇 等 一些 身体 不 是 很 健康 ， 体 康 力 不 强 的 人 。,体康力,体 / 康 / 力,62,65,体康力,[],"[63, 64]","[63, 64]",[],"The prediction inserts an extra boundary inside the gold token [体康力], producing [体 / 康 / 力].",False,False,,1
97,D,D Direct segmentation,over,这座岛屿的形状北到南跟地瓜差不多。因为在“地瓜”的中心北到南都有高山。二十万多人口住在大部分最发过的西海岸。,这座岛屿从北到南的形状跟地瓜差不多。因为在“地瓜”的中心从北到南都有高山。二十多万人口大部分住在最发达的西海岸。,这 座 岛屿 的 形状 北 到 南 跟 地瓜 差不多 。 因为 在 “ 地瓜 ” 的 中心 北 到 南 都 有 高山 。 二十万 多 人口 住 在 大部分 最 发过 的 西 海岸 。,这 座 岛屿 的 形状 北 到 南 跟 地瓜 差不多 。 因为 在 “ 地瓜 ” 的 中心 北 到 南 都 有 高山 。 二十万 多 人口 住 在 大部分 最 发 过 的 西 海岸 。,发过,发 / 过,47,49,发过,[],[48],[48],[],"The prediction inserts an extra boundary inside the gold token [发过], producing [发 / 过].",False,True,,1
109,D,D Direct segmentation,over,父母的一举一动，品格、人格态度足而影响他们的孩子。,父母的一举一动、品格和人格态度足以影响他们的孩子一生。,父母 的 一举一动 ， 品格 、 人格 态度 足而 影响 他们 的 孩子 。,父母 的 一举一动 ， 品格 、 人格 态度 足 而 影响 他们 的 孩子 。,足而,足 / 而,15,17,足而,[],[16],[16],[],"The prediction inserts an extra boundary inside the gold token [足而], producing [足 / 而].",False,True,,1
110,D,D Direct segmentation,under,再举个例子，一位歌手说，他把自己挣的钱的百分之五十献给希望工程，帮助没钱的供他们上学。,再举个例子，一位歌手说，他把自己挣的钱的百分之五十捐给希望工程，帮助没钱的人，供他们上学。,再 举 个 例子 ， 一 位 歌手 说 ， 他 把 自己 挣 的 钱 的 百分之五十 献 给 希望 工程 ， 帮助 没 钱 的 供 他们 上学 。,再 举 个 例子 ， 一 位 歌手 说 ， 他 把 自己 挣 的 钱 的 百分之五十 献给 希望 工程 ， 帮助 没 钱 的 供 他们 上学 。,献 / 给,献给,25,27,献给,[26],[],[],[26],"The prediction misses the gold boundary between [献] and [给], merging them into [献给].",False,True,,1
111,D,D Direct segmentation,under,她有两个姐姐、一个妹妹和西个哥哥。但是，在她的家只有西个养：父母、妹妹和她。他们有四个猫。,她有两个姐姐、一个妹妹和四个哥哥。但是，在她的家里只有四个人养猫：父母、妹妹和她。他们有四只猫。,她 有 两 个 姐姐 、 一个 妹妹 和 西 个 哥哥 。 但是 ， 在 她 的 家 只 有 西 个 养 ： 父母 、 妹妹 和 她 。 他们 有 四 个 猫 。,她 有 两 个 姐姐 、 一个 妹妹 和 西 个 哥哥 。 但是 ， 在 她 的 家 只 有 西个养 ： 父母 、 妹妹 和 她 。 他们 有 四 个 猫 。,西 / 个 / 养,西个养,26,29,西个养,"[27, 28]",[],[],"[27, 28]","The prediction misses the gold boundary between [西] and [个], merging them into [西个养].",False,True,,1
122,D,D Direct segmentation,over,只要把花在绿色食品的钱，寄给饥饿的人民的话，在地球上再也不会出现因饥饿而死的悲惨的事情，让他们找更好的未来。,只要把花在绿色食品的钱，发给饥饿的人民的话，在地球上再也不会出现因饥饿而死的悲惨的事情，给他们更好的未来。,只要 把 花 在 绿色 食品 的 钱 ， 寄给 饥饿 的 人民 的话 ， 在 地球 上 再 也 不 会 出现 因 饥饿 而 死 的 悲惨 的 事情 ， 让 他们 找 更 好 的 未来 。,只要 把 花 在 绿色 食品 的 钱 ， 寄 给 饥饿 的 人民 的话 ， 在 地球 上 再 也 不 会 出现 因 饥饿 而 死 的 悲惨 的 事情 ， 让 他们 找 更 好 的 未来 。,寄给,寄 / 给,12,14,寄给,[],[13],[13],[],"The prediction inserts an extra boundary inside the gold token [寄给], producing [寄 / 给].",False,True,,1
135,D,D Direct segmentation,over,从我的经验来看，我父母很喜欢听音乐，他们无论去哪里都拿着磁带而放音乐。,从我的经验来看，我父母很喜欢听音乐，他们无论去哪里都拿着磁带放音乐。,从 我 的 经验 来看 ， 我 父母 很 喜欢 听 音乐 ， 他们 无论 去 哪里 都 拿 着 磁带 而 放 音乐 。,从 我 的 经验 来 看 ， 我 父母 很 喜欢 听 音乐 ， 他们 无论 去 哪里 都 拿 着 磁带 而 放 音乐 。,来看,来 / 看,5,7,来看,[],[6],[6],[],"The prediction inserts an extra boundary inside the gold token [来看], producing [来 / 看].",False,True,,1
137,D,D Direct segmentation,over,抱着自足自己的情况，像耕农田似的，人们默默地培养自己的人生。,抱着自给自足的心态，像耕农田似的，人们默默地耕耘自己的人生。,抱 着 自足自己 的 情况 ， 像 耕 农田 似的 ， 人们 默默 地 培养 自己 的 人生 。,抱 着 自 足 自己 的 情况 ， 像 耕 农田 似的 ， 人们 默默 地 培养 自己 的 人生 。,自足自己,自 / 足 / 自己,2,6,自足自己,[],"[3, 4]","[3, 4]",[],"The prediction inserts an extra boundary inside the gold token [自足自己], producing [自 / 足 / 自己].",False,True,,1
153,D,D Direct segmentation,over,久后，我不想是律师。律师有多收入，但是我不喜欢法学。我不想做这个工作，因为我不想多收入。我想做好工作。有人说：金钱难买幸福，但它不无小補。,日后，我不想做律师。律师有高收入，但是我不喜欢法学。我不想做这个工作，因为我不想要高收入，我只想做好工作，然而有人说：“金钱难买幸福，但它不无作用。”,久后 ， 我 不 想 是 律师 。 律师 有 多 收入 ， 但是 我 不 喜欢 法学 。 我 不 想 做 这个 工作 ， 因为 我 不 想 多 收入 。 我 想 做 好 工作 。 有 人 说 ： 金钱 难 买 幸福 ， 但 它 不无 小補 。,久 后 ， 我 不 想 是 律师 。 律师 有 多 收入 ， 但是 我 不 喜欢 法学 。 我 不 想 做 这个 工作 ， 因为 我 不 想 多 收入 。 我 想 做 好 工作 。 有 人 说 ： 金钱 难 买 幸福 ， 但 它 不无 小 補 。,久后,久 / 后,0,2,久后,[],[1],[1],[],"The prediction inserts an extra boundary inside the gold token [久后], producing [久 / 后].",False,True,,1
153,D,D Direct segmentation,over,久后，我不想是律师。律师有多收入，但是我不喜欢法学。我不想做这个工作，因为我不想多收入。我想做好工作。有人说：金钱难买幸福，但它不无小補。,日后，我不想做律师。律师有高收入，但是我不喜欢法学。我不想做这个工作，因为我不想要高收入，我只想做好工作，然而有人说：“金钱难买幸福，但它不无作用。”,久后 ， 我 不 想 是 律师 。 律师 有 多 收入 ， 但是 我 不 喜欢 法学 。 我 不 想 做 这个 工作 ， 因为 我 不 想 多 收入 。 我 想 做 好 工作 。 有 人 说 ： 金钱 难 买 幸福 ， 但 它 不无 小補 。,久 后 ， 我 不 想 是 律师 。 律师 有 多 收入 ， 但是 我 不 喜欢 法学 。 我 不 想 做 这个 工作 ， 因为 我 不 想 多 收入 。 我 想 做 好 工作 。 有 人 说 ： 金钱 难 买 幸福 ， 但 它 不无 小 補 。,小補,小 / 補,66,68,小補,[],[67],[67],[],"The prediction inserts an extra boundary inside the gold token [小補], producing [小 / 補].",False,True,,2
160,D,D Direct segmentation,under,但是人们只能看农药的不好处。,但是人们只能看到农药的不好之处。,但是 人们 只能 看 农药 的 不好 处 。,但是 人们 只能 看 农药 的 不好处 。,不好 / 处,不好处,10,13,不好处,[12],[],[],[12],"The prediction misses the gold boundary between [不好] and [处], merging them into [不好处].",True,True,,1
166,D,D Direct segmentation,over,而且最近肥胖的人越来越增长，要减肥的人越来数多。这都是生活丰盛带来的一种社会现象。,而且最近肥胖的人越来越多，要减肥的人也越来越多。这都是生活富足带来的一种社会现象。,而且 最近 肥胖 的 人 越来越 增长 ， 要 减肥 的 人 越来数 多 。 这 都 是 生活 丰盛 带来 的 一 种 社会 现象 。,而且 最近 肥胖 的 人 越来越 增长 ， 要 减肥 的 人 越来 数 多 。 这 都 是 生活 丰盛 带来 的 一 种 社会 现象 。,越来数,越来 / 数,19,22,越来数,[],[21],[21],[],"The prediction inserts an extra boundary inside the gold token [越来数], producing [越来 / 数].",False,True,,1
172,D,D Direct segmentation,over,不是请假，而且不上课、不上班、没有学习、没有工作那样的人是一种病。,不只请假，而且不上课、不上班、不学习、没有工作那样的人是一种病。,不是 请假 ， 而且 不 上课 、 不 上班 、 没有 学习 、 没有 工作 那样 的 人 是 一 种 病 。,不 是 请假 ， 而且 不 上课 、 不 上班 、 没有 学习 、 没有 工作 那样 的 人 是 一 种 病 。,不是,不 / 是,0,2,不是,[],[1],[1],[],"The prediction inserts an extra boundary inside the gold token [不是], producing [不 / 是].",False,True,,1
174,D,D Direct segmentation,over,我要介绍我的最的朋友。她是一个中国人，我们有共同语言，我们都喜欢做得饭，喜欢常客，喜欢看书和看电影。她性格内向，可是她很幽默。一般来说，我们常常不见面，因为她住在洛桑，但是我们每个晚上打电话。我希望她是我的永远朋友。,我要介绍我最好的朋友。她是一个中国人，我们有共同语言，我们都喜欢做饭，喜欢唱歌，喜欢看书和看电影。她性格内向，可是她很幽默。一般来说，我们不常常见面，因为她住在洛桑，但是我们每个晚上都打电话。我希望她会是我永远的朋友。,我 要 介绍 我 的 最 的 朋友 。 她 是 一个 中国 人 ， 我们 有 共同语言 ， 我们 都 喜欢 做得饭 ， 喜欢 常客 ， 喜欢 看 书 和 看 电影 。 她 性格 内向 ， 可是 她 很 幽默 。 一般来说 ， 我们 常常 不 见面 ， 因为 她 住 在 洛桑 ， 但是 我们 每个 晚上 打电话 。 我 希望 她 是 我 的 永远 朋友 。,我 要 介绍 我 的 最 的 朋友 。 她 是 一个 中国 人 ， 我们 有 共同语言 ， 我们 都 喜欢 做 得 饭 ， 喜欢 常客 ， 喜欢 看 书 和 看 电影 。 她 性格 内向 ， 可是 她 很 幽默 。 一般来说 ， 我们 常常 不 见面 ， 因为 她 住 在 洛桑 ， 但是 我们 每个 晚上 打电话 。 我 希望 她 是 我 的 永远 朋友 。,做得饭,做 / 得 / 饭,32,35,做得饭,[],"[33, 34]","[33, 34]",[],"The prediction inserts an extra boundary inside the gold token [做得饭], producing [做 / 得 / 饭].",False,False,,1
184,D,D Direct segmentation,over,因为在每一个孩子的成长阶段，父母是培养孩子的主异人，大多数的时间都与父母生活在一起，从幼儿时期到成年之前时时刻刻都离不开父母，在学习他们的一举一动，这都对孩子今后的思想、性格和爱好等也起着正负面的影响。,因为在孩子成长的每一个阶段，父母都是培养孩子的主导人。孩子大多数的时间都与父母生活在一起，从幼儿时期到成年之前时时刻刻都离不开父母，都在学习他们的一举一动，这都对孩子今后的思想、性格和爱好等起着正负面的影响。,因为 在 每 一个 孩子 的 成长 阶段 ， 父母 是 培养 孩子 的 主异 人 ， 大多数 的 时间 都 与 父母 生活 在 一起 ， 从 幼儿 时期 到 成年 之前 时时刻刻 都 离 不 开 父母 ， 在 学习 他们 的 一举一动 ， 这 都 对 孩子 今后 的 思想 、 性格 和 爱好 等 也 起 着 正负面 的 影响 。,因为 在 每 一个 孩子 的 成长 阶段 ， 父母 是 培养 孩子 的 主 异 人 ， 大多数 的 时间 都 与 父母 生活 在 一起 ， 从 幼儿 时期 到 成年 之前 时时刻刻 都 离 不 开 父母 ， 在 学习 他们 的 一举一动 ， 这 都 对 孩子 今后 的 思想 、 性格 和 爱好 等 也 起 着 正负面 的 影响 。,主异,主 / 异,22,24,主异,[],[23],[23],[],"The prediction inserts an extra boundary inside the gold token [主异], producing [主 / 异].",False,False,,1
202,D,D Direct segmentation,drift,如果贵公司肯聘请我，信相对你们来说是百利而无一弊的。,如果贵公司肯聘请我，我相信对你们来说是有百利而无一弊的。,如果 贵 公司 肯 聘请 我 ， 信相 对 你们 来说 是 百 利而 无一弊 的 。,如果 贵 公司 肯 聘请 我 ， 信 相对 你们 来说 是 百利而 无 一弊 的 。,信相 / 对,信 / 相对,10,13,信相对,[12],[11],[11],[12],"The prediction places a boundary at offset [11] instead of the gold offset [12], resulting in a shifted local segmentation.",False,True,,1
202,D,D Direct segmentation,under,如果贵公司肯聘请我，信相对你们来说是百利而无一弊的。,如果贵公司肯聘请我，我相信对你们来说是有百利而无一弊的。,如果 贵 公司 肯 聘请 我 ， 信相 对 你们 来说 是 百 利而 无一弊 的 。,如果 贵 公司 肯 聘请 我 ， 信 相对 你们 来说 是 百利而 无 一弊 的 。,百 / 利而,百利而,18,21,百利而,[19],[],[],[19],"The prediction misses the gold boundary between [百] and [利而], merging them into [百利而].",False,True,,2
202,D,D Direct segmentation,over,如果贵公司肯聘请我，信相对你们来说是百利而无一弊的。,如果贵公司肯聘请我，我相信对你们来说是有百利而无一弊的。,如果 贵 公司 肯 聘请 我 ， 信相 对 你们 来说 是 百 利而 无一弊 的 。,如果 贵 公司 肯 聘请 我 ， 信 相对 你们 来说 是 百利而 无 一弊 的 。,无一弊,无 / 一弊,21,24,无一弊,[],[22],[22],[],"The prediction inserts an extra boundary inside the gold token [无一弊], producing [无 / 一弊].",False,True,,3
209,D,D Direct segmentation,over,所以，如果你要流利地谈外语话，你必该练习口语。,所以，如果你要流利地说外语，你必须练习口语。,所以 ， 如果 你 要 流利 地 谈 外语 话 ， 你 必该 练习 口语 。,所以 ， 如果 你 要 流利 地 谈 外语 话 ， 你 必 该 练习 口语 。,必该,必 / 该,16,18,必该,[],[17],[17],[],"The prediction inserts an extra boundary inside the gold token [必该], producing [必 / 该].",False,True,,1
211,D,D Direct segmentation,under,交朋友的时后，很可能会碰到矛盾。那么在这段时间我们就可以知道这两个人真不真是朋友。如果能过这个矛盾，那么就是真正的朋友。,交朋友的时候，很可能会碰到矛盾。那么在这段时间我们就可以知道这两个人是不是真朋友。如果能解决这个矛盾，那么就是真正的朋友。,交 朋友 的 时后 ， 很 可能 会 碰到 矛盾 。 那么 在 这 段 时间 我们 就 可以 知道 这 两 个 人 真 不 真 是 朋友 。 如果 能 过 这个 矛盾 ， 那么 就 是 真正 的 朋友 。,交朋友 的 时后 ， 很 可能 会 碰到 矛盾 。 那么 在 这 段 时间 我们 就 可以 知道 这 两 个 人 真 不 真 是 朋友 。 如果 能 过 这个 矛盾 ， 那么 就 是 真正 的 朋友 。,交 / 朋友,交朋友,0,3,交朋友,[1],[],[],[1],"The prediction misses the gold boundary between [交] and [朋友], merging them into [交朋友].",False,True,,1
219,D,D Direct segmentation,over,她的男朋友是她的学生的哥哥，他通过妹妹而知知她。,她的男朋友是她的学生的哥哥，他通过妹妹而知道她。,她 的 男朋友 是 她 的 学生 的 哥哥 ， 他 通过 妹妹 而 知知 她 。,她 的 男朋友 是 她 的 学生 的 哥哥 ， 他 通过 妹妹 而 知 知 她 。,知知,知 / 知,20,22,知知,[],[21],[21],[],"The prediction inserts an extra boundary inside the gold token [知知], producing [知 / 知].",False,True,,1
220,D,D Direct segmentation,over,它是未经这化肥和农药以及防腐剂的食品，对人体没有害处。吃了当然很好，不过这样使农体物的产量大大的降低。现在世界上有几亿人缺少粮食而挨饿。,它是未使用化肥、农药以及防腐剂的食品，对人体没有害处。吃了当然很好，不过这样使农作物的产量大大地降低。现在世界上有几亿人因缺少粮食而挨饿。,它 是 未 经 这 化肥 和 农药 以及 防腐剂 的 食品 ， 对 人体 没有 害处 。 吃 了 当然 很 好 ， 不过 这样 使 农体物 的 产量 大大 的 降低 。 现在 世界 上 有 几亿 人 缺少 粮食 而 挨饿 。,它 是 未 经 这 化肥 和 农药 以及 防腐剂 的 食品 ， 对 人体 没有 害处 。 吃 了 当然 很 好 ， 不过 这样 使 农体 物 的 产量 大大 的 降低 。 现在 世界 上 有 几亿 人 缺少 粮食 而 挨饿 。,农体物,农体 / 物,39,42,农体物,[],[41],[41],[],"The prediction inserts an extra boundary inside the gold token [农体物], producing [农体 / 物].",False,True,,1
236,D,D Direct segmentation,over,消息说现在在公共场所抽烟的地方越来越少，但我想这样根本不可以减小抽烟的人数。现在社会里的问题是青少年的抽烟，他们明明知道抽烟对身体不好他们为什么还要抽呢？,有消息说现在公共场所可以抽烟的地方越来越少，但我想这样根本不可以减少抽烟的人数。现在社会里的问题是青少年的抽烟，他们明明知道抽烟对身体不好，他们为什么还要抽呢？,消息 说 现在 在 公共场所 抽烟 的 地方 越来越 少 ， 但 我 想 这样 根本 不 可以 减小 抽烟 的 人数 。 现在 社会 里 的 问题 是 青少年 的 抽烟 ， 他们 明明 知道 抽烟 对 身体 不好 他们 为什么 还要 抽 呢 ？,消息 说 现在 在 公共场所 抽烟 的 地方 越来越 少 ， 但 我 想 这样 根本 不 可以 减 小 抽烟 的 人数 。 现在 社会 里 的 问题 是 青少年 的 抽烟 ， 他们 明明 知道 抽烟 对 身体 不好 他们 为什么 还要 抽 呢 ？,减小,减 / 小,30,32,减小,[],[31],[31],[],"The prediction inserts an extra boundary inside the gold token [减小], producing [减 / 小].",False,True,,1
238,D,D Direct segmentation,over,世界上有越来越多，越来越狠的灾害。有台风、暴雨、沙暴、地震等等。这是因为人破坏了自然坏境。人们为了自己生活很舒服破坏了自然环境。,世界上有越来越多、越来越严重的灾害。有台风、暴雨、沙暴、地震等等。这是因为人破坏了自然环境。人们为了自己生活得舒服破坏了自然环境。,世界 上 有 越来越 多 ， 越来越 狠 的 灾害 。 有 台风 、 暴雨 、 沙暴 、 地震 等等 。 这 是 因为 人 破坏 了 自然坏境 。 人们 为了 自己 生活 很 舒服 破坏 了 自然环境 。,世界 上 有 越来越 多 ， 越来越 狠 的 灾害 。 有 台风 、 暴雨 、 沙暴 、 地震 等等 。 这 是 因为 人 破坏 了 自然 坏境 。 人们 为了 自己 生活 很 舒服 破坏 了 自然环境 。,自然坏境,自然 / 坏境,40,44,自然坏境,[],[42],[42],[],"The prediction inserts an extra boundary inside the gold token [自然坏境], producing [自然 / 坏境].",False,True,,1
242,D,D Direct segmentation,over,至令我没看过那么美丽的风景。,至今我没看到过那么美丽的风景。,至令 我 没 看 过 那么 美丽 的 风景 。,至 令 我 没 看 过 那么 美丽 的 风景 。,至令,至 / 令,0,2,至令,[],[1],[1],[],"The prediction inserts an extra boundary inside the gold token [至令], producing [至 / 令].",True,True,,1
244,D,D Direct segmentation,over,至于说到阅读的方法，我是每遇上不认识的字时，我都要先查看字典，将此字记在本子上，并加上汉语拼音、注释。记的多了，还得另抽时间专学习这些记在本子上的生字、生词。这样，日于继月，我也觉得能从中学到不少的知识。,至于阅读的方法，我是每遇上不认识的字时，我都要先查看字典，将此字记在本子上，并加上汉语拼音、注释。记的多了，还得另抽时间专门学习这些记在本子上的生字、生词。这样，夜以继日，我觉得能从中学到不少的知识。,至于 说 到 阅读 的 方法 ， 我 是 每 遇 上 不 认识 的 字 时 ， 我 都 要 先 查看 字典 ， 将 此 字 记 在 本子 上 ， 并 加上 汉语拼音 、 注释 。 记 的 多 了 ， 还 得 另 抽 时间 专 学习 这些 记 在 本子 上 的 生字 、 生词 。 这样 ， 日于继月 ， 我 也 觉得 能 从中 学 到 不少 的 知识 。,至于 说 到 阅读 的 方法 ， 我 是 每 遇 上 不 认识 的 字 时 ， 我 都 要 先 查看 字典 ， 将 此 字 记 在 本子 上 ， 并 加上 汉语拼音 、 注释 。 记 的 多 了 ， 还 得 另 抽 时间 专 学习 这些 记 在 本子 上 的 生字 、 生词 。 这样 ， 日 于 继 月 ， 我 也 觉得 能 从中 学 到 不少 的 知识 。,日于继月,日 / 于 / 继 / 月,82,86,日于继月,[],"[83, 84, 85]","[83, 84, 85]",[],"The prediction inserts an extra boundary inside the gold token [日于继月], producing [日 / 于 / 继 / 月].",False,False,,1
249,D,D Direct segmentation,under,对待男人和女人的问题上，我觉得男人应该有男人午点，有责任感，有安全感，有事业心。,对待男人和女人的问题上，我觉得男人应该有男人味点，有责任感，有安全感，有事业心。,对待 男人 和 女人 的 问题 上 ， 我 觉得 男人 应该 有 男人 午 点 ， 有 责任感 ， 有 安全感 ， 有 事业心 。,对待 男人 和 女人 的 问题 上 ， 我 觉得 男人 应该 有 男人 午点 ， 有 责任感 ， 有 安全感 ， 有 事业心 。,午 / 点,午点,22,24,午点,[23],[],[],[23],"The prediction misses the gold boundary between [午] and [点], merging them into [午点].",False,True,,1
251,D,D Direct segmentation,over,如今除了少数老人以外，果然谁都会讲标准的汉语。因此，很多人叫汉语为“国语”。此外，大数量岛民英语讲得很好。,如今除了少数老人以外，几乎谁都会讲标准的汉语。因此，很多人叫汉语为“国语”。此外，大多数岛民英语讲得很好。,如今 除了 少数 老人 以外 ， 果然 谁 都 会 讲 标准 的 汉语 。 因此 ， 很多 人 叫 汉语 为 “ 国语 ” 。 此外 ， 大数量 岛民 英语 讲 得 很 好 。,如今 除了 少数 老人 以外 ， 果然 谁 都 会 讲 标准 的 汉语 。 因此 ， 很多 人 叫 汉语 为 “ 国语 ” 。 此外 ， 大 数量 岛民 英语 讲 得 很 好 。,大数量,大 / 数量,41,44,大数量,[],[42],[42],[],"The prediction inserts an extra boundary inside the gold token [大数量], producing [大 / 数量].",False,True,,1
254,D,D Direct segmentation,over,上次考试我的了初级5。,上次考试我得了初级5。,上次 考试 我 的了 初级 5 。,上次 考试 我 的 了 初级 5 。,的了,的 / 了,5,7,的了,[],[6],[6],[],"The prediction inserts an extra boundary inside the gold token [的了], producing [的 / 了].",True,True,,1
264,D,D Direct segmentation,over,因为要是在学习方面，女生比男生好，女生会努力学，但男生不那么努力，只有少些男生会努力。那是说他们有没有自己的目标，要是有的话，他们会努力学习，实现目标，但是很少。要是家长害怕学生有早恋，可以把自己的经验告诉学生。,因为要是在学习方面，女生比男生好，女生会努力学，但男生不那么努力，只有少数男生会努力。那就是说他们有没有自己的目标，要是有的话，他们会努力学习，实现目标，但是很少。要是家长害怕学生早恋，可以把自己的经验告诉学生。,因为 要是 在 学习 方面 ， 女生 比 男生 好 ， 女生 会 努力 学 ， 但 男生 不 那么 努力 ， 只有 少 些 男生 会 努力 。 那是说 他们 有 没 有 自己 的 目标 ， 要是 有 的话 ， 他们 会 努力 学习 ， 实现 目标 ， 但是 很 少 。 要是 家长 害怕 学生 有 早恋 ， 可以 把 自己 的 经验 告诉 学生 。,因为 要是 在 学习 方面 ， 女生 比 男生 好 ， 女生 会 努力 学 ， 但 男生 不 那么 努力 ， 只有 少 些 男生 会 努力 。 那 是 说 他们 有 没 有 自己 的 目标 ， 要是 有 的话 ， 他们 会 努力 学习 ， 实现 目标 ， 但是 很 少 。 要是 家长 害怕 学生 有 早恋 ， 可以 把 自己 的 经验 告诉 学生 。,那是说,那 / 是 / 说,43,46,那是说,[],"[44, 45]","[44, 45]",[],"The prediction inserts an extra boundary inside the gold token [那是说], producing [那 / 是 / 说].",False,False,,1
280,D,D Direct segmentation,over,当这两位情人相见在一个浪漫的场所下，清谈起你与我的人生，交流着各人的经历，一唱一合的欢心就像这两位情人重新体验了人生。,当这两位情人相见在一个浪漫的场所下，谈论起你与我的人生，交流着各人的经历，一唱一和得就像这两位情人重新体验了人生。,当 这 两 位 情人 相见 在 一个 浪漫 的 场所 下 ， 清谈 起 你 与 我 的 人生 ， 交流 着 各人 的 经历 ， 一唱一合 的 欢心 就 像 这 两 位 情人 重新 体验 了 人生 。,当 这 两 位 情人 相见 在 一个 浪漫 的 场所 下 ， 清谈 起 你 与 我 的 人生 ， 交流 着 各人 的 经历 ， 一 唱 一 合 的 欢心 就 像 这 两 位 情人 重新 体验 了 人生 。,一唱一合,一 / 唱 / 一 / 合,37,41,一唱一合,[],"[38, 39, 40]","[38, 39, 40]",[],"The prediction inserts an extra boundary inside the gold token [一唱一合], producing [一 / 唱 / 一 / 合].",False,True,,1
286,D,D Direct segmentation,over,我本生喜欢听流行歌曲。,我本身喜欢听流行歌曲。,我 本生 喜欢 听 流行歌曲 。,我 本生 喜欢 听 流行 歌曲 。,流行歌曲,流行 / 歌曲,6,10,流行歌曲,[],[8],[8],[],"The prediction inserts an extra boundary inside the gold token [流行歌曲], producing [流行 / 歌曲].",True,True,,1
298,D,D Direct segmentation,over,众所之知，吸烟对人类健康弊于和大的不良习惯。目前市政府决定禁止在公共场所上的吸烟行为，我积极的赞成。,众所周知，吸烟是对人类健康弊大于利的不良习惯。目前市政府决定禁止在公共场所吸烟，我积极地赞成这项决定。,众所之知 ， 吸烟 对 人类 健康 弊 于 和 大 的 不良 习惯 。 目前 市政府 决定 禁止 在 公共场所 上 的 吸烟 行为 ， 我 积极 的 赞成 。,众 所 之 知 ， 吸烟 对 人类 健康 弊 于 和 大 的 不良 习惯 。 目前 市政府 决定 禁止 在 公共场所 上 的 吸烟 行为 ， 我 积极 的 赞成 。,众所之知,众 / 所 / 之 / 知,0,4,众所之知,[],"[1, 2, 3]","[1, 2, 3]",[],"The prediction inserts an extra boundary inside the gold token [众所之知], producing [众 / 所 / 之 / 知].",False,False,,1
305,D,D Direct segmentation,over,但是这些流行歌的作者都没有一定的创造信。他们写的都是一样的内容都是一样的：不是“我爱你”就是“你爱我”或者就是“你为什么不爱我？”除了这些很简单的内容以外不会有其它的更有意义的。,但是这些流行歌的作者都没有一定的创造力，他们写的内容都是一样的：不是“我爱你”就是“你爱我”，或者就是“你为什么不爱我？”除了这些很简单的内容以外不会有其它的更有意义的内容。,但是 这些 流行歌 的 作者 都 没有 一定 的 创造信 。 他们 写 的 都 是 一样 的 内容 都 是 一样 的 ： 不 是 “ 我 爱 你 ” 就是 “ 你 爱 我 ” 或者 就是 “ 你 为什么 不 爱 我 ？ ” 除了 这些 很 简单 的 内容 以外 不 会 有 其它 的 更 有 意义 的 。,但是 这些 流行歌 的 作者 都 没有 一定 的 创造 信 。 他们 写 的 都 是 一样 的 内容 都 是 一样 的 ： 不 是 “ 我 爱 你 ” 就是 “ 你 爱 我 ” 或者 就是 “ 你 为什么 不 爱 我 ？ ” 除了 这些 很 简单 的 内容 以外 不 会 有 其它 的 更 有 意义 的 。,创造信,创造 / 信,16,19,创造信,[],[18],[18],[],"The prediction inserts an extra boundary inside the gold token [创造信], producing [创造 / 信].",False,False,,1
306,D,D Direct segmentation,over,一个塑料瓶，你随便它的时候，有可能要等几下年，它才会自然地灭掉。,一个塑料瓶，你随便扔它的时候，有可能要等好几年，它才会自然地毁灭掉。,一个 塑料瓶 ， 你 随便 它 的 时候 ， 有 可能 要 等 几下 年 ， 它 才 会 自然 地 灭 掉 。,一个 塑料瓶 ， 你 随便 它 的 时候 ， 有 可能 要 等 几 下 年 ， 它 才 会 自然 地 灭 掉 。,几下,几 / 下,19,21,几下,[],[20],[20],[],"The prediction inserts an extra boundary inside the gold token [几下], producing [几 / 下].",False,True,,1
307,D,D Direct segmentation,under,每天下课了以后他陪同我回家。他又幽默又烦人。有的时候他玩笑、说噱头、做可笑的手势。但是还有的时候他说不真的事，做坏的玩笑、说粗话。,每天下课以后他陪我回家。他又幽默又烦人。有的时候他开玩笑、说大话、做可笑的手势。但是还有的时候他说不真实的事、开不好的玩笑、说粗话。,每天 下课 了 以后 他 陪同 我 回家 。 他 又 幽默 又 烦人 。 有的 时候 他 玩笑 、 说 噱头 、 做 可笑 的 手势 。 但是 还 有 的 时候 他 说 不 真 的 事 ， 做 坏 的 玩笑 、 说 粗话 。,每天 下课 了 以后 他 陪同 我 回家 。 他 又 幽默 又 烦人 。 有的 时候 他 玩笑 、 说 噱头 、 做 可笑 的 手势 。 但是 还 有的 时候 他 说 不 真 的 事 ， 做 坏 的 玩笑 、 说 粗话 。,有 / 的,有的,44,46,有的,[45],[],[],[45],"The prediction misses the gold boundary between [有] and [的], merging them into [有的].",False,True,,1
314,D,D Direct segmentation,over,再说愚公是很好的英雄，因为他非常聪明，他知想他的家继他的计划。,再说愚公是很好的英雄，因为他非常聪明，他知道他的家人会继续他的计划。,再说 愚公 是 很 好 的 英雄 ， 因为 他 非常 聪明 ， 他 知想 他 的 家 继 他 的 计划 。,再说 愚公 是 很 好 的 英雄 ， 因为 他 非常 聪明 ， 他 知 想 他 的 家 继 他 的 计划 。,知想,知 / 想,20,22,知想,[],[21],[21],[],"The prediction inserts an extra boundary inside the gold token [知想], producing [知 / 想].",False,True,,1
323,D,D Direct segmentation,over,我走得慢一点以外没法躲那烟。像这样的事不是第一次。对不吸咽的人来说，烟的味道真难受的。,我除了走得慢一点以外没法躲那烟。像这样的事不是第一次。对不吸咽的人来说，烟的味道真让人难受。,我 走 得 慢 一点 以外 没法 躲 那 烟 。 像 这样 的 事 不 是 第一 次 。 对 不 吸咽 的 人 来说 ， 烟 的 味道 真 难受 的 。,我 走 得 慢 一点 以外 没法 躲 那 烟 。 像 这样 的 事 不 是 第一 次 。 对 不 吸 咽 的 人 来说 ， 烟 的 味道 真 难受 的 。,吸咽,吸 / 咽,27,29,吸咽,[],[28],[28],[],"The prediction inserts an extra boundary inside the gold token [吸咽], producing [吸 / 咽].",False,True,,1
328,D,D Direct segmentation,over,我高中生时我一年学习了汉语，但我都忘了。然而在上海时我逐渐记起来一些汉语的句字。,我高中时学习了一年汉语，但我都忘了。然而在上海时我逐渐记起来一些汉语的句子。,我 高中生 时 我 一 年 学习 了 汉语 ， 但 我 都 忘 了 。 然而 在 上海 时 我 逐渐 记 起来 一些 汉语 的 句字 。,我 高中生 时 我 一 年 学习 了 汉语 ， 但 我 都 忘 了 。 然而 在 上海 时 我 逐渐 记 起来 一些 汉语 的 句 字 。,句字,句 / 字,37,39,句字,[],[38],[38],[],"The prediction inserts an extra boundary inside the gold token [句字], producing [句 / 字].",False,True,,1
338,D,D Direct segmentation,over,我小的时候，去过许多外国国家，不但欧洲的国，例如意大利、德国、法国、英国，等等，而且日本和韩国。虽然那些地头都对游人来说很流行，但是有很多我不要的不利条件，赤即最腻歪的是车水马送龙。因为在农村里活空气又闷沉闷沉，对呼吸不好。,我小的时候，去过许多外国国家，不仅有欧洲的国家，例如意大利、德国、法国、英国等等，而且有日本和韩国。虽然那些地方都对游客来说很流行，但是有很多我不喜欢的不利条件，最严重的即是车水马龙。因为在农村里生活，空气又闷闷沉沉，对呼吸不好。,我 小 的 时候 ， 去 过 许多 外国 国家 ， 不但 欧洲 的 国 ， 例如 意大利 、 德国 、 法国 、 英国 ， 等等 ， 而且 日本 和 韩国 。 虽然 那些 地头 都 对 游人 来说 很 流行 ， 但是 有 很多 我 不 要 的 不利 条件 ， 赤 即 最 腻歪 的 是 车水马送龙 。 因为 在 农村 里 活 空气 又 闷沉闷沉 ， 对 呼吸 不好 。,我 小 的 时候 ， 去 过 许多 外国 国家 ， 不但 欧洲 的 国 ， 例如 意大利 、 德国 、 法国 、 英国 ， 等等 ， 而且 日本 和 韩国 。 虽然 那些 地头 都 对 游人 来说 很 流行 ， 但是 有 很多 我 不 要 的 不利 条件 ， 赤 即 最 腻歪 的 是 车水马送 龙 。 因为 在 农村 里 活 空气 又 闷沉 闷 沉 ， 对 呼吸 不好 。,车水马送龙,车水马送 / 龙,85,90,车水马送龙,[],[89],[89],[],"The prediction inserts an extra boundary inside the gold token [车水马送龙], producing [车水马送 / 龙].",False,False,,1
338,D,D Direct segmentation,over,我小的时候，去过许多外国国家，不但欧洲的国，例如意大利、德国、法国、英国，等等，而且日本和韩国。虽然那些地头都对游人来说很流行，但是有很多我不要的不利条件，赤即最腻歪的是车水马送龙。因为在农村里活空气又闷沉闷沉，对呼吸不好。,我小的时候，去过许多外国国家，不仅有欧洲的国家，例如意大利、德国、法国、英国等等，而且有日本和韩国。虽然那些地方都对游客来说很流行，但是有很多我不喜欢的不利条件，最严重的即是车水马龙。因为在农村里生活，空气又闷闷沉沉，对呼吸不好。,我 小 的 时候 ， 去 过 许多 外国 国家 ， 不但 欧洲 的 国 ， 例如 意大利 、 德国 、 法国 、 英国 ， 等等 ， 而且 日本 和 韩国 。 虽然 那些 地头 都 对 游人 来说 很 流行 ， 但是 有 很多 我 不 要 的 不利 条件 ， 赤 即 最 腻歪 的 是 车水马送龙 。 因为 在 农村 里 活 空气 又 闷沉闷沉 ， 对 呼吸 不好 。,我 小 的 时候 ， 去 过 许多 外国 国家 ， 不但 欧洲 的 国 ， 例如 意大利 、 德国 、 法国 、 英国 ， 等等 ， 而且 日本 和 韩国 。 虽然 那些 地头 都 对 游人 来说 很 流行 ， 但是 有 很多 我 不 要 的 不利 条件 ， 赤 即 最 腻歪 的 是 车水马送 龙 。 因为 在 农村 里 活 空气 又 闷沉 闷 沉 ， 对 呼吸 不好 。,闷沉闷沉,闷沉 / 闷 / 沉,101,105,闷沉闷沉,[],"[103, 104]","[103, 104]",[],"The prediction inserts an extra boundary inside the gold token [闷沉闷沉], producing [闷沉 / 闷 / 沉].",False,False,,2
346,D,D Direct segmentation,over,我们一起作了很多东西。我觉得她的脾气很好。她也是非常诚实，幽默，开朗和外向。她的爱好是：运动，旅行，看书和吃饭。但是她不太喜欢作饭，所以我们常常去饭店吃饭。,我们一起做了很多东西。我觉得她的脾气很好。她也非常诚实、幽默、开朗和外向。她的爱好是：运动、旅行、看书和吃饭。但是她不太喜欢做饭，所以我们常常去饭店吃饭。,我们 一起 作 了 很多 东西 。 我 觉得 她 的 脾气 很 好 。 她 也 是 非常 诚实 ， 幽默 ， 开朗 和 外向 。 她 的 爱好 是 ： 运动 ， 旅行 ， 看 书 和 吃饭 。 但是 她 不 太 喜欢 作饭 ， 所以 我们 常常 去 饭店 吃饭 。,我们 一起 作 了 很多 东西 。 我 觉得 她 的 脾气 很 好 。 她 也 是 非常 诚实 ， 幽默 ， 开朗 和 外向 。 她 的 爱好 是 ： 运动 ， 旅行 ， 看 书 和 吃饭 。 但是 她 不 太 喜欢 作 饭 ， 所以 我们 常常 去 饭店 吃饭 。,作饭,作 / 饭,63,65,作饭,[],[64],[64],[],"The prediction inserts an extra boundary inside the gold token [作饭], producing [作 / 饭].",False,True,,1
354,D,D Direct segmentation,under,在流行歌曲里我不能找到音乐的美丽，歌词的魅力，听它的时候我没什么感觉，只有人造的无议音调。,我不能在流行歌曲里找到音乐的美丽，歌词的魅力，所以听它的时候我没什么感觉，感觉只有人造的无意义的音调。,在 流行 歌曲 里 我 不 能 找到 音乐 的 美丽 ， 歌词 的 魅力 ， 听 它 的 时候 我 没 什么 感觉 ， 只有 人造 的 无 议 音调 。,在 流行歌曲 里 我 不 能 找到 音乐 的 美丽 ， 歌词 的 魅力 ， 听 它 的 时候 我 没什么 感觉 ， 只有 人造 的 无 议 音调 。,流行 / 歌曲,流行歌曲,1,5,流行歌曲,[3],[],[],[3],"The prediction misses the gold boundary between [流行] and [歌曲], merging them into [流行歌曲].",False,True,,1
354,D,D Direct segmentation,under,在流行歌曲里我不能找到音乐的美丽，歌词的魅力，听它的时候我没什么感觉，只有人造的无议音调。,我不能在流行歌曲里找到音乐的美丽，歌词的魅力，所以听它的时候我没什么感觉，感觉只有人造的无意义的音调。,在 流行 歌曲 里 我 不 能 找到 音乐 的 美丽 ， 歌词 的 魅力 ， 听 它 的 时候 我 没 什么 感觉 ， 只有 人造 的 无 议 音调 。,在 流行歌曲 里 我 不 能 找到 音乐 的 美丽 ， 歌词 的 魅力 ， 听 它 的 时候 我 没什么 感觉 ， 只有 人造 的 无 议 音调 。,没 / 什么,没什么,29,32,没什么,[30],[],[],[30],"The prediction misses the gold boundary between [没] and [什么], merging them into [没什么].",False,True,,2
363,D,D Direct segmentation,over,服兵役的时候，他到底可以统率别人了，所以他又自言又高兴。如果高位人吩咐别人只是因为喜欢权力，那么为年轻人并不是成熟的一个好例子。,服兵役的时候，他就可以统率别人了，所以他又自豪又高兴。如果高位人吩咐别人只是因为喜欢权力，那么作为年轻人并不是成熟的一个好例子。,服 兵役 的 时候 ， 他 到底 可以 统率 别人 了 ， 所以 他 又 自言 又 高兴 。 如果 高位 人 吩咐 别人 只是 因为 喜欢 权力 ， 那么 为 年轻人 并 不 是 成熟 的 一个 好 例子 。,服 兵役 的 时候 ， 他 到底 可以 统率 别人 了 ， 所以 他 又 自 言 又 高兴 。 如果 高位 人 吩咐 别人 只是 因为 喜欢 权力 ， 那么 为 年轻人 并 不 是 成熟 的 一个 好 例子 。,自言,自 / 言,22,24,自言,[],[23],[23],[],"The prediction inserts an extra boundary inside the gold token [自言], producing [自 / 言].",False,True,,1
364,D,D Direct segmentation,over,在我们泰国中，也有好多位歌星，对音乐很有深造，歌词内容对社会都有处世的警戒。但很难受听众欢迎。比不上一般歌词动作热烈一举一动，高声大喊，甚受喜爱。,在我们泰国，也有好多位歌星，对音乐很有造诣，歌词内容对社会都有处世的警诫，但很难受听众欢迎，比不上一般歌词动作热烈、一举一动都是高声大喊的歌星，他们甚受喜爱。,在 我们 泰国 中 ， 也 有 好多 位 歌星 ， 对 音乐 很 有 深造 ， 歌词 内容 对 社会 都 有 处世 的 警戒 。 但 很 难 受 听众 欢迎 。 比不上 一般 歌词 动作 热烈 一举一动 ， 高声 大喊 ， 甚 受 喜爱 。,在 我们 泰国 中 ， 也 有 好多 位 歌星 ， 对 音乐 很 有 深造 ， 歌词 内容 对 社会 都 有 处世 的 警戒 。 但 很 难 受 听众 欢迎 。 比不上 一般 歌词 动作 热烈 一举一动 ， 高声 大 喊 ， 甚 受 喜爱 。,大喊,大 / 喊,65,67,大喊,[],[66],[66],[],"The prediction inserts an extra boundary inside the gold token [大喊], producing [大 / 喊].",False,True,,1
375,D,D Direct segmentation,over,我旅行的时候认识了很多的人，他们都住在别的国家。这有好点和不利，好点是：我可以拜訪他们，我只要飞机票，以后我可以在他们的家留，因为他们请我客。我跟他们可以参观有意思的地方。,我旅行的时候认识了很多的人，他们都住在别的国家。这有好处和坏处，好处是：我可以拜访他们，我只需要飞机票，之后我可以在他们的家住下，因为他们请我客。我可以跟他们参观有意思的地方。,我 旅行 的 时候 认识 了 很多 的 人 ， 他们 都 住 在 别的 国家 。 这 有 好点 和 不利 ， 好 点 是 ： 我 可以 拜訪 他们 ， 我 只 要 飞机票 ， 以后 我 可以 在 他们 的 家 留 ， 因为 他们 请 我 客 。 我 跟 他们 可以 参观 有意思 的 地方 。,我 旅行 的 时候 认识 了 很多 的 人 ， 他们 都 住 在 别的 国家 。 这 有 好 点 和 不利 ， 好 点 是 ： 我 可以 拜訪 他们 ， 我 只 要 飞机票 ， 以后 我 可以 在 他们 的 家 留 ， 因为 他们 请 我 客 。 我 跟 他们 可以 参观 有意思 的 地方 。,好点,好 / 点,26,28,好点,[],[27],[27],[],"The prediction inserts an extra boundary inside the gold token [好点], producing [好 / 点].",False,False,,1
383,D,D Direct segmentation,over,在摩洛哥有很多蒸汽，是在非洲最有名的，那里真的很舒服，是个放松的地方，坏境很安静，工作人员很细心。然后你们可以躺一会儿，一边喝摩洛哥茶，一边品尝阿拉伯的蛋糕。摩洛哥茶在非洲是最有名的茶，是非常如渴的。,在摩洛哥有很多蒸汽浴室，在非洲是最有名的，那里真的很舒服，是个放松的地方，环境很安静，工作人员很细心。然后你们可以躺一会儿，一边喝摩洛哥茶，一边品尝阿拉伯的蛋糕。摩洛哥茶在非洲是最有名的茶，是非常解渴的。,在 摩洛哥 有 很多 蒸汽 ， 是 在 非洲 最 有名 的 ， 那里 真的 很 舒服 ， 是 个 放松 的 地方 ， 坏境 很 安静 ， 工作 人员 很 细心 。 然后 你们 可以 躺 一会儿 ， 一边 喝 摩洛哥 茶 ， 一边 品尝 阿拉伯 的 蛋糕 。 摩洛哥 茶 在 非洲 是 最 有名 的 茶 ， 是 非常 如渴 的 。,在 摩洛哥 有 很多 蒸汽 ， 是 在 非洲 最 有名 的 ， 那里 真的 很 舒服 ， 是 个 放松 的 地方 ， 坏境 很 安静 ， 工作 人员 很 细心 。 然后 你们 可以 躺 一会儿 ， 一边 喝 摩洛哥 茶 ， 一边 品尝 阿拉伯 的 蛋糕 。 摩洛哥 茶 在 非洲 是 最 有名 的 茶 ， 是 非常 如 渴 的 。,如渴,如 / 渴,96,98,如渴,[],[97],[97],[],"The prediction inserts an extra boundary inside the gold token [如渴], producing [如 / 渴].",False,False,,1
384,D,D Direct segmentation,over,已经有几个孩子食用了这“绿色食品”来做的粮食以后，长胖了一点，跟普通孩子一样了。从这例子能看出来，虽然“绿色食品”很难种出来，但它对饥饿的人们有一定的帮助。,已经有几个孩子食用了这“绿色食品”做的粮食以后，长胖了一点，跟普通孩子一样了。从这例子能看出来，虽然“绿色食品”很难种出来，但它对饥饿的人们有一定的帮助。,已经 有 几 个 孩子 食用 了 这 “ 绿色 食品 ” 来 做 的 粮食 以后 ， 长 胖 了 一点 ， 跟 普通 孩子 一样 了 。 从 这 例子 能 看出来 ， 虽然 “ 绿色 食品 ” 很 难 种 出来 ， 但 它 对 饥饿 的 人们 有 一定 的 帮助 。,已经 有 几 个 孩子 食用 了 这 “ 绿色 食品 ” 来 做 的 粮食 以后 ， 长 胖 了 一点 ， 跟 普通 孩子 一样 了 。 从 这 例子 能 看 出来 ， 虽然 “ 绿色 食品 ” 很 难 种 出来 ， 但 它 对 饥饿 的 人们 有 一定 的 帮助 。,看出来,看 / 出来,45,48,看出来,[],[46],[46],[],"The prediction inserts an extra boundary inside the gold token [看出来], producing [看 / 出来].",False,True,,1
390,D,D Direct segmentation,over,在我的家我们没有宠動，因为我爸爸过敏。我两个妈奶还在，但是我两个爷爷去世了。我有一些爱好。我喜欢跳舞、看画、跑步和看书。我是锡兰人，印地语是我的本话。,在我的家我们没有养宠物，因为我爸爸过敏。我两个奶妈还在，但是我两个爷爷去世了。我有一些爱好。我喜欢跳舞、画画、跑步和看书。我是锡兰人，印地语是我的母语。,在 我 的 家 我们 没有 宠動 ， 因为 我 爸爸 过敏 。 我 两 个 妈奶 还 在 ， 但是 我 两 个 爷爷 去世 了 。 我 有 一些 爱好 。 我 喜欢 跳舞 、 看 画 、 跑步 和 看 书 。 我 是 锡兰人 ， 印地语 是 我 的 本话 。,在 我 的 家 我们 没有 宠 動 ， 因为 我 爸爸 过敏 。 我 两 个 妈 奶 还 在 ， 但是 我 两 个 爷爷 去世 了 。 我 有 一些 爱好 。 我 喜欢 跳舞 、 看 画 、 跑步 和 看 书 。 我 是 锡兰人 ， 印地语 是 我 的 本 话 。,宠動,宠 / 動,8,10,宠動,[],[9],[9],[],"The prediction inserts an extra boundary inside the gold token [宠動], producing [宠 / 動].",False,True,,1
390,D,D Direct segmentation,over,在我的家我们没有宠動，因为我爸爸过敏。我两个妈奶还在，但是我两个爷爷去世了。我有一些爱好。我喜欢跳舞、看画、跑步和看书。我是锡兰人，印地语是我的本话。,在我的家我们没有养宠物，因为我爸爸过敏。我两个奶妈还在，但是我两个爷爷去世了。我有一些爱好。我喜欢跳舞、画画、跑步和看书。我是锡兰人，印地语是我的母语。,在 我 的 家 我们 没有 宠動 ， 因为 我 爸爸 过敏 。 我 两 个 妈奶 还 在 ， 但是 我 两 个 爷爷 去世 了 。 我 有 一些 爱好 。 我 喜欢 跳舞 、 看 画 、 跑步 和 看 书 。 我 是 锡兰人 ， 印地语 是 我 的 本话 。,在 我 的 家 我们 没有 宠 動 ， 因为 我 爸爸 过敏 。 我 两 个 妈 奶 还 在 ， 但是 我 两 个 爷爷 去世 了 。 我 有 一些 爱好 。 我 喜欢 跳舞 、 看 画 、 跑步 和 看 书 。 我 是 锡兰人 ， 印地语 是 我 的 本 话 。,妈奶,妈 / 奶,22,24,妈奶,[],[23],[23],[],"The prediction inserts an extra boundary inside the gold token [妈奶], producing [妈 / 奶].",False,True,,2
390,D,D Direct segmentation,over,在我的家我们没有宠動，因为我爸爸过敏。我两个妈奶还在，但是我两个爷爷去世了。我有一些爱好。我喜欢跳舞、看画、跑步和看书。我是锡兰人，印地语是我的本话。,在我的家我们没有养宠物，因为我爸爸过敏。我两个奶妈还在，但是我两个爷爷去世了。我有一些爱好。我喜欢跳舞、画画、跑步和看书。我是锡兰人，印地语是我的母语。,在 我 的 家 我们 没有 宠動 ， 因为 我 爸爸 过敏 。 我 两 个 妈奶 还 在 ， 但是 我 两 个 爷爷 去世 了 。 我 有 一些 爱好 。 我 喜欢 跳舞 、 看 画 、 跑步 和 看 书 。 我 是 锡兰人 ， 印地语 是 我 的 本话 。,在 我 的 家 我们 没有 宠 動 ， 因为 我 爸爸 过敏 。 我 两 个 妈 奶 还 在 ， 但是 我 两 个 爷爷 去世 了 。 我 有 一些 爱好 。 我 喜欢 跳舞 、 看 画 、 跑步 和 看 书 。 我 是 锡兰人 ， 印地语 是 我 的 本 话 。,本话,本 / 话,72,74,本话,[],[73],[73],[],"The prediction inserts an extra boundary inside the gold token [本话], producing [本 / 话].",False,True,,3
391,D,D Direct segmentation,over,我在大学学中文、俄文和日文。因为我应该毕业的时候为个单身汉，我很紧张这个学期的时候。为轻松一黑儿，我很喜欢跟我朋友们比赛一下，做动。,我在大学学中文、俄文和日文。因为我毕业的时候应该是个单身汉，所以这个学期我很紧张。为了放松一会儿，我很喜欢跟我朋友们比试一下，做运动。,我 在 大学 学 中文 、 俄文 和 日文 。 因为 我 应该 毕业 的 时候 为 个 单身汉 ， 我 很 紧张 这个 学期 的 时候 。 为 轻松 一黑儿 ， 我 很 喜欢 跟 我 朋友 们 比赛 一下 ， 做 动 。,我 在 大学 学 中文 、 俄文 和 日文 。 因为 我 应该 毕业 的 时候 为 个 单身汉 ， 我 很 紧张 这个 学期 的 时候 。 为 轻松 一 黑儿 ， 我 很 喜欢 跟 我 朋友 们 比赛 一下 ， 做 动 。,一黑儿,一 / 黑儿,45,48,一黑儿,[],[46],[46],[],"The prediction inserts an extra boundary inside the gold token [一黑儿], producing [一 / 黑儿].",False,True,,1
394,D,D Direct segmentation,under,在中国历史上有一个很有名的传统。人们说是黄帝搞起来中医的问题，还有神农挑了哪个对身体好，哪个对身体坏。真的或着不是真的，这不重要，重要的是中医是很有意思的学问，很有意思的哲学，还有我想这很有用。,在中国历史上有一个很有名的传说。人们说是黄帝发明了中医，还有是神农挑出了哪些植物对身体好，哪些植物对身体坏。这些是真的或者不是真的，都不重要，重要的是中医是很有意思的学问、哲学，还有我想这很有用。,在 中国 历史 上 有 一个 很 有名 的 传统 。 人们 说 是 黄帝 搞 起来 中医 的 问题 ， 还有 神农 挑 了 哪个 对 身体 好 ， 哪个 对 身体 坏 。 真 的 或着 不 是 真 的 ， 这 不 重要 ， 重要 的 是 中医 是 很 有意思 的 学问 ， 很 有意思 的 哲学 ， 还有 我 想 这 很 有用 。,在 中国 历史 上 有 一个 很 有名 的 传统 。 人们 说是 黄帝 搞 起来 中医 的 问题 ， 还有 神农 挑 了 哪个 对 身体 好 ， 哪个 对 身体 坏 。 真 的 或着 不 是 真 的 ， 这 不 重要 ， 重要 的 是 中医 是 很 有意思 的 学问 ， 很 有意思 的 哲学 ， 还有 我 想 这 很 有用 。,说 / 是,说是,18,20,说是,[19],[],[],[19],"The prediction misses the gold boundary between [说] and [是], merging them into [说是].",False,False,,1
399,D,D Direct segmentation,over,为了让孩子能够上大学，他们辛苦地工作，年复一年，把身体都捱垮了，丈夫得了心脏，妻子得了风湿关节炎瘫在床上。,为了让孩子能够上大学，他们辛苦地工作，年复一年，把身体都搞垮了，丈夫得了心脏病，妻子得了风湿关节炎瘫在床上。,为了 让 孩子 能够 上 大学 ， 他们 辛苦 地 工作 ， 年复一年 ， 把 身体 都 捱垮 了 ， 丈夫 得了 心脏 ， 妻子 得了 风湿 关节炎 瘫 在 床 上 。,为了 让 孩子 能够 上 大学 ， 他们 辛苦 地 工作 ， 年复一年 ， 把 身体 都 捱 垮 了 ， 丈夫 得了 心脏 ， 妻子 得了 风湿 关节炎 瘫 在 床 上 。,捱垮,捱 / 垮,28,30,捱垮,[],[29],[29],[],"The prediction inserts an extra boundary inside the gold token [捱垮], producing [捱 / 垮].",False,True,,1
400,D,D Direct segmentation,over,首先是，对吸烟者来说，吸烟虽然对健康不有利，可是他们认为通过吸烟，在生活上的压力会解消。而且，有人认为在工作的时候，吸烟有助于工作的效益。所以在公共场所里禁止吸烟的措施，对他们来说，不太好的措施。,首先是，对吸烟者来说，吸烟虽然对健康不利，可是他们认为通过吸烟，在生活上的压力会消解。而且，有人认为在工作的时候，吸烟有助于提高工作的效率。所以在公共场所里禁止吸烟的措施，对他们来说，是不太好的措施。,首先 是 ， 对 吸烟者 来说 ， 吸烟 虽然 对 健康 不 有利 ， 可是 他们 认为 通过 吸烟 ， 在 生活 上 的 压力 会 解消 。 而且 ， 有 人 认为 在 工作 的 时候 ， 吸烟 有助于 工作 的 效益 。 所以 在 公共场所 里 禁止 吸烟 的 措施 ， 对 他们 来说 ， 不 太 好 的 措施 。,首先 是 ， 对 吸烟者 来说 ， 吸烟 虽然 对 健康 不 有利 ， 可是 他们 认为 通过 吸烟 ， 在 生活 上 的 压力 会 解 消 。 而且 ， 有 人 认为 在 工作 的 时候 ， 吸烟 有助于 工作 的 效益 。 所以 在 公共场所 里 禁止 吸烟 的 措施 ， 对 他们 来说 ， 不 太 好 的 措施 。,解消,解 / 消,41,43,解消,[],[42],[42],[],"The prediction inserts an extra boundary inside the gold token [解消], producing [解 / 消].",False,False,,1
404,D,D Direct segmentation,under,唯一的方法就是：放开自己的心，接受新现代的变化。这样，你对这世界所发生的事情，就会无有难以接受之事了。,唯一的方法就是：放开自己的心，接受新时代的变化。这样，你对这世界所发生的事情，就不会有难以接受之事了。,唯一 的 方法 就 是 ： 放开 自己 的 心 ， 接受 新 现代 的 变化 。 这样 ， 你 对 这 世界 所 发生 的 事情 ， 就 会 无 有 难以 接受 之 事 了 。,唯一 的 方法 就是 ： 放开 自己 的 心 ， 接受 新 现代 的 变化 。 这样 ， 你 对 这 世界 所 发生 的 事情 ， 就 会 无 有 难以 接受 之 事 了 。,就 / 是,就是,5,7,就是,[6],[],[],[6],"The prediction misses the gold boundary between [就] and [是], merging them into [就是].",False,True,,1
418,D,D Direct segmentation,over,因为流动歌曲很容易学会，而且歌曲里面可以看到我们的生活。,因为流行歌曲很容易学会，而且从歌曲里面可以看到我们的生活。,因为 流动歌曲 很 容易 学会 ， 而且 歌曲 里面 可以 看到 我们 的 生活 。,因为 流动 歌曲 很 容易 学会 ， 而且 歌曲 里面 可以 看到 我们 的 生活 。,流动歌曲,流动 / 歌曲,2,6,流动歌曲,[],[4],[4],[],"The prediction inserts an extra boundary inside the gold token [流动歌曲], producing [流动 / 歌曲].",False,True,,1
420,D,D Direct segmentation,under,它们用很多很多各种各样的原因使经让人们明白这么简单的道理。以我来看，最后它们提供的原因是最重要的。这就个人吸烟的习惯对于公众很利益。,它们用很多很多各种各样的原因使人们明白这么简单的道理。以我来看，最后它们提供的原因是最重要的。这就是个人吸烟的习惯对于公众的利益。,它们 用 很多 很多 各种各样 的 原因 使 经 让 人们 明白 这么 简单 的 道理 。 以 我 来 看 ， 最后 它们 提供 的 原因 是 最 重要 的 。 这 就 个人 吸烟 的 习惯 对于 公众 很 利益 。,它们 用 很多 很多 各种各样 的 原因 使 经 让 人们 明白 这么 简单 的 道理 。 以 我 来看 ， 最后 它们 提供 的 原因 是 最 重要 的 。 这 就 个人 吸烟 的 习惯 对于 公众 很 利益 。,来 / 看,来看,31,33,来看,[32],[],[],[32],"The prediction misses the gold boundary between [来] and [看], merging them into [来看].",False,False,,1
428,D,D Direct segmentation,over,决定去住古巴的外国人一年比一年多。在古巴里，经济的机会越来越大。另外古巴的房产的市场有为极了。虽然，因为了行政的问题，买房还非常复杂，但是房子的价格不必别的国家的。一个小房子的平均的价格差不多三千欧洲货币。,决定去古巴住的外国人一年比一年多。在古巴，经济发展的机会越来越多。另外古巴的房产的市场繁荣极了。虽然，因为行政的问题，买房还非常复杂，但是房子的价格不比别的国家的高。一个小房子的平均的价格差不多三千欧元。,决定 去 住 古巴 的 外国人 一 年 比 一 年 多 。 在 古巴 里 ， 经济 的 机会 越来越 大 。 另外 古巴 的 房产 的 市场 有为 极了 。 虽然 ， 因为 了 行政 的 问题 ， 买房 还 非常 复杂 ， 但是 房子 的 价格 不 必 别的 国家 的 。 一个 小 房子 的 平均 的 价格 差不多 三千 欧洲 货币 。,决定 去 住 古巴 的 外国人 一 年 比 一 年 多 。 在 古巴 里 ， 经济 的 机会 越来越 大 。 另外 古巴 的 房产 的 市场 有为 极 了 。 虽然 ， 因为 了 行政 的 问题 ， 买房 还 非常 复杂 ， 但是 房子 的 价格 不必 别的 国家 的 。 一个 小 房子 的 平均 的 价格 差不多 三千 欧洲 货币 。,极了,极 / 了,44,46,极了,[],[45],[45],[],"The prediction inserts an extra boundary inside the gold token [极了], producing [极 / 了].",False,False,,1
428,D,D Direct segmentation,under,决定去住古巴的外国人一年比一年多。在古巴里，经济的机会越来越大。另外古巴的房产的市场有为极了。虽然，因为了行政的问题，买房还非常复杂，但是房子的价格不必别的国家的。一个小房子的平均的价格差不多三千欧洲货币。,决定去古巴住的外国人一年比一年多。在古巴，经济发展的机会越来越多。另外古巴的房产的市场繁荣极了。虽然，因为行政的问题，买房还非常复杂，但是房子的价格不比别的国家的高。一个小房子的平均的价格差不多三千欧元。,决定 去 住 古巴 的 外国人 一 年 比 一 年 多 。 在 古巴 里 ， 经济 的 机会 越来越 大 。 另外 古巴 的 房产 的 市场 有为 极了 。 虽然 ， 因为 了 行政 的 问题 ， 买房 还 非常 复杂 ， 但是 房子 的 价格 不 必 别的 国家 的 。 一个 小 房子 的 平均 的 价格 差不多 三千 欧洲 货币 。,决定 去 住 古巴 的 外国人 一 年 比 一 年 多 。 在 古巴 里 ， 经济 的 机会 越来越 大 。 另外 古巴 的 房产 的 市场 有为 极 了 。 虽然 ， 因为 了 行政 的 问题 ， 买房 还 非常 复杂 ， 但是 房子 的 价格 不必 别的 国家 的 。 一个 小 房子 的 平均 的 价格 差不多 三千 欧洲 货币 。,不 / 必,不必,74,76,不必,[75],[],[],[75],"The prediction misses the gold boundary between [不] and [必], merging them into [不必].",False,False,,2
430,D,D Direct segmentation,over,愚公是英雄因为就是他九十岁了，他开始动起手来，一个月干下来，都没有什么变化，他不矢去信心。当智叟开始笑话他，愚公继续搬。,愚公是英雄。因为即使他九十岁了，还是动手搬山，一个月干下来，就算山没有什么变化，他也不失去信心。当智叟开始笑话他，愚公还是继续搬山。,愚公 是 英雄 因为 就 是 他 九十 岁 了 ， 他 开始 动 起 手 来 ， 一个 月 干 下来 ， 都 没有 什么 变化 ， 他 不 矢去 信心 。 当 智叟 开始 笑话 他 ， 愚公 继续 搬 。,愚公 是 英雄 因为 就 是 他 九十 岁 了 ， 他 开始 动 起 手 来 ， 一个 月 干 下来 ， 都 没有 什么 变化 ， 他 不 矢 去 信心 。 当 智叟 开始 笑话 他 ， 愚公 继续 搬 。,矢去,矢 / 去,40,42,矢去,[],[41],[41],[],"The prediction inserts an extra boundary inside the gold token [矢去], producing [矢 / 去].",False,True,,1
435,D,D Direct segmentation,over,为了对大自然预防多样的风险因素，政府得设置法律机构和措施，像处罚违法者，例如向自然的里过量挑放硝酸盐和二氧化碳，或者名式名样的温室气体的工厂。因为那些工厂的排放和废品不但对环境而且对人体的健康可以有大的害处。,为了预防大自然多样的风险因素，政府得设置法律机构和措施来处罚违法者，例如向自然界排放过量硝酸盐和二氧化碳，或者各式各样的温室气体的工厂。因为那些工厂排放的废品不但对环境而且对人体的健康大有害处。,为了 对 大自然 预防 多样 的 风险 因素 ， 政府 得 设置 法律 机构 和 措施 ， 像 处罚 违法者 ， 例如 向 自然 的 里 过量 挑放 硝酸盐 和 二氧化碳 ， 或者 名式名样 的 温室 气体 的 工厂 。 因为 那些 工厂 的 排放 和 废品 不但 对 环境 而且 对 人体 的 健康 可以 有 大 的 害处 。,为了 对 大自然 预防 多样 的 风险 因素 ， 政府 得 设置 法律 机构 和 措施 ， 像 处罚 违法者 ， 例如 向 自然 的 里 过量 挑 放 硝酸盐 和 二氧化碳 ， 或者 名 式 名 样 的 温室 气体 的 工厂 。 因为 那些 工厂 的 排放 和 废品 不但 对 环境 而且 对 人体 的 健康 可以 有 大 的 害处 。,挑放,挑 / 放,45,47,挑放,[],[46],[46],[],"The prediction inserts an extra boundary inside the gold token [挑放], producing [挑 / 放].",False,False,,1
435,D,D Direct segmentation,over,为了对大自然预防多样的风险因素，政府得设置法律机构和措施，像处罚违法者，例如向自然的里过量挑放硝酸盐和二氧化碳，或者名式名样的温室气体的工厂。因为那些工厂的排放和废品不但对环境而且对人体的健康可以有大的害处。,为了预防大自然多样的风险因素，政府得设置法律机构和措施来处罚违法者，例如向自然界排放过量硝酸盐和二氧化碳，或者各式各样的温室气体的工厂。因为那些工厂排放的废品不但对环境而且对人体的健康大有害处。,为了 对 大自然 预防 多样 的 风险 因素 ， 政府 得 设置 法律 机构 和 措施 ， 像 处罚 违法者 ， 例如 向 自然 的 里 过量 挑放 硝酸盐 和 二氧化碳 ， 或者 名式名样 的 温室 气体 的 工厂 。 因为 那些 工厂 的 排放 和 废品 不但 对 环境 而且 对 人体 的 健康 可以 有 大 的 害处 。,为了 对 大自然 预防 多样 的 风险 因素 ， 政府 得 设置 法律 机构 和 措施 ， 像 处罚 违法者 ， 例如 向 自然 的 里 过量 挑 放 硝酸盐 和 二氧化碳 ， 或者 名 式 名 样 的 温室 气体 的 工厂 。 因为 那些 工厂 的 排放 和 废品 不但 对 环境 而且 对 人体 的 健康 可以 有 大 的 害处 。,名式名样,名 / 式 / 名 / 样,58,62,名式名样,[],"[59, 60, 61]","[59, 60, 61]",[],"The prediction inserts an extra boundary inside the gold token [名式名样], producing [名 / 式 / 名 / 样].",False,False,,2
441,D,D Direct segmentation,over,这种书，我们只能以略读，跳读的方法涉猎了。,对于这种书，我们只能以略读、跳读的方法涉猎了。,这种 书 ， 我们 只能 以 略读 ， 跳 读 的 方法 涉猎 了 。,这种 书 ， 我们 只能 以 略 读 ， 跳 读 的 方法 涉猎 了 。,略读,略 / 读,9,11,略读,[],[10],[10],[],"The prediction inserts an extra boundary inside the gold token [略读], producing [略 / 读].",False,True,,1
442,D,D Direct segmentation,over,现在世界上年收入差距特别大，收入最高的人大多数是商人，这一点谁也很清楚。但是收入第二高呢？难到是那些明星的运动员，有的年收入比本国的总统还高。,现在世界上人们的年收入差距特别大，收入最高的人大多数是商人，这一点谁都很清楚。但谁收入第二高呢？是那些明星运动员，有的年收入比本国的总统还高。,现在 世界 上 年收入 差距 特别 大 ， 收入 最高 的 人 大多数 是 商人 ， 这 一 点 谁 也 很 清楚 。 但是 收入 第二 高 呢 ？ 难到 是 那些 明星 的 运动员 ， 有的 年收入 比 本国 的 总统 还 高 。,现在 世界 上 年收入 差距 特别 大 ， 收入 最高 的 人 大多数 是 商人 ， 这 一 点 谁 也 很 清楚 。 但是 收入 第二 高 呢 ？ 难 到 是 那些 明星 的 运动员 ， 有的 年收入 比 本国 的 总统 还 高 。,难到,难 / 到,45,47,难到,[],[46],[46],[],"The prediction inserts an extra boundary inside the gold token [难到], producing [难 / 到].",False,True,,1
460,D,D Direct segmentation,under,对不起，我没看你的新写字。,对不起，我没看你新写的字。,对不起 ， 我 没 看 你 的 新 写 字 。,对不起 ， 我 没 看 你 的 新 写字 。,写 / 字,写字,10,12,写字,[11],[],[],[11],"The prediction misses the gold boundary between [写] and [字], merging them into [写字].",True,True,,1
470,D,D Direct segmentation,over,我的宿舍是一座十吾层的楼房。,我的宿舍是一座十层的楼房。,我 的 宿舍 是 一 座 十吾 层 的 楼房 。,我 的 宿舍 是 一 座 十 吾 层 的 楼房 。,十吾,十 / 吾,7,9,十吾,[],[8],[8],[],"The prediction inserts an extra boundary inside the gold token [十吾], producing [十 / 吾].",True,True,,1
480,D,D Direct segmentation,over,所以希望后来要吸烟的人减少。不抽烟对身体好、节约钱、不会惦污环境，多么好！,所以希望将来吸烟的人减少。不抽烟对身体好、节约钱、不会污染环境，多么好！,所以 希望 后来 要 吸烟 的 人 减少 。 不 抽烟 对 身体 好 、 节约 钱 、 不 会 惦污 环境 ， 多么 好 ！,所以 希望 后来 要 吸烟 的 人 减少 。 不 抽烟 对 身体 好 、 节约 钱 、 不 会 惦 污 环境 ， 多么 好 ！,惦污,惦 / 污,28,30,惦污,[],[29],[29],[],"The prediction inserts an extra boundary inside the gold token [惦污], producing [惦 / 污].",False,False,,1
484,D,D Direct segmentation,under,在这样环境之下，孩子的心目中打下“唯一全心全意能依靠”地深深的烙印。,在这样环境之下，孩子的心目中打下“唯一全心全意能依靠”的深深的烙印。,在 这样 环境 之下 ， 孩子 的 心目 中 打下 “ 唯一 全心全意 能 依靠 ” 地 深深 的 烙印 。,在 这样 环境 之下 ， 孩子 的 心目 中 打下 “ 唯一 全心全意 能 依靠 ” 地 深深的 烙印 。,深深 / 的,深深的,28,31,深深的,[30],[],[],[30],"The prediction misses the gold boundary between [深深] and [的], merging them into [深深的].",False,True,,1
497,D,D Direct segmentation,over,我认为这里涉及到各种球迷们对那些运动员的喜爱和关注。我并不想说商人或其他的人不重要，但关键是在世界各地没有人不喜欢运动，也没有人对这样让人感到快乐和轻私的活动不感兴趣。,我认为这里涉及到各种球迷们对那些运动员的喜爱和关注。我并不想说商人或其他的人不重要，但关键是在世界各地没有人不喜欢运动，也没有人对这样让人感到快乐和轻松的活动不感兴趣。,我 认为 这里 涉及 到 各种 球迷 们 对 那些 运动员 的 喜爱 和 关注 。 我 并 不 想 说 商人 或 其他 的 人 不 重要 ， 但 关键 是 在 世界 各地 没有 人 不 喜欢 运动 ， 也 没有 人 对 这样 让 人 感到 快乐 和 轻私 的 活动 不 感 兴趣 。,我 认为 这里 涉及 到 各种 球迷 们 对 那些 运动员 的 喜爱 和 关注 。 我 并 不 想 说 商人 或 其他 的 人 不 重要 ， 但 关键 是 在 世界 各地 没有 人 不 喜欢 运动 ， 也 没有 人 对 这样 让 人 感到 快乐 和 轻 私 的 活动 不 感 兴趣 。,轻私,轻 / 私,74,76,轻私,[],[75],[75],[],"The prediction inserts an extra boundary inside the gold token [轻私], producing [轻 / 私].",False,False,,1
500,D,D Direct segmentation,over,好职业难发现。有很多人认为的一般高学历我们有一个体面职业。这个句子不真的，因为有很多越来越失业的人一般对高学历都有。令天有人很多年上学。,好职业难被发现。有很多人认为高学历能让我们有一个体面的职业。这个话不是真的，因为有越来越多失业的人一般都有高学历。今天有人上学很多年。,好 职业 难 发现 。 有 很多 人 认为 的 一般 高 学历 我们 有 一个 体面 职业 。 这个 句子 不 真 的 ， 因为 有 很多 越来越 失业 的 人 一般 对 高 学历 都 有 。 令天 有 人 很多 年 上学 。,好 职业 难 发现 。 有 很多 人 认为 的 一般 高 学历 我们 有 一个 体面 职业 。 这个 句子 不 真 的 ， 因为 有 很多 越来越 失业 的 人 一般 对 高 学历 都 有 。 令 天 有人 很多 年 上学 。,令天,令 / 天,58,60,令天,[],[59],[59],[],"The prediction inserts an extra boundary inside the gold token [令天], producing [令 / 天].",False,True,,1
500,D,D Direct segmentation,under,好职业难发现。有很多人认为的一般高学历我们有一个体面职业。这个句子不真的，因为有很多越来越失业的人一般对高学历都有。令天有人很多年上学。,好职业难被发现。有很多人认为高学历能让我们有一个体面的职业。这个话不是真的，因为有越来越多失业的人一般都有高学历。今天有人上学很多年。,好 职业 难 发现 。 有 很多 人 认为 的 一般 高 学历 我们 有 一个 体面 职业 。 这个 句子 不 真 的 ， 因为 有 很多 越来越 失业 的 人 一般 对 高 学历 都 有 。 令天 有 人 很多 年 上学 。,好 职业 难 发现 。 有 很多 人 认为 的 一般 高 学历 我们 有 一个 体面 职业 。 这个 句子 不 真 的 ， 因为 有 很多 越来越 失业 的 人 一般 对 高 学历 都 有 。 令 天 有人 很多 年 上学 。,有 / 人,有人,60,62,有人,[61],[],[],[61],"The prediction misses the gold boundary between [有] and [人], merging them into [有人].",False,True,,2
511,D,D Direct segmentation,over,冲绳是一个非常美丽的地方，天蓝蓝的，海水清淤见地，鱼特别新鲜，水果尝尝鲜。腓力和我夜夜下班以后，去了翘首美丽的星空。,冲绳是一个非常美丽的地方，天蓝蓝的，海水清澈见底，鱼特别新鲜，水果也很新鲜。腓力和我每夜下班以后，都会去仰望美丽的星空。,冲绳 是 一个 非常 美丽 的 地方 ， 天 蓝蓝的 ， 海水 清淤见地 ， 鱼 特别 新鲜 ， 水果 尝尝 鲜 。 腓力 和 我 夜夜 下班 以后 ， 去 了 翘首 美丽 的 星空 。,冲绳 是 一个 非常 美丽 的 地方 ， 天 蓝蓝的 ， 海水 清 淤 见地 ， 鱼 特别 新鲜 ， 水果 尝尝 鲜 。 腓力 和 我 夜夜 下班 以后 ， 去 了 翘首 美丽 的 星空 。,清淤见地,清 / 淤 / 见地,20,24,清淤见地,[],"[21, 22]","[21, 22]",[],"The prediction inserts an extra boundary inside the gold token [清淤见地], producing [清 / 淤 / 见地].",False,True,,1
512,D,D Direct segmentation,over,孩子并不是不聪明，就是没有经验！无论有什么问题孩子不仅解决不了，而而也解释不了（因为还没学会语言了）。,孩子并不是不聪明，而是没有经验！无论是什么问题，孩子不但解决不了，而且也解释不了（因为他们还没学会语言）。,孩子 并 不 是 不 聪明 ， 就 是 没有 经验 ！ 无论 有 什么 问题 孩子 不仅 解决 不 了 ， 而而 也 解释 不 了 （ 因为 还 没 学会 语言 了 ） 。,孩子 并 不 是 不 聪明 ， 就 是 没有 经验 ！ 无论 有 什么 问题 孩子 不仅 解决 不 了 ， 而 而 也 解释 不 了 （ 因为 还 没 学会 语言 了 ） 。,而而,而 / 而,32,34,而而,[],[33],[33],[],"The prediction inserts an extra boundary inside the gold token [而而], producing [而 / 而].",False,True,,1
515,D,D Direct segmentation,under,但这次漫长的10天假期结束后上班第一天的今天，我的语感竟然还好，我说话比假期前更流利，,但这次漫长的10天假期结束后，上班第一天的今天，我的语感竟然还好，我说话比假期前更流利。,但 这 次 漫长 的 10 天 假期 结束 后 上班 第一 天 的 今天 ， 我 的 语感 竟然 还 好 ， 我 说话 比 假期 前 更 流利 ，,但 这次 漫长 的 10 天 假期 结束 后 上班 第一 天 的 今天 ， 我 的 语感 竟然 还 好 ， 我 说话 比 假期 前 更 流利 ，,这 / 次,这次,1,3,这次,[2],[],[],[2],"The prediction misses the gold boundary between [这] and [次], merging them into [这次].",False,True,,1
520,D,D Direct segmentation,under,虽然我对流行歌曲有兴趣，但实际上跟不上学会，所以我不太喜欢流行歌曲。,虽然我对流行歌曲有兴趣，但实际上学不会，所以我不太喜欢流行歌曲。,虽然 我 对 流行 歌曲 有 兴趣 ， 但 实际上 跟不上 学会 ， 所以 我 不 太 喜欢 流行歌曲 。,虽然 我 对 流行歌曲 有 兴趣 ， 但 实际上 跟不上 学会 ， 所以 我 不 太 喜欢 流行歌曲 。,流行 / 歌曲,流行歌曲,4,8,流行歌曲,[6],[],[],[6],"The prediction misses the gold boundary between [流行] and [歌曲], merging them into [流行歌曲].",False,True,,1
539,D,D Direct segmentation,over,所以我们对下一代的教育也应该很重视这一点。古今中外的学者勤学读书，是我们学习的榜样。我们要活到老，学到老，成为有学问的人，为社会贡献自己的才能，为下一代的未来光明的前途奉献自己的青春，才不辜负先辈的教导，成为社会上有用的人。,所以我们对下一代的教育也应该要重视这一点。古今中外的学者勤学苦读，是我们学习的榜样。我们要活到老，学到老，成为有学问的人，为社会贡献自己的才能，为下一代未来光明的前途奉献自己的青春，这样才不辜负先辈的教导，成为社会上有用的人。,所以 我们 对 下一代 的 教育 也 应该 很 重视 这 一 点 。 古今中外 的 学者 勤学读书 ， 是 我们 学习 的 榜样 。 我们 要 活到老 ， 学到老 ， 成为 有 学问 的 人 ， 为 社会 贡献 自己 的 才能 ， 为 下一代 的 未来 光明 的 前途 奉献 自己 的 青春 ， 才 不 辜负 先辈 的 教导 ， 成为 社会 上 有用 的 人 。,所以 我们 对 下一代 的 教育 也 应该 很 重视 这 一 点 。 古今中外 的 学者 勤 学 读书 ， 是 我们 学习 的 榜样 。 我们 要 活到老 ， 学到老 ， 成为 有 学问 的 人 ， 为 社会 贡献 自己 的 才能 ， 为 下一代 的 未来 光明 的 前途 奉献 自己 的 青春 ， 才 不 辜负 先辈 的 教导 ， 成为 社会 上 有用 的 人 。,勤学读书,勤 / 学 / 读书,28,32,勤学读书,[],"[29, 30]","[29, 30]",[],"The prediction inserts an extra boundary inside the gold token [勤学读书], producing [勤 / 学 / 读书].",False,False,,1
541,D,D Direct segmentation,over,以前的学校都是由政府办的，只有地位高的人才能上学读书上，一般老百姓没有几会读书。而孔子办的学校，不管学生的家放和社会地位怎么样，也不管他们是不是很聪明，都可以夹上学。孔子要让更多的人有几会学习，从而可以让知识和文化在社会上得到传播。,以前的学校都是由政府办的，只有地位高的人才能上学读书，一般老百姓没有机会读书。而孔子办的学校，不管学生的家庭和社会地位怎么样，也不管他们是不是很聪明，都可以来上学。孔子要让更多的人有机会学习，从而可以让知识和文化在社会上得到传播。,以前 的 学校 都 是 由 政府 办 的 ， 只有 地位 高 的 人 才 能 上学 读书 上 ， 一般 老百姓 没有 几会 读书 。 而 孔子 办 的 学校 ， 不管 学生 的 家放 和 社会 地位 怎么样 ， 也 不管 他们 是 不 是 很 聪明 ， 都 可以 夹 上学 。 孔子 要 让 更 多 的 人 有 几会 学习 ， 从而 可以 让 知识 和 文化 在 社会 上 得到 传播 。,以前 的 学校 都 是 由 政府 办 的 ， 只有 地位 高 的 人 才 能 上学 读书 上 ， 一般 老百姓 没有 几 会 读书 。 而 孔子 办 的 学校 ， 不管 学生 的 家 放 和 社会 地位 怎么样 ， 也 不管 他们 是 不 是 很 聪明 ， 都 可以 夹 上 学 。 孔子 要 让 更 多 的 人 有 几 会 学习 ， 从而 可以 让 知识 和 文化 在 社会 上 得到 传播 。,几会,几 / 会,35,37,几会,[],[36],[36],[],"The prediction inserts an extra boundary inside the gold token [几会], producing [几 / 会].",False,False,,1
541,D,D Direct segmentation,over,以前的学校都是由政府办的，只有地位高的人才能上学读书上，一般老百姓没有几会读书。而孔子办的学校，不管学生的家放和社会地位怎么样，也不管他们是不是很聪明，都可以夹上学。孔子要让更多的人有几会学习，从而可以让知识和文化在社会上得到传播。,以前的学校都是由政府办的，只有地位高的人才能上学读书，一般老百姓没有机会读书。而孔子办的学校，不管学生的家庭和社会地位怎么样，也不管他们是不是很聪明，都可以来上学。孔子要让更多的人有机会学习，从而可以让知识和文化在社会上得到传播。,以前 的 学校 都 是 由 政府 办 的 ， 只有 地位 高 的 人 才 能 上学 读书 上 ， 一般 老百姓 没有 几会 读书 。 而 孔子 办 的 学校 ， 不管 学生 的 家放 和 社会 地位 怎么样 ， 也 不管 他们 是 不 是 很 聪明 ， 都 可以 夹 上学 。 孔子 要 让 更 多 的 人 有 几会 学习 ， 从而 可以 让 知识 和 文化 在 社会 上 得到 传播 。,以前 的 学校 都 是 由 政府 办 的 ， 只有 地位 高 的 人 才 能 上学 读书 上 ， 一般 老百姓 没有 几 会 读书 。 而 孔子 办 的 学校 ， 不管 学生 的 家 放 和 社会 地位 怎么样 ， 也 不管 他们 是 不 是 很 聪明 ， 都 可以 夹 上 学 。 孔子 要 让 更 多 的 人 有 几 会 学习 ， 从而 可以 让 知识 和 文化 在 社会 上 得到 传播 。,家放,家 / 放,53,55,家放,[],[54],[54],[],"The prediction inserts an extra boundary inside the gold token [家放], producing [家 / 放].",False,False,,2
541,D,D Direct segmentation,over,以前的学校都是由政府办的，只有地位高的人才能上学读书上，一般老百姓没有几会读书。而孔子办的学校，不管学生的家放和社会地位怎么样，也不管他们是不是很聪明，都可以夹上学。孔子要让更多的人有几会学习，从而可以让知识和文化在社会上得到传播。,以前的学校都是由政府办的，只有地位高的人才能上学读书，一般老百姓没有机会读书。而孔子办的学校，不管学生的家庭和社会地位怎么样，也不管他们是不是很聪明，都可以来上学。孔子要让更多的人有机会学习，从而可以让知识和文化在社会上得到传播。,以前 的 学校 都 是 由 政府 办 的 ， 只有 地位 高 的 人 才 能 上学 读书 上 ， 一般 老百姓 没有 几会 读书 。 而 孔子 办 的 学校 ， 不管 学生 的 家放 和 社会 地位 怎么样 ， 也 不管 他们 是 不 是 很 聪明 ， 都 可以 夹 上学 。 孔子 要 让 更 多 的 人 有 几会 学习 ， 从而 可以 让 知识 和 文化 在 社会 上 得到 传播 。,以前 的 学校 都 是 由 政府 办 的 ， 只有 地位 高 的 人 才 能 上学 读书 上 ， 一般 老百姓 没有 几 会 读书 。 而 孔子 办 的 学校 ， 不管 学生 的 家 放 和 社会 地位 怎么样 ， 也 不管 他们 是 不 是 很 聪明 ， 都 可以 夹 上 学 。 孔子 要 让 更 多 的 人 有 几 会 学习 ， 从而 可以 让 知识 和 文化 在 社会 上 得到 传播 。,上学,上 / 学,80,82,上学,[],[81],[81],[],"The prediction inserts an extra boundary inside the gold token [上学], producing [上 / 学].",False,False,,3
541,D,D Direct segmentation,over,以前的学校都是由政府办的，只有地位高的人才能上学读书上，一般老百姓没有几会读书。而孔子办的学校，不管学生的家放和社会地位怎么样，也不管他们是不是很聪明，都可以夹上学。孔子要让更多的人有几会学习，从而可以让知识和文化在社会上得到传播。,以前的学校都是由政府办的，只有地位高的人才能上学读书，一般老百姓没有机会读书。而孔子办的学校，不管学生的家庭和社会地位怎么样，也不管他们是不是很聪明，都可以来上学。孔子要让更多的人有机会学习，从而可以让知识和文化在社会上得到传播。,以前 的 学校 都 是 由 政府 办 的 ， 只有 地位 高 的 人 才 能 上学 读书 上 ， 一般 老百姓 没有 几会 读书 。 而 孔子 办 的 学校 ， 不管 学生 的 家放 和 社会 地位 怎么样 ， 也 不管 他们 是 不 是 很 聪明 ， 都 可以 夹 上学 。 孔子 要 让 更 多 的 人 有 几会 学习 ， 从而 可以 让 知识 和 文化 在 社会 上 得到 传播 。,以前 的 学校 都 是 由 政府 办 的 ， 只有 地位 高 的 人 才 能 上学 读书 上 ， 一般 老百姓 没有 几 会 读书 。 而 孔子 办 的 学校 ， 不管 学生 的 家 放 和 社会 地位 怎么样 ， 也 不管 他们 是 不 是 很 聪明 ， 都 可以 夹 上 学 。 孔子 要 让 更 多 的 人 有 几 会 学习 ， 从而 可以 让 知识 和 文化 在 社会 上 得到 传播 。,几会,几 / 会,92,94,几会,[],[93],[93],[],"The prediction inserts an extra boundary inside the gold token [几会], producing [几 / 会].",False,False,,4
548,D,D Direct segmentation,over,总之，吸烟是不仅是对身体不好还会影响别人，所以如果以已经吸烟的人要吸烟时也不要在公共场所吸烟。如果还没吸烟的青少年请远离开烟。,总之，吸烟不仅对身体不好，还会影响别人。所以吸烟的人如果要吸烟，也不要在公共场所吸；如果是还没吸过烟的青少年，请远离香烟。,总之 ， 吸烟 是 不仅 是 对 身体 不好 还 会 影响 别人 ， 所以 如果 以 已经 吸烟 的 人 要 吸烟 时 也 不要 在 公共场所 吸烟 。 如果 还 没 吸烟 的 青少年 请 远离开 烟 。,总之 ， 吸烟 是 不仅 是 对 身体 不好 还 会 影响 别人 ， 所以 如果 以 已经 吸烟 的 人 要 吸烟 时 也 不要 在 公共场所 吸烟 。 如果 还 没 吸烟 的 青少年 请 远 离开 烟 。,远离开,远 / 离开,58,61,远离开,[],[59],[59],[],"The prediction inserts an extra boundary inside the gold token [远离开], producing [远 / 离开].",False,False,,1
558,D,D Direct segmentation,over,我父母以前都是动物员，所以对我来说父母就是体育老师。,我父母以前都是运动员，所以对我来说父母就是体育老师。,我 父母 以前 都 是 动物员 ， 所以 对 我 来说 父母 就 是 体育 老师 。,我 父母 以前 都 是 动物 员 ， 所以 对 我 来说 父母 就 是 体育 老师 。,动物员,动物 / 员,7,10,动物员,[],[9],[9],[],"The prediction inserts an extra boundary inside the gold token [动物员], producing [动物 / 员].",False,True,,1
560,D,D Direct segmentation,under,当今最热门歌手，不说，喜欢流行歌曲的朋友来说多半是“周董”周杰伦，说到这位歌手有趣的“不清楚”歌法，是很喜费玉清而不喜欢流行歌曲的长辈们所厌恶。,当今最热门的歌手，不得不说，对喜欢流行歌曲的朋友来说多半是“周董”周杰伦。说到这位歌手，他有趣的“不清楚”的歌词受很多喜欢费玉清但不喜欢流行歌曲的长辈们厌恶。,当今 最 热门 歌手 ， 不说 ， 喜欢 流行 歌曲 的 朋友 来说 多半 是 “ 周董 ” 周杰伦 ， 说 到 这 位 歌手 有趣 的 “ 不 清楚 ” 歌法 ， 是 很 喜 费玉清 而 不 喜欢 流行 歌曲 的 长辈 们 所 厌恶 。,当今 最 热门 歌手 ， 不说 ， 喜欢 流行 歌曲 的 朋友 来说 多半 是 “ 周董 ” 周杰伦 ， 说 到 这 位 歌手 有趣 的 “ 不 清楚 ” 歌法 ， 是 很 喜 费玉清 而 不 喜欢 流行歌曲 的 长辈 们 所 厌恶 。,流行 / 歌曲,流行歌曲,60,64,流行歌曲,[62],[],[],[62],"The prediction misses the gold boundary between [流行] and [歌曲], merging them into [流行歌曲].",False,True,,1
568,D,D Direct segmentation,over,我出生于在奥地利。高中毕业后我选只来到瑞士。对于奥地利人来说，出法语区的地方念大学，不是很正常。首于对于我来说，成尺年景后的事是去看世界。在日内瓦大学我宣告汉学系和阿拉拔语。,我出生在奥地利。高中毕业后我选择来到瑞士。对于奥地利人来说，去法语区念大学不是很常见。首先对于我来说，成年后的事是去看世界。在日内瓦大学我学习汉学和阿拉伯语。,我 出生 于 在 奥地利 。 高中 毕业 后 我 选只 来到 瑞士 。 对于 奥地利人 来说 ， 出 法语区 的 地方 念 大学 ， 不 是 很 正常 。 首于 对于 我 来说 ， 成 尺 年景 后 的 事 是 去 看 世界 。 在 日内瓦 大学 我 宣告 汉学系 和 阿拉拔语 。,我 出生 于 在 奥地利 。 高中 毕业 后 我 选 只 来到 瑞士 。 对于 奥地利人 来说 ， 出 法语区 的 地方 念 大学 ， 不 是 很 正常 。 首于 对于 我 来说 ， 成 尺 年景 后 的 事 是 去 看 世界 。 在 日内瓦 大学 我 宣告 汉学系 和 阿拉拔语 。,选只,选 / 只,15,17,选只,[],[16],[16],[],"The prediction inserts an extra boundary inside the gold token [选只], producing [选 / 只].",False,False,,1
584,D,D Direct segmentation,over,目前在我国的流行歌曲越多越发展。差不多每个星期一两次举行流行歌曲会。,目前我国的流行歌曲发展的越来越多，差不多每个星期举行一两次流行歌曲会。,目前 在 我国 的 流行歌曲 越多越 发展 。 差不多 每个 星期 一两 次 举行 流行歌曲 会 。,目前 在 我国 的 流行 歌曲 越 多 越 发展 。 差不多 每个 星期一 两 次 举行 流行歌曲会 。,流行歌曲,流行 / 歌曲,6,10,流行歌曲,[],[8],[8],[],"The prediction inserts an extra boundary inside the gold token [流行歌曲], producing [流行 / 歌曲].",False,True,,1
584,D,D Direct segmentation,over,目前在我国的流行歌曲越多越发展。差不多每个星期一两次举行流行歌曲会。,目前我国的流行歌曲发展的越来越多，差不多每个星期举行一两次流行歌曲会。,目前 在 我国 的 流行歌曲 越多越 发展 。 差不多 每个 星期 一两 次 举行 流行歌曲 会 。,目前 在 我国 的 流行 歌曲 越 多 越 发展 。 差不多 每个 星期一 两 次 举行 流行歌曲会 。,越多越,越 / 多 / 越,10,13,越多越,[],"[11, 12]","[11, 12]",[],"The prediction inserts an extra boundary inside the gold token [越多越], producing [越 / 多 / 越].",False,True,,2
584,D,D Direct segmentation,drift,目前在我国的流行歌曲越多越发展。差不多每个星期一两次举行流行歌曲会。,目前我国的流行歌曲发展的越来越多，差不多每个星期举行一两次流行歌曲会。,目前 在 我国 的 流行歌曲 越多越 发展 。 差不多 每个 星期 一两 次 举行 流行歌曲 会 。,目前 在 我国 的 流行 歌曲 越 多 越 发展 。 差不多 每个 星期一 两 次 举行 流行歌曲会 。,星期 / 一两,星期一 / 两,21,25,星期一两,[23],[24],[24],[23],"The prediction places a boundary at offset [24] instead of the gold offset [23], resulting in a shifted local segmentation.",False,True,,3
584,D,D Direct segmentation,under,目前在我国的流行歌曲越多越发展。差不多每个星期一两次举行流行歌曲会。,目前我国的流行歌曲发展的越来越多，差不多每个星期举行一两次流行歌曲会。,目前 在 我国 的 流行歌曲 越多越 发展 。 差不多 每个 星期 一两 次 举行 流行歌曲 会 。,目前 在 我国 的 流行 歌曲 越 多 越 发展 。 差不多 每个 星期一 两 次 举行 流行歌曲会 。,流行歌曲 / 会,流行歌曲会,28,33,流行歌曲会,[32],[],[],[32],"The prediction misses the gold boundary between [流行歌曲] and [会], merging them into [流行歌曲会].",False,True,,4
586,D,D Direct segmentation,over,我进来了。他们让我坐在椅了上然后开始了问我很多问题。,我进来了。他们让我坐在椅子上然后开始问我很多问题。,我 进来 了 。 他们 让 我 坐 在 椅了 上 然后 开始 了 问 我 很多 问题 。,我 进来 了 。 他们 让 我 坐 在 椅 了 上 然后 开始 了 问 我 很多 问题 。,椅了,椅 / 了,11,13,椅了,[],[12],[12],[],"The prediction inserts an extra boundary inside the gold token [椅了], producing [椅 / 了].",False,True,,1
589,D,D Direct segmentation,under,我们任何地方都容易看见这样的坏拉圾。,我们在任何地方都容易看见这样的坏垃圾。,我们 任何 地方 都 容易 看见 这样 的 坏 拉圾 。,我们 任何 地方 都 容易 看见 这样 的 坏拉圾 。,坏 / 拉圾,坏拉圾,14,17,坏拉圾,[15],[],[],[15],"The prediction misses the gold boundary between [坏] and [拉圾], merging them into [坏拉圾].",True,True,,1
592,D,D Direct segmentation,over,在韩国早有在公共场所或路上随便抽烟的话就要罚款。一开始进行这措施时，很少人知道，但是，慢慢开始很多人都谁熟这一措施。,在韩国早有在公共场所或路上随便抽烟的话就要罚款的措施。一开始进行这措施时，很少人知道，但是，慢慢开始很多人都熟悉这一措施。,在 韩国 早 有 在 公共场所 或 路上 随便 抽烟 的话 就要 罚款 。 一 开始 进行 这 措施 时 ， 很 少 人 知道 ， 但是 ， 慢慢 开始 很多 人 都 谁熟 这 一 措施 。,在 韩国 早 有 在 公共场所 或 路上 随便 抽烟 的话 就要 罚款 。 一 开始 进行 这 措施 时 ， 很 少 人 知道 ， 但是 ， 慢慢 开始 很多 人 都 谁 熟 这 一 措施 。,谁熟,谁 / 熟,51,53,谁熟,[],[52],[52],[],"The prediction inserts an extra boundary inside the gold token [谁熟], producing [谁 / 熟].",False,True,,1
601,D,D Direct segmentation,over,即使这项规定有可能造成一个争论，不过站在青少年的立场上考虑此项规定是件很好措施。这可能是一个新的起点，我想，今后这样措施陆续出台，把我们的周围，生活环境调整一下，给不吸烟的人带来一个良好的生活空间，给像我这样吸烟人带来一个放弃不吸烟的环境。,即使这项规定有可能造成一次争论，不过站在青少年的立场上考虑此项规定是件很好的措施。这可能是一个新的起点，我想，今后像这样的措施陆续出台，把我们周围的生活环境调整一下，给不吸烟的人带来一个良好的生活空间，给像我这样吸烟的人带来一个放弃吸烟的环境。,即使 这项 规定 有 可能 造成 一个 争论 ， 不过 站 在 青少年 的 立场 上 考虑 此 项 规定 是 件 很 好 措施 。 这 可能 是 一个 新 的 起点 ， 我 想 ， 今后 这样 措施 陆续 出台 ， 把 我们 的 周围 ， 生活 环境 调整 一下 ， 给 不 吸烟 的 人 带来 一个 良好 的 生活 空间 ， 给 像 我 这样 吸烟 人 带来 一个 放弃 不 吸烟 的 环境 。,即使 这 项 规定 有 可能 造成 一个 争论 ， 不过 站 在 青少年 的 立场 上 考虑 此 项 规定 是 件 很 好 措施 。 这 可能 是 一个 新 的 起点 ， 我 想 ， 今后 这样 措施 陆续 出台 ， 把 我们 的 周围 ， 生活 环境 调整 一下 ， 给 不 吸烟 的 人 带来 一个 良好 的 生活 空间 ， 给 像 我 这样 吸烟 人 带来 一个 放弃 不 吸烟 的 环境 。,这项,这 / 项,2,4,这项,[],[3],[3],[],"The prediction inserts an extra boundary inside the gold token [这项], producing [这 / 项].",False,False,,1
602,D,D Direct segmentation,over,北京的交通很挤，可是我一经对这个城市的环境很熟悉。我认为北京的天气不舒适，再说没有春天。我大学毕业一后要去中国工作。,北京的交通很拥挤，可是我已经对这个城市的环境很熟悉了。我认为北京的天气令人不舒适，而且没有春天。我大学毕业以后要去中国工作。,北京 的 交通 很 挤 ， 可是 我 一经 对 这个 城市 的 环境 很 熟悉 。 我 认为 北京 的 天气 不 舒适 ， 再说 没有 春天 。 我 大学 毕业 一后 要 去 中国 工作 。,北京 的 交通 很 挤 ， 可是 我 一经 对 这个 城市 的 环境 很 熟悉 。 我 认为 北京 的 天气 不 舒适 ， 再说 没有 春天 。 我 大学 毕业 一 后 要 去 中国 工作 。,一后,一 / 后,49,51,一后,[],[50],[50],[],"The prediction inserts an extra boundary inside the gold token [一后], producing [一 / 后].",False,True,,1
603,D,D Direct segmentation,over,吸烟的时候，因为香烟的有害物质，肝、肺等器官容易变坏，如果多吸烟的话，会得严重的病。特别是青少年吸烟的话，他们会受得成长障碍。,吸烟的时候，因为香烟的有害物质，肝、肺等器官容易变坏，如果多吸烟的话，会得严重的病。特别是青少年吸烟的话，他们的成长会受到阻碍。,吸烟 的 时候 ， 因为 香烟 的 有害 物质 ， 肝 、 肺 等 器官 容易 变 坏 ， 如果 多 吸烟 的话 ， 会 得 严重 的 病 。 特别 是 青少年 吸烟 的话 ， 他们 会 受得 成长 障碍 。,吸烟 的 时候 ， 因为 香烟 的 有害 物质 ， 肝 、 肺 等 器官 容易 变 坏 ， 如果 多 吸烟 的话 ， 会 得 严重 的 病 。 特别 是 青少年 吸烟 的 话 ， 他们 会 受 得 成长 障碍 。,的话,的 / 话,50,52,的话,[],[51],[51],[],"The prediction inserts an extra boundary inside the gold token [的话], producing [的 / 话].",False,False,,1
603,D,D Direct segmentation,over,吸烟的时候，因为香烟的有害物质，肝、肺等器官容易变坏，如果多吸烟的话，会得严重的病。特别是青少年吸烟的话，他们会受得成长障碍。,吸烟的时候，因为香烟的有害物质，肝、肺等器官容易变坏，如果多吸烟的话，会得严重的病。特别是青少年吸烟的话，他们的成长会受到阻碍。,吸烟 的 时候 ， 因为 香烟 的 有害 物质 ， 肝 、 肺 等 器官 容易 变 坏 ， 如果 多 吸烟 的话 ， 会 得 严重 的 病 。 特别 是 青少年 吸烟 的话 ， 他们 会 受得 成长 障碍 。,吸烟 的 时候 ， 因为 香烟 的 有害 物质 ， 肝 、 肺 等 器官 容易 变 坏 ， 如果 多 吸烟 的话 ， 会 得 严重 的 病 。 特别 是 青少年 吸烟 的 话 ， 他们 会 受 得 成长 障碍 。,受得,受 / 得,56,58,受得,[],[57],[57],[],"The prediction inserts an extra boundary inside the gold token [受得], producing [受 / 得].",False,False,,2
606,D,D Direct segmentation,over,我已经订票飞机票。久后，为了我的职业，我要常常旅行。,我已经订好飞机票。以后，因为我的职业，我要常常旅行。,我 已经 订 票 飞机票 。 久后 ， 为了 我 的 职业 ， 我 要 常常 旅行 。,我 已经 订 票 飞机票 。 久 后 ， 为了 我 的 职业 ， 我 要 常常 旅行 。,久后,久 / 后,9,11,久后,[],[10],[10],[],"The prediction inserts an extra boundary inside the gold token [久后], producing [久 / 后].",False,True,,1
609,D,D Direct segmentation,over,有很多的一部分人，都在讲究自己食用的食品是不是绿色的。那当生活过的去的人，一定不会食用带有化学污染的食品来危害自己。,有很大的一部分人，都在讲究自己食用的食品是不是绿色的。那些生活过得去的人，一定不会食用带有化学污染的食品来危害自己。,有 很多 的 一部分 人 ， 都 在 讲究 自己 食用 的 食品 是 不 是 绿色 的 。 那当 生活 过的去 的 人 ， 一定 不 会 食用 带有 化学 污染 的 食品 来 危害 自己 。,有 很多 的 一部分 人 ， 都 在 讲究 自己 食用 的 食品 是 不 是 绿色 的 。 那 当 生活 过 的 去 的 人 ， 一定 不 会 食用 带有 化学 污染 的 食品 来 危害 自己 。,那当,那 / 当,27,29,那当,[],[28],[28],[],"The prediction inserts an extra boundary inside the gold token [那当], producing [那 / 当].",False,True,,1
609,D,D Direct segmentation,over,有很多的一部分人，都在讲究自己食用的食品是不是绿色的。那当生活过的去的人，一定不会食用带有化学污染的食品来危害自己。,有很大的一部分人，都在讲究自己食用的食品是不是绿色的。那些生活过得去的人，一定不会食用带有化学污染的食品来危害自己。,有 很多 的 一部分 人 ， 都 在 讲究 自己 食用 的 食品 是 不 是 绿色 的 。 那当 生活 过的去 的 人 ， 一定 不 会 食用 带有 化学 污染 的 食品 来 危害 自己 。,有 很多 的 一部分 人 ， 都 在 讲究 自己 食用 的 食品 是 不 是 绿色 的 。 那 当 生活 过 的 去 的 人 ， 一定 不 会 食用 带有 化学 污染 的 食品 来 危害 自己 。,过的去,过 / 的 / 去,31,34,过的去,[],"[32, 33]","[32, 33]",[],"The prediction inserts an extra boundary inside the gold token [过的去], producing [过 / 的 / 去].",False,True,,2
612,D,D Direct segmentation,over,最近，一些音乐评论家发表轻视流星歌曲的一些观点，有些人以致蔑视流行歌曲。,最近，一些音乐评论家发表轻视流行歌曲的一些观点，以致于有些人蔑视流行歌曲。,最近 ， 一些 音乐 评论家 发表 轻视 流星歌曲 的 一些 观点 ， 有些 人 以致 蔑视 流行歌曲 。,最近 ， 一些 音乐 评论家 发表 轻视 流星 歌曲 的 一些 观点 ， 有些 人 以致 蔑视 流行歌曲 。,流星歌曲,流星 / 歌曲,14,18,流星歌曲,[],[16],[16],[],"The prediction inserts an extra boundary inside the gold token [流星歌曲], producing [流星 / 歌曲].",False,True,,1
621,D,D Direct segmentation,under,当然大家都盼望自己的小孩成才，所以在你们小时候就对他们的教育严阵以待和处处管教，虽说不是坏事，但也因此使小孩失去了不少童年该有的快乐回忆，所以在小孩的生活中，父母不仅仅是养育者的身份，也是在扮演着老师的责任，而人的一生绝大部分关键都是在儿童时产生，所以在孩子上学前父母就是孩子的第一任老师。,当然大家都盼望自己的小孩成才。所以你们在他们小时候就对他们的教育进行严抓并处处管教，虽说不是坏事，但也因此使小孩失去了不少童年该有的快乐回忆。所以在小孩的生活中，父母不仅仅是养育者的身份，也是在扮演着老师的角色。而人的一生绝大部分关键思想都是在儿童时产生的，所以在孩子上学前，父母就是孩子的第一任老师。,当然 大家 都 盼望 自己 的 小孩 成才 ， 所以 在 你们 小时候 就 对 他们 的 教育 严阵以待 和 处处 管教 ， 虽说 不 是 坏事 ， 但 也 因 此 使 小孩 失去 了 不少 童年 该 有 的 快乐 回忆 ， 所以 在 小孩 的 生活 中 ， 父母 不仅仅 是 养育者 的 身份 ， 也 是 在 扮演 着 老师 的 责任 ， 而 人 的 一生 绝大部分 关键 都 是 在 儿童 时 产生 ， 所以 在 孩子 上学 前 父母 就 是 孩子 的 第一 任 老师 。,当然 大家 都 盼望 自己 的 小孩 成才 ， 所以 在 你们 小时候 就 对 他们 的 教育 严阵以待 和 处处 管教 ， 虽说 不 是 坏事 ， 但 也 因此 使 小孩 失去 了 不少 童年 该 有 的 快乐 回忆 ， 所以 在 小孩 的 生活 中 ， 父母 不仅仅 是 养育者 的 身份 ， 也 是 在 扮演 着 老师 的 责任 ， 而 人 的 一生 绝大部分 关键 都 是 在 儿童 时 产生 ， 所以 在 孩子 上学 前 父母 就 是 孩子 的 第一 任 老师 。,因 / 此,因此,49,51,因此,[50],[],[],[50],"The prediction misses the gold boundary between [因] and [此], merging them into [因此].",False,False,,1
625,D,D Direct segmentation,over,很严重的问题是，吸烟不仅害吸烟者的健康，而且吸烟者周围的人也受到抽烟时不好的影响。这表明，如果一个家庭里一个人抽烟的话，这影响到全家人。比如某一家食堂里你吃饭时一个人抽烟的话造成了那里吃饭的人都抽烟的效果。,很严重的问题是，吸烟不仅危害吸烟者的健康，而且吸烟者周围的人也会受到抽烟的不好的影响。这表明，如果一个家庭里有一个人抽烟的话，这就会影响到全家人。比如你在某一家食堂里吃饭时，如果有一个人抽烟的话，他会造成在那里吃饭的人都被动抽烟的后果。,很 严重 的 问题 是 ， 吸烟 不仅 害 吸烟者 的 健康 ， 而且 吸烟者 周围 的 人 也 受到 抽烟 时 不好 的 影响 。 这 表明 ， 如果 一个 家庭 里 一个 人 抽烟 的话 ， 这 影响 到 全家人 。 比如 某 一 家 食堂 里 你 吃饭 时 一个 人 抽烟 的话 造成 了 那里 吃饭 的 人 都 抽烟 的 效果 。,很 严重 的 问题 是 ， 吸烟 不仅 害 吸烟者 的 健康 ， 而且 吸烟者 周围 的 人 也 受到 抽烟 时 不好 的 影响 。 这 表明 ， 如果 一个 家庭 里 一个 人 抽烟 的话 ， 这 影响 到 全家人 。 比如 某 一 家 食堂 里 你 吃饭 时 一个 人 抽烟 的 话 造成 了 那里 吃饭 的 人 都 抽烟 的 效果 。,的话,的 / 话,85,87,的话,[],[86],[86],[],"The prediction inserts an extra boundary inside the gold token [的话], producing [的 / 话].",False,False,,1
628,D,D Direct segmentation,under,其实就按照我个人所经历过的学生时代来说吧，这男女分校好还是混合好倒是各有各的说法，赞成分校者谓说可以提防男女少年过于早熟早恋，甚至于“偷尝禁果”但个人认为多数实行分校制者实际上都是一些所谓比较“名牌”的学校因此为“名”而分者是更大的考量。,其实就按照我个人所经历过的学生时代来说吧，是男女分校好还是混合好倒是各有各的说法，赞成分校者认为分校可以提防男女少年过于早熟早恋，甚至“偷尝禁果”，但个人认为多数实行分校制者实际上都是一些所谓比较“名牌”的学校，“名”是更大的考量。,其实 就 按照 我 个人 所 经历 过 的 学生 时代 来说 吧 ， 这 男女 分校 好 还是 混合 好 倒是 各 有 各 的 说法 ， 赞成 分校 者 谓 说 可以 提防 男女 少年 过于 早熟 早恋 ， 甚至于 “ 偷尝 禁果 ” 但 个人 认为 多数 实行 分校制 者 实际上 都 是 一些 所谓 比较 “ 名牌 ” 的 学校 因此 为 “ 名 ” 而 分 者 是 更 大 的 考量 。,其实 就 按照 我 个人 所 经历 过 的 学生 时代 来说 吧 ， 这 男女 分校 好 还是 混合 好 倒是 各 有 各 的 说法 ， 赞成 分校者 谓 说 可以 提防 男女 少年 过于 早熟 早恋 ， 甚至于 “ 偷尝 禁果 ” 但 个人 认为 多数 实行 分校制 者 实际上 都 是 一些 所谓 比较 “ 名牌 ” 的 学校 因此 为 “ 名 ” 而 分 者 是 更 大 的 考量 。,分校 / 者,分校者,43,46,分校者,[45],[],[],[45],"The prediction misses the gold boundary between [分校] and [者], merging them into [分校者].",False,False,,1
631,D,D Direct segmentation,over,所以我少就不理他了。,所以我就不理他了。,所以 我 少就 不 理 他 了 。,所以 我 少 就 不 理 他 了 。,少就,少 / 就,3,5,少就,[],[4],[4],[],"The prediction inserts an extra boundary inside the gold token [少就], producing [少 / 就].",True,True,,1
636,D,D Direct segmentation,over,我们小的时候，我们很喜欢在一起又比赛、又玩。我们在学校的操场常常打了网球、蓝球、排球，很有意思了。,我们小的时候，很喜欢在一起比赛、玩。我们常常在学校的操场打网球、篮球、排球，可有意思了。,我们 小 的 时候 ， 我们 很 喜欢 在 一起 又 比赛 、 又 玩 。 我们 在 学校 的 操场 常常 打 了 网球 、 蓝球 、 排球 ， 很 有意思 了 。,我们 小 的 时候 ， 我们 很 喜欢 在 一起 又 比赛 、 又 玩 。 我们 在 学校 的 操场 常常 打 了 网球 、 蓝 球 、 排球 ， 很 有意思 了 。,蓝球,蓝 / 球,37,39,蓝球,[],[38],[38],[],"The prediction inserts an extra boundary inside the gold token [蓝球], producing [蓝 / 球].",False,True,,1
644,D,D Direct segmentation,over,虽然我们主观上不愿看到此等情形，但从广义的结论上来看，强制手段能给社会公众带来一个健康和美观的环境的话，也算是一个迫不得已的措施吧。,虽然我们主观上不愿看到此等情形，但从广义的结论上来看，如果强制手段能给社会公众带来一个健康和美观的环境的话，那么它也算是一个迫不得已的措施吧。,虽然 我们 主观 上 不 愿 看到 此等 情形 ， 但 从 广义 的 结论 上 来 看 ， 强制 手段 能 给 社会 公众 带来 一个 健康 和 美观 的 环境 的话 ， 也 算是 一个 迫不得已 的 措施 吧 。,虽然 我们 主观 上 不 愿 看到 此 等 情形 ， 但 从 广义 的 结论 上 来 看 ， 强制 手段 能 给 社会 公众 带来 一个 健康 和 美观 的 环境 的话 ， 也 算是 一个 迫不得已 的 措施 吧 。,此等,此 / 等,11,13,此等,[],[12],[12],[],"The prediction inserts an extra boundary inside the gold token [此等], producing [此 / 等].",False,True,,1
647,D,D Direct segmentation,under,自古至今，男欢女爱，在东西方的眼中各有不同的看法。先说西方洋人喜欢追求浪漫、刺激的一见钟情，快熟式的恋爱方式，对我们中国人来说，可说是见怪不怪。,自古至今，男欢女爱，在东西方的眼中各有看法。先说西方洋人喜欢追求浪漫、刺激的一见钟情那样快餐式的恋爱方式，对我们中国人来说，可谓是见怪不怪。,自古至 今 ， 男 欢 女爱 ， 在 东西方 的 眼中 各 有 不同 的 看法 。 先 说 西方 洋人 喜欢 追求 浪漫 、 刺激 的 一见钟情 ， 快熟式 的 恋爱 方式 ， 对 我们 中国 人 来说 ， 可说 是 见怪不怪 。,自古至 今 ， 男 欢女爱 ， 在 东西方 的 眼中 各 有 不同 的 看法 。 先 说 西方 洋人 喜欢 追求 浪漫 、 刺激 的 一见钟情 ， 快熟式 的 恋爱 方式 ， 对 我们 中国 人 来说 ， 可 说是 见怪不怪 。,欢 / 女爱,欢女爱,6,9,欢女爱,[7],[],[],[7],"The prediction misses the gold boundary between [欢] and [女爱], merging them into [欢女爱].",False,True,,1
647,D,D Direct segmentation,drift,自古至今，男欢女爱，在东西方的眼中各有不同的看法。先说西方洋人喜欢追求浪漫、刺激的一见钟情，快熟式的恋爱方式，对我们中国人来说，可说是见怪不怪。,自古至今，男欢女爱，在东西方的眼中各有看法。先说西方洋人喜欢追求浪漫、刺激的一见钟情那样快餐式的恋爱方式，对我们中国人来说，可谓是见怪不怪。,自古至 今 ， 男 欢 女爱 ， 在 东西方 的 眼中 各 有 不同 的 看法 。 先 说 西方 洋人 喜欢 追求 浪漫 、 刺激 的 一见钟情 ， 快熟式 的 恋爱 方式 ， 对 我们 中国 人 来说 ， 可说 是 见怪不怪 。,自古至 今 ， 男 欢女爱 ， 在 东西方 的 眼中 各 有 不同 的 看法 。 先 说 西方 洋人 喜欢 追求 浪漫 、 刺激 的 一见钟情 ， 快熟式 的 恋爱 方式 ， 对 我们 中国 人 来说 ， 可 说是 见怪不怪 。,可说 / 是,可 / 说是,64,67,可说是,[66],[65],[65],[66],"The prediction places a boundary at offset [65] instead of the gold offset [66], resulting in a shifted local segmentation.",False,True,,2
648,D,D Direct segmentation,over,在海上船行的日子，我看了很多书，画画，观看船上的节且和其他活动。我和家人度过了绝妙的两周。,在海上航行的日子，我看了很多书、画画、观看船上的节目和其他活动。我和家人度过了绝妙的两周。,在 海上 船行 的 日子 ， 我 看 了 很多 书 ， 画画 ， 观看 船上 的 节且 和 其他 活动 。 我 和 家人 度过 了 绝妙 的 两 周 。,在 海上 船 行 的 日子 ， 我 看 了 很多 书 ， 画画 ， 观看 船上 的 节且 和 其他 活动 。 我 和 家人 度过 了 绝妙 的 两 周 。,船行,船 / 行,3,5,船行,[],[4],[4],[],"The prediction inserts an extra boundary inside the gold token [船行], producing [船 / 行].",False,True,,1
673,D,D Direct segmentation,over,全家人去可以给父母小小的自要，因为孩子可以由其他家长看守。如果有好多人就会越来越热闹。,全家人去可以给父母小小的自由，因为孩子可以由其他家长看管。如果人很多，就会越来越热闹。,全家人 去 可以 给 父母 小小的 自要 ， 因为 孩子 可以 由 其他 家长 看守 。 如果 有 好多 人 就 会 越来越 热闹 。,全家人 去 可以 给 父母 小小的 自 要 ， 因为 孩子 可以 由 其他 家长 看守 。 如果 有 好多 人 就 会 越来越 热闹 。,自要,自 / 要,12,14,自要,[],[13],[13],[],"The prediction inserts an extra boundary inside the gold token [自要], producing [自 / 要].",False,True,,1
683,D,D Direct segmentation,over,但当时我的对抽烟的想法打负了这个诱惑。我是个网球迷，从十五岁的时候开始打的球。对一个运动爱好者来说管理自己的健康应该十二分重视，我的想法也是一样。后来过了十多年了，社会的对抽烟的观念也发展到一样的方向了。,但当时我对抽烟的想法打败了这个诱惑。我是个网球迷，从十五岁的时候开始打网球。一个运动爱好者对管理自己的健康应该十二分重视，我的想法也是这样。后来过了十多年了，社会上对抽烟的观念也发展到一样的方向了。,但 当时 我 的 对 抽烟 的 想法 打负 了 这个 诱惑 。 我 是 个 网球迷 ， 从 十五 岁 的 时候 开始 打 的 球 。 对 一个 运动 爱好者 来说 管理 自己 的 健康 应该 十二 分 重视 ， 我 的 想法 也 是 一样 。 后来 过 了 十 多 年 了 ， 社会 的 对 抽烟 的 观念 也 发展 到 一样 的 方向 了 。,但 当时 我 的 对 抽烟 的 想法 打 负 了 这个 诱惑 。 我 是 个 网球迷 ， 从 十五 岁 的 时候 开始 打 的 球 。 对 一个 运动 爱好者 来说 管理 自己 的 健康 应该 十二分 重视 ， 我 的 想法 也 是 一样 。 后来 过 了 十 多 年 了 ， 社会 的 对 抽烟 的 观念 也 发展 到 一样 的 方向 了 。,打负,打 / 负,11,13,打负,[],[12],[12],[],"The prediction inserts an extra boundary inside the gold token [打负], producing [打 / 负].",False,False,,1
683,D,D Direct segmentation,under,但当时我的对抽烟的想法打负了这个诱惑。我是个网球迷，从十五岁的时候开始打的球。对一个运动爱好者来说管理自己的健康应该十二分重视，我的想法也是一样。后来过了十多年了，社会的对抽烟的观念也发展到一样的方向了。,但当时我对抽烟的想法打败了这个诱惑。我是个网球迷，从十五岁的时候开始打网球。一个运动爱好者对管理自己的健康应该十二分重视，我的想法也是这样。后来过了十多年了，社会上对抽烟的观念也发展到一样的方向了。,但 当时 我 的 对 抽烟 的 想法 打负 了 这个 诱惑 。 我 是 个 网球迷 ， 从 十五 岁 的 时候 开始 打 的 球 。 对 一个 运动 爱好者 来说 管理 自己 的 健康 应该 十二 分 重视 ， 我 的 想法 也 是 一样 。 后来 过 了 十 多 年 了 ， 社会 的 对 抽烟 的 观念 也 发展 到 一样 的 方向 了 。,但 当时 我 的 对 抽烟 的 想法 打 负 了 这个 诱惑 。 我 是 个 网球迷 ， 从 十五 岁 的 时候 开始 打 的 球 。 对 一个 运动 爱好者 来说 管理 自己 的 健康 应该 十二分 重视 ， 我 的 想法 也 是 一样 。 后来 过 了 十 多 年 了 ， 社会 的 对 抽烟 的 观念 也 发展 到 一样 的 方向 了 。,十二 / 分,十二分,58,61,十二分,[60],[],[],[60],"The prediction misses the gold boundary between [十二] and [分], merging them into [十二分].",False,False,,2
701,D,D Direct segmentation,over,刚刚看了一下题目，心里禁不出笑了出来，我仔细地思考，难道吸烟不影响身体的哪里呢？尤其是肺，其次是嗓子，皮肤，骨，儿童发育，算我是一个久年的吸烟狂的经验来看，自从我吸烟之后，没有一天是活力十足的。,刚刚看了一下题目，不禁笑出声来。我仔细地思考，吸烟对身体的哪里不影响呢？尤其是肺，其次是嗓子、皮肤、骨，尤其是儿童发育，依我一个九年的吸烟狂的经验来看，自从我吸烟之后，没有一天是活力十足的。,刚刚 看 了 一下 题目 ， 心里 禁不出 笑 了 出来 ， 我 仔细 地 思考 ， 难道 吸烟 不 影响 身体 的 哪里 呢 ？ 尤其 是 肺 ， 其次 是 嗓子 ， 皮肤 ， 骨 ， 儿童 发育 ， 算 我 是 一个 久年 的 吸烟狂 的 经验 来 看 ， 自从 我 吸烟 之后 ， 没有 一 天 是 活力 十足 的 。,刚刚 看 了 一下 题目 ， 心里 禁 不 出 笑 了 出来 ， 我 仔细 地 思考 ， 难道 吸烟 不 影响 身体 的 哪里 呢 ？ 尤其 是 肺 ， 其次 是 嗓子 ， 皮肤 ， 骨 ， 儿童 发育 ， 算 我 是 一个 久年 的 吸烟狂 的 经验 来 看 ， 自从 我 吸烟 之后 ， 没有 一 天 是 活力 十足 的 。,禁不出,禁 / 不 / 出,11,14,禁不出,[],"[12, 13]","[12, 13]",[],"The prediction inserts an extra boundary inside the gold token [禁不出], producing [禁 / 不 / 出].",False,False,,1
703,D,D Direct segmentation,over,上个星期二在学校没来了，我有二个课了，都没来了。上个同末上个星期一和上个星期二，我有偏头痛。偏头痛是慢性病。以前，刚才我妈妈和爸爸都有了偏头痛，现在没有了。所以，我很希望我能它治好了。,上个星期二我没来学校，我有两节课没来了：上个周末、上个星期一和上个星期二。我有偏头痛，偏头痛是慢性病。以前，我妈妈和爸爸都有偏头痛，现在没有了。所以，我很希望我能把它治好。,上个 星期二 在 学校 没 来 了 ， 我 有 二 个 课 了 ， 都 没 来 了 。 上 个 同末 上 个 星期一 和 上 个 星期二 ， 我 有 偏头痛 。 偏头痛 是 慢性病 。 以前 ， 刚才 我 妈妈 和 爸爸 都 有 了 偏头痛 ， 现在 没有 了 。 所以 ， 我 很 希望 我 能 它 治 好 了 。,上 个 星期二 在 学校 没 来 了 ， 我 有 二 个 课 了 ， 都 没 来 了 。 上 个 同末 上 个 星期一 和 上 个 星期二 ， 我 有 偏头痛 。 偏头痛 是 慢性病 。 以前 ， 刚才 我 妈妈 和 爸爸 都 有 了 偏头痛 ， 现在 没有 了 。 所以 ， 我 很 希望 我 能 它 治 好 了 。,上个,上 / 个,0,2,上个,[],[1],[1],[],"The prediction inserts an extra boundary inside the gold token [上个], producing [上 / 个].",False,False,,1
707,D,D Direct segmentation,over,总之，从小一起长大的玩伴，随着年龄的增长，自然而然地走到了一起，是一件难得可贵的事，也是一件幸福的事。,总之，从小一起长大的玩伴，随着年龄的增长，自然而然地走到了一起，是一件难能可贵的事，也是一件幸福的事。,总之 ， 从小 一起 长大 的 玩伴 ， 随着 年龄 的 增长 ， 自然而然 地 走 到 了 一起 ， 是 一 件 难得可贵 的 事 ， 也 是 一 件 幸福 的 事 。,总之 ， 从小 一起 长大 的 玩伴 ， 随着 年龄 的 增长 ， 自然而然 地 走 到 了 一起 ， 是 一 件 难得 可贵 的 事 ， 也 是 一 件 幸福 的 事 。,难得可贵,难得 / 可贵,35,39,难得可贵,[],[37],[37],[],"The prediction inserts an extra boundary inside the gold token [难得可贵], producing [难得 / 可贵].",False,True,,1
713,D,D Direct segmentation,under,第二，男女分班教育给孩子封建思想。听说女子学校里教的内容是女子一定会做饭、做布等家务，而男子学校不教那种学科。,第二，男女分班教育给孩子灌输封建思想。听说女子学校里教的内容是女子一定要会做饭、做布等家务，而男子学校不教那种学科。,第二 ， 男女 分 班 教育 给 孩子 封建 思想 。 听说 女子 学校 里 教 的 内容 是 女子 一定 会 做饭 、 做 布 等 家务 ， 而 男子 学校 不 教 那种 学科 。,第二 ， 男女 分班 教育 给 孩子 封建 思想 。 听说 女子 学校 里 教 的 内容 是 女子 一定 会 做饭 、 做 布 等 家务 ， 而 男子 学校 不 教 那 种 学科 。,分 / 班,分班,5,7,分班,[6],[],[],[6],"The prediction misses the gold boundary between [分] and [班], merging them into [分班].",False,True,,1
713,D,D Direct segmentation,over,第二，男女分班教育给孩子封建思想。听说女子学校里教的内容是女子一定会做饭、做布等家务，而男子学校不教那种学科。,第二，男女分班教育给孩子灌输封建思想。听说女子学校里教的内容是女子一定要会做饭、做布等家务，而男子学校不教那种学科。,第二 ， 男女 分 班 教育 给 孩子 封建 思想 。 听说 女子 学校 里 教 的 内容 是 女子 一定 会 做饭 、 做 布 等 家务 ， 而 男子 学校 不 教 那种 学科 。,第二 ， 男女 分班 教育 给 孩子 封建 思想 。 听说 女子 学校 里 教 的 内容 是 女子 一定 会 做饭 、 做 布 等 家务 ， 而 男子 学校 不 教 那 种 学科 。,那种,那 / 种,50,52,那种,[],[51],[51],[],"The prediction inserts an extra boundary inside the gold token [那种], producing [那 / 种].",False,True,,2
726,D,D Direct segmentation,over,她父亲是一个英国人而我是蒙古所以我们的沟通语言是一半英文一半中文还一半蒙文。,她父亲是一个英国人而我是蒙古人，所以我们的沟通语言是三分之一英文，三分之一中文还有三分之一蒙文。,她 父亲 是 一个 英国人 而 我 是 蒙古 所以 我们 的 沟通 语言 是 一半 英文 一半 中文 还 一半 蒙文 。,她 父亲 是 一个 英国 人 而 我 是 蒙古 所以 我们 的 沟通 语言 是 一半 英文 一半 中文 还 一半 蒙文 。,英国人,英国 / 人,6,9,英国人,[],[8],[8],[],"The prediction inserts an extra boundary inside the gold token [英国人], producing [英国 / 人].",False,True,,1
728,D,D Direct segmentation,over,为了这个研讨会，我得做一次事题报告，主题是妇女艺术家。为了暸解她们的艺术，我得暸解她们的生活情况。看书以后我很受打击：她们的情况中有很严重的平等问题！,为了这个研讨会，我得做一次主题报告，主题是妇女艺术家。为了了解她们的艺术，我得了解她们的生活情况。看了书以后我很受打击：她们的情况中存在很严重的不平等问题！,为了 这个 研讨会 ， 我 得 做 一 次 事题 报告 ， 主题 是 妇女 艺术家 。 为了 暸解 她们 的 艺术 ， 我 得 暸解 她们 的 生活 情况 。 看 书 以后 我 很 受 打击 ： 她们 的 情况 中 有 很 严重 的 平等 问题 ！,为了 这个 研讨会 ， 我 得 做 一 次 事 题 报告 ， 主题 是 妇女 艺术家 。 为了 暸解 她们 的 艺术 ， 我 得 暸解 她们 的 生活 情况 。 看 书 以后 我 很 受 打击 ： 她们 的 情况 中 有 很 严重 的 平等 问题 ！,事题,事 / 题,13,15,事题,[],[14],[14],[],"The prediction inserts an extra boundary inside the gold token [事题], producing [事 / 题].",False,True,,1
731,D,D Direct segmentation,over,而且，污染的农产品也可以用各种方法来减少对身体的危害，比如说，蔬菜呢，炒着吃不要吃生的，要是吃生的话，吃葡萄酒。,而且，对于被污染的农产品也可以用各种方法来减少其对身体的危害，比如说，蔬菜呢，炒着吃不要吃生的，要是生吃的话，先喝葡萄酒。,而且 ， 污染 的 农产品 也 可以 用 各种 方法 来 减少 对 身体 的 危害 ， 比如说 ， 蔬菜 呢 ， 炒 着 吃 不要 吃 生 的 ， 要是 吃 生 的话 ， 吃 葡萄酒 。,而且 ， 污染 的 农产品 也 可以 用 各种 方法 来 减少 对 身体 的 危害 ， 比如说 ， 蔬菜 呢 ， 炒 着 吃 不要 吃 生 的 ， 要是 吃 生 的 话 ， 吃 葡萄酒 。,的话,的 / 话,48,50,的话,[],[49],[49],[],"The prediction inserts an extra boundary inside the gold token [的话], producing [的 / 话].",False,True,,1
732,D,D Direct segmentation,over,虽然政策中保护环境是一条特别重要的问题，每个人都下可以随便帮助保护环境。随着科技的发展和社会的进步，许多人类活动越来越给环境造成在量的污染，这样也造成气候的变化。如果我们都要不但防治环境恶化，而且保护自己。,虽然政策中保护环境是一个特别重要的内容，每个人都不可以随便帮助保护环境。随着科技的发展和社会的进步，许多人类活动越来越给环境带来大量的污染，这样也造成气候的变化。我们都要防治环境恶化，并且保护自己。,虽然 政策 中 保护 环境 是 一 条 特别 重要 的 问题 ， 每个 人 都 下 可以 随便 帮助 保护 环境 。 随着 科技 的 发展 和 社会 的 进步 ， 许多 人类 活动 越来越 给 环境 造成 在量 的 污染 ， 这样 也 造成 气候 的 变化 。 如果 我们 都 要 不但 防治 环境 恶化 ， 而且 保护 自己 。,虽然 政策 中 保护 环境 是 一 条 特别 重要 的 问题 ， 每个 人 都 下 可以 随便 帮助 保护 环境 。 随着 科技 的 发展 和 社会 的 进步 ， 许多 人类 活动 越来越 给 环境 造成 在 量 的 污染 ， 这样 也 造成 气候 的 变化 。 如果 我们 都 要 不但 防治 环境 恶化 ， 而且 保护 自己 。,在量,在 / 量,64,66,在量,[],[65],[65],[],"The prediction inserts an extra boundary inside the gold token [在量], producing [在 / 量].",False,False,,1
734,D,D Direct segmentation,under,还有公众利益方面来说，社会上还有不吸烟的人。最近他们的声音越来越大，因为他们虽然不吸烟可是受到吸烟人的影响，他们叫被吸烟者。,还有从公众利益方面来说，社会上还有不吸烟的人。最近他们的声音越来越大，因为他们虽然不吸烟可是受到吸烟人的影响，他们被叫做被吸烟者。,还有 公众 利益 方面 来说 ， 社会 上 还有 不 吸烟 的 人 。 最近 他们 的 声音 越来越 大 ， 因为 他们 虽然 不 吸烟 可是 受到 吸烟 人 的 影响 ， 他们 叫 被吸烟者 。,还有 公众 利益 方面 来说 ， 社会 上 还有 不 吸烟 的 人 。 最近 他们 的 声音 越来越 大 ， 因为 他们 虽然 不 吸烟 可是 受到 吸烟人 的 影响 ， 他们 叫 被吸烟者 。,吸烟 / 人,吸烟人,47,50,吸烟人,[49],[],[],[49],"The prediction misses the gold boundary between [吸烟] and [人], merging them into [吸烟人].",False,False,,1
736,D,D Direct segmentation,over,就是说，这里，各课有tutorial。,就是说，这里各科都有tutorial。,就是说 ， 这里 ， 各课 有 tutorial 。,就是说 ， 这里 ， 各 课 有 tutorial 。,各课,各 / 课,7,9,各课,[],[8],[8],[],"The prediction inserts an extra boundary inside the gold token [各课], producing [各 / 课].",True,True,,1
740,D,D Direct segmentation,over,比如说中老年人大概是从30到50阶层的人们，青少年看他们抽烟，引起自己的好奇，后来试抽一次，再抽一次，已经瘾上了。,比如说中老年人大概是从30到50岁的人们，青少年看他们抽烟，引起了自己的好奇，后来试抽一次，再抽一次，就上瘾了。,比如说 中老年人 大概 是 从 30 到 50 阶层 的 人们 ， 青少年 看 他们 抽烟 ， 引起 自己 的 好奇 ， 后来 试 抽 一 次 ， 再 抽 一 次 ， 已经 瘾上 了 。,比如说 中老年人 大概 是 从 30 到 50 阶层 的 人们 ， 青少年 看 他们 抽烟 ， 引起 自己 的 好奇 ， 后来 试 抽 一 次 ， 再 抽 一 次 ， 已经 瘾 上 了 。,瘾上,瘾 / 上,53,55,瘾上,[],[54],[54],[],"The prediction inserts an extra boundary inside the gold token [瘾上], producing [瘾 / 上].",False,True,,1
743,D,D Direct segmentation,over,他们作曲家变成一个糊糊涂涂的傻瓜，怎么办？在剑桥他们还认识别外一个朋友，叫吉尔，会弹吉他，就让他替德克。,他们的作曲家变成一个糊里糊涂的傻瓜，怎么办？在剑桥他们还认识另外一个朋友，叫吉尔，会弹吉他，就让他代替德克。,他们 作曲家 变成 一个 糊糊涂涂 的 傻瓜 ， 怎么办 ？ 在 剑桥 他们 还 认识 别外 一个 朋友 ， 叫 吉尔 ， 会 弹 吉他 ， 就 让 他 替 德克 。,他们 作曲家 变成 一个 糊糊涂涂 的 傻瓜 ， 怎么办 ？ 在 剑桥 他们 还 认识 别 外 一个 朋友 ， 叫 吉尔 ， 会 弹 吉他 ， 就 让 他 替 德克 。,别外,别 / 外,29,31,别外,[],[30],[30],[],"The prediction inserts an extra boundary inside the gold token [别外], producing [别 / 外].",False,True,,1
748,D,D Direct segmentation,over,以候走在马路上，再也不必被身边的二手烟干扰而感到不适，也不会在路上看到许多被乱丢在地上的烟头。所每个人和身边的环境来说，都是一大乐事。,以后走在马路上，再也不必被身边的二手烟干扰而感到不适，也不会看到许多被乱丢在地上的烟头。对每个人和身边的环境来说，都是一大乐事。,以候 走 在 马路 上 ， 再 也 不必 被 身边 的 二手烟 干扰 而 感到 不适 ， 也 不 会 在 路上 看到 许多 被 乱 丢 在 地上 的 烟头 。 所 每个 人 和 身边 的 环境 来说 ， 都 是 一 大 乐事 。,以 候 走 在 马路 上 ， 再 也 不必 被 身边 的 二手烟 干扰 而 感到 不适 ， 也 不 会 在 路上 看到 许多 被 乱 丢 在 地上 的 烟头 。 所 每个 人 和 身边 的 环境 来说 ， 都 是 一 大 乐事 。,以候,以 / 候,0,2,以候,[],[1],[1],[],"The prediction inserts an extra boundary inside the gold token [以候], producing [以 / 候].",False,True,,1
760,D,D Direct segmentation,over,他说“因为学校里没有女孩子，我们的年龄相当于青春期，就是特别关心异性。我常常去了别的女子中学找女朋友。,他说：“因为学校里没有女孩子，我们处于青春期，就是特别关心异性。我常常去别的女子中学找女朋友。”,他 说 “ 因为 学校 里 没有 女孩子 ， 我们 的 年龄 相当 于 青春期 ， 就是 特别 关心 异性 。 我 常常 去 了 别的 女子 中学 找 女朋友 。,他 说 “ 因为 学校 里 没有 女孩子 ， 我们 的 年龄 相当 于 青春期 ， 就 是 特别 关心 异性 。 我 常常 去 了 别的 女子 中学 找 女朋友 。,就是,就 / 是,26,28,就是,[],[27],[27],[],"The prediction inserts an extra boundary inside the gold token [就是], producing [就 / 是].",False,True,,1
766,D,D Direct segmentation,over,毕业以后，我打算继续读硕士。我的同学多部分都上大学了：有的学法律，有的学电脑，还有的学心理学。只有我学语言。,毕业以后，我打算继续读硕士。我的同学大部分都上大学了：有的学法律，有的学电脑，还有的学心理学，只有我学语言。,毕业 以后 ， 我 打算 继续 读 硕士 。 我 的 同学 多部分 都 上 大学 了 ： 有的 学 法律 ， 有的 学 电脑 ， 还有 的 学 心理学 。 只有 我 学 语言 。,毕业 以后 ， 我 打算 继续 读 硕士 。 我 的 同学 多 部分 都 上 大学 了 ： 有的 学 法律 ， 有的 学 电脑 ， 还有 的 学 心理学 。 只有 我 学 语言 。,多部分,多 / 部分,18,21,多部分,[],[19],[19],[],"The prediction inserts an extra boundary inside the gold token [多部分], producing [多 / 部分].",False,True,,1
767,D,D Direct segmentation,over,如果父母是个热情重感情的人孩子也同样热情重感情的人反而要是父母是冷淡的人的话孩子很少成为热情的人。,如果父母是个热情、重感情的人，孩子也同样成为热情、重感情的人，反而要是父母是冷淡的人的话，孩子很少成为热情的人。,如果 父母 是 个 热情 重 感情 的 人 孩子 也 同样 热情 重 感情 的 人 反而 要是 父母 是 冷淡 的 人 的话 孩子 很 少 成为 热情 的 人 。,如果 父母 是 个 热情 重 感情 的 人 孩子 也 同样 热情 重 感情 的 人 反而 要是 父母 是 冷淡 的 人 的 话 孩子 很 少 成为 热情 的 人 。,的话,的 / 话,36,38,的话,[],[37],[37],[],"The prediction inserts an extra boundary inside the gold token [的话], producing [的 / 话].",False,True,,1
768,D,D Direct segmentation,over,为了满足大众的要求，流行歌曲也很快变。我认为是这一点是古典或传统音乐并b没拥有的特点。,为了满足大众的要求，流行歌曲也变化得很快，我认为这一点是古典或传统音乐没有的特点。,为了 满足 大众 的 要求 ， 流行歌曲 也 很 快 变 。 我 认为 是 这 一 点 是 古典 或 传统 音乐 并 b 没 拥有 的 特点 。,为了 满足 大众 的 要求 ， 流行 歌曲 也 很 快 变 。 我 认为 是 这 一 点 是 古典 或 传统 音乐 并 b 没 拥有 的 特点 。,流行歌曲,流行 / 歌曲,10,14,流行歌曲,[],[12],[12],[],"The prediction inserts an extra boundary inside the gold token [流行歌曲], producing [流行 / 歌曲].",False,True,,1
772,D,D Direct segmentation,over,阅读也要按照自己的学历来进行，也不可凭着一时的兴趣而阅读一些水平太高，而不适合自己的书籍。最好先选一些容易理解的书来看，往后才慢慢提升。这样才会有效，我平人有一些见解是：阅读不在以快，而重点在于阅读以后所获得的效果。,阅读也要按照自己的学历来进行，不可凭着一时的兴趣而阅读一些水平太高而不适合自己的书籍。最好先选一些容易理解的书来看，往后再慢慢提升书籍的难度，这样阅读才会有效。我个人的一些见解是：阅读不在于快，重点在于阅读以后所获得的效果。,阅读 也 要 按照 自己 的 学历 来 进行 ， 也 不可 凭着 一时 的 兴趣 而 阅读 一些 水平 太 高 ， 而 不 适合 自己 的 书籍 。 最好 先 选 一些 容易 理解 的 书 来 看 ， 往后 才 慢慢 提升 。 这样 才 会 有效 ， 我 平人 有 一些 见解 是 ： 阅读 不 在以 快 ， 而 重点 在于 阅读 以后 所 获得 的 效果 。,阅读 也 要 按照 自己 的 学历 来 进行 ， 也 不可 凭着 一时 的 兴趣 而 阅读 一些 水平 太 高 ， 而 不 适合 自己 的 书籍 。 最好 先 选 一些 容易 理解 的 书 来 看 ， 往后 才 慢慢 提升 。 这样 才 会 有效 ， 我 平人 有 一些 见解 是 ： 阅读 不 在 以 快 ， 而 重点 在于 阅读 以后 所 获得 的 效果 。,在以,在 / 以,88,90,在以,[],[89],[89],[],"The prediction inserts an extra boundary inside the gold token [在以], producing [在 / 以].",False,False,,1
777,D,D Direct segmentation,under,比如人口密集的商业中心吸烟的话周围人也会受到一定的影响。公共场所上的吸烟不光是个人问题，而是造成其他人的健康不良问题的公共问题。超过吸烟者一个人的健康问题，危害整个社会的健康水平。,比如在人口密集的商业中心吸烟的话，周围人也会受到一定的影响。公共场所里的吸烟行为不光是个人问题，还是造成其他人的健康不良问题的公共问题。这不只是吸烟者一个人的健康问题，还是整个社会的健康问题。,比如 人口 密集 的 商业 中心 吸烟 的话 周围 人 也 会 受到 一定 的 影响 。 公共场所 上 的 吸烟 不光 是 个人 问题 ， 而是 造成 其他 人 的 健康 不良 问题 的 公共 问题 。 超过 吸烟者 一个 人 的 健康 问题 ， 危害 整个 社会 的 健康 水平 。,比如 人口 密集 的 商业 中心 吸烟 的话 周围 人 也 会 受到 一定 的 影响 。 公共场所 上 的 吸烟 不光 是 个人 问题 ， 而是 造成 其他人 的 健康 不良 问题 的 公共 问题 。 超过 吸烟者 一个 人 的 健康 问题 ， 危害 整个 社会 的 健康 水平 。,其他 / 人,其他人,48,51,其他人,[50],[],[],[50],"The prediction misses the gold boundary between [其他] and [人], merging them into [其他人].",False,False,,1
795,D,D Direct segmentation,over,还有非声明的一点就是本人与许多家旅游公司、新加坡航空公司及几家租车行有连络往外，关系也相当密切，相信这对于我在贵旅行公司工作，必定会带来许多方便，也能与这些公司谈在本区域，甚至国外的合作。,还有要声明的一点就是本人与许多家旅游公司、新加坡航空公司及几家租车行有联络往来，关系也相当密切，相信这对于我在贵旅行公司工作，必定会带来许多方便，我也能与这些公司谈在本区域，甚至国外的合作。,还有 非 声明 的 一 点 就是 本人 与 许多 家 旅游 公司 、 新加坡 航空 公司 及 几 家 租车行 有 连络 往外 ， 关系 也 相当 密切 ， 相信 这 对于 我 在 贵 旅行 公司 工作 ， 必定 会 带来 许多 方便 ， 也 能 与 这些 公司 谈 在 本 区域 ， 甚至 国外 的 合作 。,还有 非 声明 的 一 点 就 是 本人 与 许多 家 旅游 公司 、 新加坡 航空 公司 及 几 家 租车行 有 连络 往外 ， 关系 也 相当 密切 ， 相信 这 对于 我 在 贵 旅行 公司 工作 ， 必定 会 带来 许多 方便 ， 也 能 与 这些 公司 谈 在 本 区域 ， 甚至 国外 的 合作 。,就是,就 / 是,8,10,就是,[],[9],[9],[],"The prediction inserts an extra boundary inside the gold token [就是], producing [就 / 是].",False,False,,1
815,D,D Direct segmentation,over,有人说：如杲我们现在不注意生态的问题，没有回收资源，也没有保护环境，我们的孩子将来就没有好的居住环境。,有人说：如果我们现在不注意生态的问题，没有回收资源，也没有保护环境，我们的孩子将来就没有好的居住环境。,有人 说 ： 如杲 我们 现在 不 注意 生态 的 问题 ， 没有 回收 资源 ， 也 没有 保护 环境 ， 我们 的 孩子 将来 就 没有 好 的 居住 环境 。,有人 说 ： 如 杲 我们 现在 不 注意 生态 的 问题 ， 没有 回收 资源 ， 也 没有 保护 环境 ， 我们 的 孩子 将来 就 没有 好 的 居住 环境 。,如杲,如 / 杲,4,6,如杲,[],[5],[5],[],"The prediction inserts an extra boundary inside the gold token [如杲], producing [如 / 杲].",False,True,,1
818,D,D Direct segmentation,over,但中学生男女分班教育的话，要是有对异性的感情过多的学生的话，他或者她弄发生问题的可能性越强烈越大。再说，如果男女分班，如果在上下课时或者其它的机会认识异性学生的机会可能有很多，不会避免学生早恋这种问题。总之，为了避免这种问题，就采用男女分班这样容易的方法绝不解决根本上的问题。,如果实行中学生男女分班教育，要是有对异性感情过多的学生的话，他或者她发生问题的可能性就很大。再说，如果男女分班，那么在上下课时或者其它的场合认识异性学生的机会也有很多，这样就不能避免学生早恋的问题。总之，为了避免这些问题，采用男女分班这样容易的方法是不能从根本上解决问题的。,但 中学生 男女 分 班 教育 的话 ， 要是 有 对 异性 的 感情 过 多 的 学生 的话 ， 他 或者 她 弄 发生 问题 的 可能性 越 强烈 越 大 。 再说 ， 如果 男女 分 班 ， 如果 在 上下课 时 或者 其它 的 机会 认识 异性 学生 的 机会 可能 有 很 多 ， 不 会 避免 学生 早恋 这种 问题 。 总之 ， 为了 避免 这种 问题 ， 就 采用 男女 分 班 这样 容易 的 方法 绝不 解决 根本 上 的 问题 。,但 中学生 男女 分 班 教育 的 话 ， 要是 有 对 异性 的 感情 过 多 的 学生 的话 ， 他 或者 她 弄 发生 问题 的 可能性 越 强烈 越 大 。 再说 ， 如果 男女 分 班 ， 如果 在 上下课 时 或者 其它 的 机会 认识 异性 学生 的 机会 可能 有 很 多 ， 不 会 避免 学生 早恋 这种 问题 。 总之 ， 为了 避免 这种 问题 ， 就 采用 男女 分 班 这样 容易 的 方法 绝不 解决 根本 上 的 问题 。,的话,的 / 话,10,12,的话,[],[11],[11],[],"The prediction inserts an extra boundary inside the gold token [的话], producing [的 / 话].",False,False,,1
822,D,D Direct segmentation,over,香烟中的尼古丁有减轻人的精神压力的作用，但尼古丁容易成瘾，越吸越不能戒烟，可能会带肺癌症等不良后果。,香烟中的尼古丁有减轻人的精神压力的作用，但尼古丁容易成瘾，越吸越不能戒烟，可能会带来肺癌等不良后果。,香烟 中 的 尼古丁 有 减轻 人 的 精神 压力 的 作用 ， 但 尼古丁 容易 成 瘾 ， 越 吸 越 不 能 戒烟 ， 可能 会 带 肺癌症 等 不良 后果 。,香烟 中 的 尼古丁 有 减轻 人 的 精神 压力 的 作用 ， 但 尼古丁 容易 成 瘾 ， 越 吸 越 不 能 戒烟 ， 可能 会 带 肺 癌症 等 不良 后果 。,肺癌症,肺 / 癌症,41,44,肺癌症,[],[42],[42],[],"The prediction inserts an extra boundary inside the gold token [肺癌症], producing [肺 / 癌症].",False,True,,1
824,D,D Direct segmentation,under,在日本东京街头上能看到一些牌子。那牌子上写着“禁烟路”就是跟中国的措施一样。在街头上被发现抽烟的话，要罚款二千日元。,在日本东京街头上能看到一些牌子。那牌子上写着“禁烟路”。就是跟中国的措施一样，在街头上被发现抽烟的话，要被罚款二千日元。,在 日本 东京 街头 上 能 看到 一些 牌子 。 那 牌子 上 写 着 “ 禁烟 路 ” 就 是 跟 中国 的 措施 一样 。 在 街头 上 被 发现 抽烟 的话 ， 要 罚款 二千 日元 。,在 日本 东京 街头 上 能 看到 一些 牌子 。 那 牌子 上 写 着 “ 禁烟 路 ” 就是 跟 中国 的 措施 一样 。 在 街头 上 被 发现 抽烟 的话 ， 要 罚款 二千 日元 。,就 / 是,就是,27,29,就是,[28],[],[],[28],"The prediction misses the gold boundary between [就] and [是], merging them into [就是].",False,True,,1
831,D,D Direct segmentation,over,不必考虑的问间是。还有他们的主要关心是怎么可以能保护身体、环境等等。再说他们对于绿色环境，绿色食品研究研究。,是不必考虑的问题。还有他们主要关心的是怎么可以保护身体、环境等等。再说他们对于绿色环境、绿色食品也有研究。,不必 考虑 的 问间 是 。 还有 他们 的 主要 关心 是 怎么 可以 能 保护 身体 、 环境 等等 。 再说 他们 对于 绿色 环境 ， 绿色 食品 研究 研究 。,不必 考虑 的 问 间 是 。 还有 他们 的 主要 关心 是 怎么 可以 能 保护 身体 、 环境 等等 。 再说 他们 对于 绿色 环境 ， 绿色 食品 研究 研究 。,问间,问 / 间,5,7,问间,[],[6],[6],[],"The prediction inserts an extra boundary inside the gold token [问间], producing [问 / 间].",False,True,,1
834,D,D Direct segmentation,over,我很想这种现象会实践，这种法律没有对人和社会坏处，而而对环境也好对人的身体也好。,我很想这种法律付诸实践，这种法律对人和社会没有坏处，而且对环境也好，对人的身体也好。,我 很 想 这种 现象 会 实践 ， 这种 法律 没有 对 人 和 社会 坏处 ， 而而 对 环境 也好 对 人 的 身体 也好 。,我 很 想 这种 现象 会 实践 ， 这种 法律 没有 对 人 和 社会 坏处 ， 而 而 对 环境 也好 对 人 的 身体 也好 。,而而,而 / 而,25,27,而而,[],[26],[26],[],"The prediction inserts an extra boundary inside the gold token [而而], producing [而 / 而].",False,True,,1
835,D,D Direct segmentation,over,有钱的国家不要只帮自己的回收计划。它们也可以花钱帮没有钱的国家开始这样的计划。,有钱的国家不要只帮扶自己的回收计划，它们也可以花钱帮没有钱的国家开始这样的计划。,有钱 的 国家 不要 只 帮 自己 的 回收 计划 。 它们 也 可以 花钱 帮 没有 钱 的 国家 开始 这样 的 计划 。,有 钱 的 国家 不要 只 帮 自己 的 回收 计划 。 它们 也 可以 花钱 帮 没有 钱 的 国家 开始 这样 的 计划 。,有钱,有 / 钱,0,2,有钱,[],[1],[1],[],"The prediction inserts an extra boundary inside the gold token [有钱], producing [有 / 钱].",False,False,,1
837,D,D Direct segmentation,over,本人虽然仅在一政府机构工作，但是，对于旅游促销和商业管理却有四年的经验，另外，在伦敦留学的经验，外语也非常流利。因此，本人对贵公司胜任经理一职，深具信心，希望能到贵公司发挥所长。,本人虽然在一所政府机构工作，但是，对于旅游促销和商业管理却有四年的经验，另外，在伦敦留学的经验，外语也非常流利。因此，本人对胜任贵公司经理一职深具信心，希望能到贵公司发挥所长。,本人 虽然 仅 在 一 政府 机构 工作 ， 但是 ， 对于 旅游 促销 和 商业 管理 却 有 四 年 的 经验 ， 另外 ， 在 伦敦 留学 的 经验 ， 外语 也 非常 流利 。 因此 ， 本人 对 贵公司 胜任 经理 一 职 ， 深 具 信心 ， 希望 能 到 贵公司 发挥 所长 。,本人 虽然 仅 在 一 政府 机构 工作 ， 但是 ， 对于 旅游 促销 和 商业 管理 却 有 四 年 的 经验 ， 另外 ， 在 伦敦 留学 的 经验 ， 外语 也 非常 流利 。 因此 ， 本人 对 贵 公司 胜任 经理 一 职 ， 深 具 信心 ， 希望 能 到 贵公司 发挥 所长 。,贵公司,贵 / 公司,62,65,贵公司,[],[63],[63],[],"The prediction inserts an extra boundary inside the gold token [贵公司], producing [贵 / 公司].",False,False,,1
838,D,D Direct segmentation,over,在中国都有一些人和欧洲人的生活方式一燕，但他们不破坏他们的中国教育基础。,在中国有一些人和欧洲人的生活方式一样，但他们不破坏他们的中国教育基础。,在 中国 都 有 一些 人 和 欧洲人 的 生活 方式 一燕 ， 但 他们 不 破坏 他们 的 中国 教育 基础 。,在 中国 都 有 一些 人 和 欧洲人 的 生活 方式 一 燕 ， 但 他们 不 破坏 他们 的 中国 教育 基础 。,一燕,一 / 燕,17,19,一燕,[],[18],[18],[],"The prediction inserts an extra boundary inside the gold token [一燕], producing [一 / 燕].",False,True,,1
846,D,D Direct segmentation,over,因为他们从小一起长到大，在这过程当，有着一些忘不了的记忆。例如我小时候，我和她到河边去玩，我不小心掉进河里而幸好有一枝树根，我就拉住那枝树根在河里叫着救命。因为我的力量很小，而且水流也很快，可是她怕我支持不住，她说：小旗不要怕，我已经去叫哥哥他们了，他们很快就来了。,因为他们从小一起长到大，在这过程中，有着一些忘不了的记忆。例如我小时候，我和她到河边去玩，我不小心掉进河里但幸好有一根树枝，我就拉住那根树枝在河里叫着救命。因为我的力量很小，而且水流也很快，所以她怕我支持不住，她说：“小旗不要怕，我已经去叫哥哥他们了，他们很快就来了。”,因为 他们 从 小 一起 长 到 大 ， 在 这 过程 当 ， 有着 一些 忘 不 了 的 记忆 。 例如 我 小时候 ， 我 和 她 到 河边 去 玩 ， 我 不 小心 掉 进 河里 而 幸好 有 一 枝 树根 ， 我 就 拉 住 那 枝 树根 在 河里 叫 着 救命 。 因为 我 的 力量 很 小 ， 而且 水流 也 很 快 ， 可是 她 怕 我 支持 不 住 ， 她 说 ： 小旗 不要 怕 ， 我 已经 去 叫 哥哥 他们 了 ， 他们 很快 就 来 了 。,因为 他们 从 小 一起 长 到 大 ， 在 这 过程 当 ， 有着 一些 忘 不 了 的 记忆 。 例如 我 小时候 ， 我 和 她 到 河边 去 玩 ， 我 不 小心 掉 进 河里 而 幸好 有 一 枝 树根 ， 我 就 拉 住 那 枝 树根 在 河里 叫 着 救命 。 因为 我 的 力量 很 小 ， 而且 水流 也 很 快 ， 可是 她 怕 我 支持 不 住 ， 她 说 ： 小 旗 不要 怕 ， 我 已经 去 叫 哥哥 他们 了 ， 他们 很快 就 来 了 。,小旗,小 / 旗,108,110,小旗,[],[109],[109],[],"The prediction inserts an extra boundary inside the gold token [小旗], producing [小 / 旗].",False,False,,1
852,D,D Direct segmentation,over,当我们无法表达自己的感情时，就可利用一所流行歌曲，使对方能明白我们的心情。例如，男女正在谈恋爱时，不管男的或女的很想表达感情，就能用一所流行歌曲送给对方，使男女之间的感情和关系更加浪漫，更加有甜味儿；相反的，当男女之间之关系产生问题时，也可以用流行歌曲表达正实感情，使对方能了解，消除一切误会。,当我们无法表达自己的感情时，就可利用一些流行歌曲，使对方能明白我们的心情。例如，男女正在谈恋爱时，不管男的或女的很想表达感情，就能用一些流行歌曲送给对方，使男女之间的感情和关系更加浪漫，更加有甜味儿；相反的，当男女之间的关系产生问题时，也可以用流行歌曲表达真实感情，使对方能了解，消除一切误会。,当 我们 无法 表达 自己 的 感情 时 ， 就 可 利用 一 所 流行歌曲 ， 使 对方 能 明白 我们 的 心情 。 例如 ， 男女 正在 谈 恋爱 时 ， 不管 男 的 或 女 的 很 想 表达 感情 ， 就 能 用 一 所 流行歌曲 送给 对方 ， 使 男女 之间 的 感情 和 关系 更加 浪漫 ， 更加 有 甜味儿 ； 相反 的 ， 当 男女 之间 之 关系 产生 问题 时 ， 也 可以 用 流行歌曲 表达 正实 感情 ， 使 对方 能 了解 ， 消除 一切 误会 。,当 我们 无法 表达 自己 的 感情 时 ， 就 可 利用 一 所 流行歌曲 ， 使 对方 能 明白 我们 的 心情 。 例如 ， 男女 正在 谈 恋爱 时 ， 不管 男 的 或 女 的 很 想 表达 感情 ， 就 能 用 一 所 流行歌曲 送给 对方 ， 使 男女 之间 的 感情 和 关系 更加 浪漫 ， 更加 有 甜味儿 ； 相反 的 ， 当 男女 之间 之 关系 产生 问题 时 ， 也 可以 用 流行歌曲 表达 正 实 感情 ， 使 对方 能 了解 ， 消除 一切 误会 。,正实,正 / 实,128,130,正实,[],[129],[129],[],"The prediction inserts an extra boundary inside the gold token [正实], producing [正 / 实].",False,False,,1
858,D,D Direct segmentation,over,虽然它能切少抽烟者的一些自由，但是还能保护人民的健康。,虽然它限制了抽烟者的一些自由，但是它能保护人民的健康。,虽然 它 能 切少 抽烟者 的 一些 自由 ， 但是 还 能 保护 人民 的 健康 。,虽然 它 能 切 少 抽烟者 的 一些 自由 ， 但是 还 能 保护 人民 的 健康 。,切少,切 / 少,4,6,切少,[],[5],[5],[],"The prediction inserts an extra boundary inside the gold token [切少], producing [切 / 少].",False,True,,1
867,D,D Direct segmentation,over,这样的行为，不但对他的身体有害，而且对无辜吸了二手烟的民众更不值得。这样的处罚，迄止为止已经是对吸烟者最为严厉的惩罚措施。这一新措施，已经在人口密集的地方和商业中心已开始实施，也是关心公众和吸烟人士的健康而实施。,这样的行为，不但对他的身体有害，而且对吸了二手烟的无辜民众更有害。这样的处罚，已经是迄今为止对吸烟者最为严厉的惩罚。这一新措施，已经在人口密集的地方开始实施，这也是为了公众的健康而实施。,这样 的 行为 ， 不但 对 他 的 身体 有害 ， 而且 对 无辜 吸 了 二手烟 的 民众 更 不 值得 。 这样 的 处罚 ， 迄止为止 已经 是 对 吸烟者 最为 严厉 的 惩罚 措施 。 这 一 新 措施 ， 已经 在 人口 密集 的 地方 和 商业 中心 已 开始 实施 ， 也 是 关心 公众 和 吸烟 人士 的 健康 而 实施 。,这样 的 行为 ， 不但 对 他 的 身体 有害 ， 而且 对 无辜 吸 了 二手烟 的 民众 更 不 值得 。 这样 的 处罚 ， 迄止 为止 已经 是 对 吸烟者 最为 严厉 的 惩罚 措施 。 这 一 新 措施 ， 已经 在 人口 密集 的 地方 和 商业 中心 已 开始 实施 ， 也 是 关心 公众 和 吸烟 人士 的 健康 而 实施 。,迄止为止,迄止 / 为止,40,44,迄止为止,[],[42],[42],[],"The prediction inserts an extra boundary inside the gold token [迄止为止], producing [迄止 / 为止].",False,False,,1
873,D,D Direct segmentation,under,现在我也喜欢根儿子和丈夫们一起旅行。,现在我也喜欢跟儿子和丈夫他们一起旅行。,现在 我 也 喜欢 根 儿子 和 丈夫 们 一起 旅行 。,现在 我 也 喜欢 根儿子 和 丈夫 们 一起 旅行 。,根 / 儿子,根儿子,6,9,根儿子,[7],[],[],[7],"The prediction misses the gold boundary between [根] and [儿子], merging them into [根儿子].",True,True,,1
880,D,D Direct segmentation,over,在韩国的名星最近唱以前的歌曲，吸引了中长年人的注目。,韩国的明星最近唱以前的歌曲，吸引了中老年人的注意。,在 韩国 的 名星 最近 唱 以前 的 歌曲 ， 吸引 了 中长年人 的 注目 。,在 韩国 的 名星 最近 唱 以前 的 歌曲 ， 吸引 了 中长年 人 的 注目 。,中长年人,中长年 / 人,18,22,中长年人,[],[21],[21],[],"The prediction inserts an extra boundary inside the gold token [中长年人], producing [中长年 / 人].",False,True,,1
882,D,D Direct segmentation,over,做生意的人一定要改变，才能像已前的歌曲一样有感情的。,做生意的人一定要改变，才能像以前的歌曲一样有感情。,做 生意 的 人 一定 要 改变 ， 才 能 像 已前 的 歌曲 一样 有 感情 的 。,做 生意 的 人 一定 要 改变 ， 才 能 像 已 前 的 歌曲 一样 有 感情 的 。,已前,已 / 前,14,16,已前,[],[15],[15],[],"The prediction inserts an extra boundary inside the gold token [已前], producing [已 / 前].",False,True,,1
884,D,D Direct segmentation,over,特别是青少年和大学生对娱乐、流行歌曲非常敏感反应。他们总是围绕着这门话题。,特别是青少年和大学生对娱乐、流行歌曲非常敏感，他们总是围绕着这个话题。,特别 是 青少年 和 大学生 对 娱乐 、 流行歌曲 非常 敏感 反应 。 他们 总是 围绕 着 这门 话题 。,特别 是 青少年 和 大学生 对 娱乐 、 流行歌曲 非常 敏感 反应 。 他们 总是 围绕 着 这 门 话题 。,这门,这 / 门,32,34,这门,[],[33],[33],[],"The prediction inserts an extra boundary inside the gold token [这门], producing [这 / 门].",False,True,,1
889,D,D Direct segmentation,over,我喜欢流行歌曲是因为它的内容不落后，听起来很真实，音乐机器我们都认识而能学会。,我喜欢流行歌曲是因为它的内容不落后，听起来很真实，并且我们都认识而且能学会。,我 喜欢 流行歌曲 是 因为 它 的 内容 不 落后 ， 听 起来 很 真实 ， 音乐 机器 我们 都 认识 而 能 学会 。,我 喜欢 流行 歌曲 是 因为 它 的 内容 不 落后 ， 听 起来 很 真实 ， 音乐 机器 我们 都 认识 而 能 学会 。,流行歌曲,流行 / 歌曲,3,7,流行歌曲,[],[5],[5],[],"The prediction inserts an extra boundary inside the gold token [流行歌曲], producing [流行 / 歌曲].",False,True,,1
892,D,D Direct segmentation,under,虽然我对流行歌曲感兴趣，但是也要看自己那时刻的心情状态。比如，在工作、阅读或者睡觉前，我喜欢那些轻松的歌舞，慢慢的节奏。可在我业余时间，我并喜欢那种爱情的歌曲，节奏快一些。,虽然我对流行歌曲感兴趣，但是也要看自己那时刻的心情状态。比如，在工作、阅读或者睡觉前，我喜欢那些轻松的歌舞、慢慢的节奏。可在我业余时间，我却喜欢那种讲爱情的歌曲，节奏快一些的。,虽然 我 对 流行 歌曲 感 兴趣 ， 但是 也 要 看 自己 那 时刻 的 心情 状态 。 比如 ， 在 工作 、 阅读 或者 睡觉 前 ， 我 喜欢 那些 轻松 的 歌舞 ， 慢慢 的 节奏 。 可 在 我 业余 时间 ， 我 并 喜欢 那种 爱情 的 歌曲 ， 节奏 快 一些 。,虽然 我 对 流行 歌曲 感 兴趣 ， 但是 也 要 看 自己 那 时刻 的 心情 状态 。 比如 ， 在 工作 、 阅读 或者 睡觉 前 ， 我 喜欢 那些 轻松 的 歌舞 ， 慢慢的 节奏 。 可 在 我 业余 时间 ， 我 并 喜欢 那种 爱情 的 歌曲 ， 节奏 快 一些 。,慢慢 / 的,慢慢的,54,57,慢慢的,[56],[],[],[56],"The prediction misses the gold boundary between [慢慢] and [的], merging them into [慢慢的].",False,False,,1
903,D,D Direct segmentation,under,可是我不是都喜欢什么流行歌曲。,可是我不全是喜欢流行歌曲。,可是 我 不 是 都 喜欢 什么 流行 歌曲 。,可是 我 不 是 都 喜欢 什么 流行歌曲 。,流行 / 歌曲,流行歌曲,10,14,流行歌曲,[12],[],[],[12],"The prediction misses the gold boundary between [流行] and [歌曲], merging them into [流行歌曲].",True,True,,1
908,D,D Direct segmentation,under,”我说“因为呢，人们喜欢流行歌曲，还有很大的吸引力，还有除外流行歌曲以外其它的歌曲没有听过。,我说：“人们喜欢流行歌曲，不仅是因为流行歌曲有很大的吸引力，还因为除了流行歌曲以外人们没有听过其它的歌曲。”,” 我 说 “ 因为 呢 ， 人们 喜欢 流行 歌曲 ， 还有 很 大 的 吸引力 ， 还有 除外 流行 歌曲 以外 其它 的 歌曲 没有 听 过 。,” 我 说 “ 因为 呢 ， 人们 喜欢 流行歌曲 ， 还有 很 大 的 吸引力 ， 还有 除外 流行 歌曲 以外 其它 的 歌曲 没有 听 过 。,流行 / 歌曲,流行歌曲,12,16,流行歌曲,[14],[],[],[14],"The prediction misses the gold boundary between [流行] and [歌曲], merging them into [流行歌曲].",False,True,,1
909,D,D Direct segmentation,under,我觉得两个人如果相遇了很久后慢慢的对彼此有感情的爱情，会是最好的爱情。,我觉得两个人相遇了很久后慢慢地对彼此有感情的爱情，才是最好的爱情。,我 觉得 两 个 人 如果 相遇 了 很 久 后 慢慢 的 对 彼此 有 感情 的 爱情 ， 会 是 最 好 的 爱情 。,我 觉得 两 个 人 如果 相遇 了 很 久 后 慢慢的 对 彼此 有 感情 的 爱情 ， 会 是 最 好 的 爱情 。,慢慢 / 的,慢慢的,14,17,慢慢的,[16],[],[],[16],"The prediction misses the gold boundary between [慢慢] and [的], merging them into [慢慢的].",False,True,,1
922,D,D Direct segmentation,over,因为这个配套的推出颇受好评，因此“好好酒店”在本地的知名度提高了，而且名扬海外。这次强烈的回响也使本人有机会被公司派遣到加拿大三周，观察当地响当当的旅馆的工作情形，将所见所闻当作改进“好好酒店”的参考。,因为这个配套方案的推出颇受好评，因此“好好酒店”在本地的知名度提高了，而且名扬海外。这次强烈的回响也使本人有机会被公司派遣到加拿大三周，观察当地响当当的旅馆的工作情形，将所见所闻当作改进“好好酒店”的参考。,因为 这个 配套 的 推出 颇 受 好评 ， 因此 “ 好好 酒店 ” 在 本地 的 知名度 提高 了 ， 而且 名扬 海外 。 这次 强烈 的 回响 也 使 本人 有 机会 被 公司 派遣 到 加拿大 三 周 ， 观察 当地 响当当 的 旅馆 的 工作 情形 ， 将 所见所闻 当作 改进 “ 好好 酒店 ” 的 参考 。,因为 这个 配套 的 推出 颇 受 好评 ， 因此 “ 好好 酒店 ” 在 本地 的 知名度 提高 了 ， 而且 名扬 海外 。 这 次 强烈 的 回响 也 使 本人 有 机会 被 公司 派遣 到 加拿大 三 周 ， 观察 当地 响当当 的 旅馆 的 工作 情形 ， 将 所见所闻 当作 改进 “ 好好 酒店 ” 的 参考 。,这次,这 / 次,40,42,这次,[],[41],[41],[],"The prediction inserts an extra boundary inside the gold token [这次], producing [这 / 次].",False,False,,1
926,D,D Direct segmentation,over,他们有很歌星迷。因为他们是对听众的偶像。,他们有很多歌迷。因为他们是听众的偶像。,他们 有 很 歌星迷 。 因为 他们 是 对 听众 的 偶像 。,他们 有 很 歌星 迷 。 因为 他们 是 对 听众 的 偶像 。,歌星迷,歌星 / 迷,4,7,歌星迷,[],[6],[6],[],"The prediction inserts an extra boundary inside the gold token [歌星迷], producing [歌星 / 迷].",True,True,,1
931,D,D Direct segmentation,under,很小的时候觉]得自己的父母是个完美的人，什么都知道，他们做的东西时总是对的。,很小的时候觉得自己的父母是个完美的人，什么都知道，他们做的事情总是对的。,很 小 的 时候 觉 ] 得 自己 的 父母 是 个 完美 的 人 ， 什么 都 知道 ， 他们 做 的 东西 时 总 是 对 的 。,很 小 的 时候 觉 ] 得 自己 的 父母 是 个 完美 的 人 ， 什么 都 知道 ， 他们 做 的 东西 时 总是 对 的 。,总 / 是,总是,33,35,总是,[34],[],[],[34],"The prediction misses the gold boundary between [总] and [是], merging them into [总是].",False,True,,1
933,D,D Direct segmentation,over,然后每个人要在和别人交流的时候互相影响了，其中可以再学会别的，这样过珍惜的日子。我认为这样的“人际关系”，是在生活中很重要的。如每个人得到能做良好的人际关系的话，一定需要好榜样。,然后每个人会和在别人交流的时候互相影响，其中可以再学会别的东西，这样过珍惜的日子。我认为这样的“人际关系”，在生活中是很重要的。如每个人要得到建立良好的人际关系的机会的话，一定需要好的榜样。,然后 每个 人 要 在 和 别人 交流 的 时候 互相 影响 了 ， 其中 可以 再 学会 别的 ， 这样 过 珍惜 的 日子 。 我 认为 这样 的 “ 人际关系 ” ， 是 在 生活 中 很 重要 的 。 如 每个 人 得到 能 做 良好 的 人际关系 的话 ， 一定 需要 好榜样 。,然后 每个 人 要 在 和 别人 交流 的 时候 互相 影响 了 ， 其中 可以 再 学会 别的 ， 这样 过 珍惜 的 日子 。 我 认为 这样 的 “ 人际关系 ” ， 是 在 生活 中 很 重要 的 。 如 每个 人 得到 能 做 良好 的 人际关系 的 话 ， 一定 需要 好榜样 。,的话,的 / 话,78,80,的话,[],[79],[79],[],"The prediction inserts an extra boundary inside the gold token [的话], producing [的 / 话].",False,False,,1
937,D,D Direct segmentation,over,欧洲的社会不像中国的：父母不喜欢孩子靠着他们生活。大部分父母不喜为孩子钱。他们给孩子他需要的，但是只要孩子自己能装钱就不给了。,欧洲的社会不像中国的，父母不喜欢孩子靠着他们生活。大部分父母不喜欢为孩子花钱。他们给孩子需要的，但是只要孩子自己能赚钱就不给了。,欧洲 的 社会 不 像 中国 的 ： 父母 不 喜欢 孩子 靠 着 他们 生活 。 大部分 父母 不 喜 为 孩子 钱 。 他们 给 孩子 他 需要 的 ， 但是 只要 孩子 自己 能 装钱 就 不 给 了 。,欧洲 的 社会 不 像 中国 的 ： 父母 不 喜欢 孩子 靠 着 他们 生活 。 大部分 父母 不 喜 为 孩子 钱 。 他们 给 孩子 他 需要 的 ， 但是 只要 孩子 自己 能 装 钱 就 不 给 了 。,装钱,装 / 钱,56,58,装钱,[],[57],[57],[],"The prediction inserts an extra boundary inside the gold token [装钱], producing [装 / 钱].",False,True,,1
949,D,D Direct segmentation,over,我们说绿色食品以外的食品吃的活，有害于人的健康，可是没吃的话人类马上死亡。所以我正在重要的事是帮助贫困的国家。世界上没有为了饥饿死的人的时，才想这种问题。,我们说吃绿色食品以外的食品的话，有害于人的健康，可是不吃的话人类会马上死亡。所以我认为现在最重要的事是帮助贫困的国家。世界上没有因为饥饿而死的人时，再想这种问题。,我们 说 绿色 食品 以外 的 食品 吃 的活 ， 有害 于 人 的 健康 ， 可是 没 吃 的话 人类 马上 死亡 。 所以 我 正在 重要 的 事 是 帮助 贫困 的 国家 。 世界 上 没有 为了 饥饿 死 的 人 的 时 ， 才 想 这种 问题 。,我们 说 绿色 食品 以外 的 食品 吃 的 活 ， 有害 于 人 的 健康 ， 可是 没 吃 的话 人类 马上 死亡 。 所以 我 正 在 重要 的 事 是 帮助 贫困 的 国家 。 世界 上 没有 为了 饥饿 死 的 人 的 时 ， 才 想 这种 问题 。,的活,的 / 活,13,15,的活,[],[14],[14],[],"The prediction inserts an extra boundary inside the gold token [的活], producing [的 / 活].",False,False,,1
949,D,D Direct segmentation,over,我们说绿色食品以外的食品吃的活，有害于人的健康，可是没吃的话人类马上死亡。所以我正在重要的事是帮助贫困的国家。世界上没有为了饥饿死的人的时，才想这种问题。,我们说吃绿色食品以外的食品的话，有害于人的健康，可是不吃的话人类会马上死亡。所以我认为现在最重要的事是帮助贫困的国家。世界上没有因为饥饿而死的人时，再想这种问题。,我们 说 绿色 食品 以外 的 食品 吃 的活 ， 有害 于 人 的 健康 ， 可是 没 吃 的话 人类 马上 死亡 。 所以 我 正在 重要 的 事 是 帮助 贫困 的 国家 。 世界 上 没有 为了 饥饿 死 的 人 的 时 ， 才 想 这种 问题 。,我们 说 绿色 食品 以外 的 食品 吃 的 活 ， 有害 于 人 的 健康 ， 可是 没 吃 的话 人类 马上 死亡 。 所以 我 正 在 重要 的 事 是 帮助 贫困 的 国家 。 世界 上 没有 为了 饥饿 死 的 人 的 时 ， 才 想 这种 问题 。,正在,正 / 在,40,42,正在,[],[41],[41],[],"The prediction inserts an extra boundary inside the gold token [正在], producing [正 / 在].",False,False,,2
951,D,D Direct segmentation,under,因为自己的经历，所以我会支持男女分班，因为分班会让学生们能更好地专心地学习也不能做出错事，闹出人命。况且这个年龄层的学生，思想、情绪都还无法稳定，也因为这样也造成学生常常会更换恋人。,因为自己的经历，所以我会支持男女分班，因为分班让学生们能更好地专心地学习而不会做出错事，闹出人命。况且这个年龄层的学生，思想、情绪都还无法稳定，也因为这样造成了学生常常会更换恋人的现象。,因为 自己 的 经历 ， 所以 我 会 支持 男女 分 班 ， 因为 分 班 会 让 学生 们 能 更 好 地 专心 地 学习 也 不 能 做出 错事 ， 闹 出 人命 。 况且 这个 年龄层 的 学生 ， 思想 、 情绪 都 还 无法 稳定 ， 也 因为 这样 也 造成 学生 常常 会 更换 恋人 。,因为 自己 的 经历 ， 所以 我 会 支持 男女 分 班 ， 因为 分班 会 让 学生 们 能 更 好 地 专心 地 学习 也 不 能 做出 错事 ， 闹 出 人命 。 况且 这个 年龄层 的 学生 ， 思想 、 情绪 都 还 无法 稳定 ， 也 因为 这样 也 造成 学生 常常 会 更换 恋人 。,分 / 班,分班,21,23,分班,[22],[],[],[22],"The prediction misses the gold boundary between [分] and [班], merging them into [分班].",False,False,,1
954,D,D Direct segmentation,over,总之，现在我们听到的有些音乐歌曲太不象话了。听了音乐以后心理舒畅，心情放松这才是听音乐的目的。,总之，现在我们听到的有些音乐太不像话了。听了音乐以后心里舒畅，心情放松，这才是听音乐的目的。,总之 ， 现在 我们 听到 的 有些 音乐 歌曲 太 不象话 了 。 听 了 音乐 以后 心理 舒畅 ， 心情 放松 这 才 是 听 音乐 的 目的 。,总之 ， 现在 我们 听到 的 有些 音乐 歌曲 太 不 象话 了 。 听 了 音乐 以后 心理 舒畅 ， 心情 放松 这 才 是 听 音乐 的 目的 。,不象话,不 / 象话,17,20,不象话,[],[18],[18],[],"The prediction inserts an extra boundary inside the gold token [不象话], producing [不 / 象话].",False,True,,1
955,D,D Direct segmentation,over,尽管快餐味道好，但都是垃圾食物，没有是够的营养，并含有大量的脂肪，很容易让身体变胖，或者产生其他疾病。,尽管快餐味道好，但都是垃圾食物，没有足够的营养，并含有大量的脂肪，很容易让身体变胖，或者产生其他疾病。,尽管 快餐 味道 好 ， 但 都 是 垃圾 食物 ， 没有 是够 的 营养 ， 并 含有 大量 的 脂肪 ， 很 容易 让 身体 变 胖 ， 或者 产生 其他 疾病 。,尽管 快餐 味道 好 ， 但 都 是 垃圾 食物 ， 没有 是 够 的 营养 ， 并 含有 大量 的 脂肪 ， 很 容易 让 身体 变 胖 ， 或者 产生 其他 疾病 。,是够,是 / 够,18,20,是够,[],[19],[19],[],"The prediction inserts an extra boundary inside the gold token [是够], producing [是 / 够].",False,False,,1
958,D,D Direct segmentation,under,去年我们决定在挪威去。我们已经乘船去过一次挪威了。很喜欢这次航行的起点是阿姆斯特丹。,去年我们决定去挪威。我们已经乘船去过一次挪威了。我们很喜欢这次航行的起点：阿姆斯特丹。,去年 我们 决定 在 挪威 去 。 我们 已经 乘 船 去 过 一 次 挪威 了 。 很 喜欢 这 次 航行 的 起点 是 阿姆斯特丹 。,去年 我们 决定 在 挪威 去 。 我们 已经 乘船 去 过 一 次 挪威 了 。 很 喜欢 这次 航行 的 起点 是 阿姆斯特丹 。,乘 / 船,乘船,15,17,乘船,[16],[],[],[16],"The prediction misses the gold boundary between [乘] and [船], merging them into [乘船].",False,True,,1
958,D,D Direct segmentation,under,去年我们决定在挪威去。我们已经乘船去过一次挪威了。很喜欢这次航行的起点是阿姆斯特丹。,去年我们决定去挪威。我们已经乘船去过一次挪威了。我们很喜欢这次航行的起点：阿姆斯特丹。,去年 我们 决定 在 挪威 去 。 我们 已经 乘 船 去 过 一 次 挪威 了 。 很 喜欢 这 次 航行 的 起点 是 阿姆斯特丹 。,去年 我们 决定 在 挪威 去 。 我们 已经 乘船 去 过 一 次 挪威 了 。 很 喜欢 这次 航行 的 起点 是 阿姆斯特丹 。,这 / 次,这次,28,30,这次,[29],[],[],[29],"The prediction misses the gold boundary between [这] and [次], merging them into [这次].",False,True,,2
965,D,D Direct segmentation,over,从乐观的角度来看，这确实是充分体现了现代社会的新的文化，打响了另一个时代的到来，但肯定的一点是，在这样一个新潮流正在盛行于世的时候，我们忽略其形成的根源。其实，一有一点比我们急于打造新的社会更重要的就是保护我们固有的文化特色，因此社会唯一的发展道路就是在原有的基础上创造出一种新的潮流，这样的方法不失为是一种值得人们去采取的、同时是最佳的。,从乐观的角度来看，这确实是充分体现了现代社会的新文化，打响了另一个时代到来的第一枪，但肯定的一点是，在这样一个新潮流盛行于世的时候，我们忽略了其形成的根源。其实，比我们急于打造新的社会更重要的是保护我们固有的文化特色，因此社会唯一的发展道路就是在原有的基础上创造出一种新的潮流，这样的方法是一种值得人们去采取的、同时也是最佳的方法。,从 乐观 的 角度 来看 ， 这 确实 是 充分 体现 了 现代 社会 的 新 的 文化 ， 打响 了 另 一个 时代 的 到来 ， 但 肯定 的 一 点 是 ， 在 这样 一个 新 潮流 正在 盛行 于 世 的 时候 ， 我们 忽略 其 形成 的 根源 。 其实 ， 一 有 一 点 比 我们 急于 打造 新 的 社会 更 重要 的 就 是 保护 我们 固有 的 文化 特色 ， 因此 社会 唯一 的 发展 道路 就是 在 原有 的 基础 上 创造 出 一 种 新 的 潮流 ， 这样 的 方法 不失为 是 一 种 值得 人们 去 采取 的 、 同时 是 最佳 的 。,从 乐观 的 角度 来 看 ， 这 确实 是 充分 体现 了 现代 社会 的 新 的 文化 ， 打响 了 另 一个 时代 的 到来 ， 但 肯定 的 一 点 是 ， 在 这样 一个 新 潮流 正在 盛行 于 世 的 时候 ， 我们 忽略 其 形成 的 根源 。 其实 ， 一 有 一 点 比 我们 急于 打造 新 的 社会 更 重要 的 就 是 保护 我们 固有 的 文化 特色 ， 因此 社会 唯一 的 发展 道路 就是 在 原有 的 基础 上 创造 出 一 种 新 的 潮流 ， 这样 的 方法 不失为 是 一 种 值得 人们 去 采取 的 、 同时 是 最佳 的 。,来看,来 / 看,6,8,来看,[],[7],[7],[],"The prediction inserts an extra boundary inside the gold token [来看], producing [来 / 看].",False,False,,1
970,D,D Direct segmentation,over,有的流行歌曲用完美的歌曲让听众听了之后很感动，还会背诵歌曲的歌字。背诵之后我们也会时不是不知不觉就唱起那首歌来。,有的流行歌曲用完美的歌词让听众听了之后很感动，还会背诵歌曲的歌词。背诵之后我们也会时不时不知不觉就唱起那首歌来。,有的 流行 歌曲 用 完美 的 歌曲 让 听众 听 了 之后 很 感动 ， 还 会 背诵 歌曲 的 歌字 。 背诵 之后 我们 也 会 时不是 不知不觉 就 唱 起 那 首 歌 来 。,有的 流行 歌曲 用 完美 的 歌曲 让 听众 听 了 之后 很 感动 ， 还 会 背诵 歌曲 的 歌字 。 背诵 之后 我们 也 会 时 不 是 不知不觉 就 唱 起 那 首 歌 来 。,时不是,时 / 不 / 是,41,44,时不是,[],"[42, 43]","[42, 43]",[],"The prediction inserts an extra boundary inside the gold token [时不是], producing [时 / 不 / 是].",False,True,,1
973,D,D Direct segmentation,over,走进婚姻的红地毯，携手共老扶子偕老能永浴爱河可说是每对想结婚的夫妻所梦寐以求的。在东方社会中，在较古老的方式是媒人形式，有通过亲戚、朋友邻居之类的介绍，对对方有所了解。而较近期，电子邮件、网结朋友出现一网情深这类爱情，是较时髦的爱情交往方式，但对我来说也不是理想式的。,走进婚姻的殿堂，执子之手，与子偕老和永浴爱河可以说是每对想结婚的情侣所梦寐以求的。在东方社会，比较古老的方式是媒人形式，通过亲戚、朋友、邻居之类的介绍来了解对方。而较近期，电子邮件、网络朋友的出现产生了一网情深这类爱情。虽然这类爱情是较时髦的爱情交往方式，但对我来说也不是理想式的。,走 进 婚姻 的 红 地毯 ， 携手共老 扶子偕老 能 永 浴 爱河 可 说 是 每 对 想 结婚 的 夫妻 所 梦寐以求 的 。 在 东方 社会 中 ， 在较 古老 的 方式 是 媒人 形式 ， 有 通过 亲戚 、 朋友 邻居 之类 的 介绍 ， 对 对方 有所 了解 。 而 较 近期 ， 电子 邮件 、 网结 朋友 出现 一网情深 这 类 爱情 ， 是 较 时髦 的 爱情 交往 方式 ， 但 对 我 来说 也 不 是 理想式 的 。,走 进 婚姻 的 红 地毯 ， 携手 共 老 扶子 偕老 能 永 浴 爱河 可 说 是 每 对 想 结婚 的 夫妻 所 梦寐以求 的 。 在 东方 社会 中 ， 在 较 古老 的 方式 是 媒人 形式 ， 有 通过 亲戚 、 朋友 邻居 之类 的 介绍 ， 对 对方 有所 了解 。 而 较 近期 ， 电子 邮件 、 网 结 朋友 出现 一网情深 这 类 爱情 ， 是 较 时髦 的 爱情 交往 方式 ， 但 对 我 来说 也 不 是 理想式 的 。,携手共老,携手 / 共 / 老,9,13,携手共老,[],"[11, 12]","[11, 12]",[],"The prediction inserts an extra boundary inside the gold token [携手共老], producing [携手 / 共 / 老].",False,False,,1
973,D,D Direct segmentation,over,走进婚姻的红地毯，携手共老扶子偕老能永浴爱河可说是每对想结婚的夫妻所梦寐以求的。在东方社会中，在较古老的方式是媒人形式，有通过亲戚、朋友邻居之类的介绍，对对方有所了解。而较近期，电子邮件、网结朋友出现一网情深这类爱情，是较时髦的爱情交往方式，但对我来说也不是理想式的。,走进婚姻的殿堂，执子之手，与子偕老和永浴爱河可以说是每对想结婚的情侣所梦寐以求的。在东方社会，比较古老的方式是媒人形式，通过亲戚、朋友、邻居之类的介绍来了解对方。而较近期，电子邮件、网络朋友的出现产生了一网情深这类爱情。虽然这类爱情是较时髦的爱情交往方式，但对我来说也不是理想式的。,走 进 婚姻 的 红 地毯 ， 携手共老 扶子偕老 能 永 浴 爱河 可 说 是 每 对 想 结婚 的 夫妻 所 梦寐以求 的 。 在 东方 社会 中 ， 在较 古老 的 方式 是 媒人 形式 ， 有 通过 亲戚 、 朋友 邻居 之类 的 介绍 ， 对 对方 有所 了解 。 而 较 近期 ， 电子 邮件 、 网结 朋友 出现 一网情深 这 类 爱情 ， 是 较 时髦 的 爱情 交往 方式 ， 但 对 我 来说 也 不 是 理想式 的 。,走 进 婚姻 的 红 地毯 ， 携手 共 老 扶子 偕老 能 永 浴 爱河 可 说 是 每 对 想 结婚 的 夫妻 所 梦寐以求 的 。 在 东方 社会 中 ， 在 较 古老 的 方式 是 媒人 形式 ， 有 通过 亲戚 、 朋友 邻居 之类 的 介绍 ， 对 对方 有所 了解 。 而 较 近期 ， 电子 邮件 、 网 结 朋友 出现 一网情深 这 类 爱情 ， 是 较 时髦 的 爱情 交往 方式 ， 但 对 我 来说 也 不 是 理想式 的 。,扶子偕老,扶子 / 偕老,13,17,扶子偕老,[],[15],[15],[],"The prediction inserts an extra boundary inside the gold token [扶子偕老], producing [扶子 / 偕老].",False,False,,2
973,D,D Direct segmentation,over,走进婚姻的红地毯，携手共老扶子偕老能永浴爱河可说是每对想结婚的夫妻所梦寐以求的。在东方社会中，在较古老的方式是媒人形式，有通过亲戚、朋友邻居之类的介绍，对对方有所了解。而较近期，电子邮件、网结朋友出现一网情深这类爱情，是较时髦的爱情交往方式，但对我来说也不是理想式的。,走进婚姻的殿堂，执子之手，与子偕老和永浴爱河可以说是每对想结婚的情侣所梦寐以求的。在东方社会，比较古老的方式是媒人形式，通过亲戚、朋友、邻居之类的介绍来了解对方。而较近期，电子邮件、网络朋友的出现产生了一网情深这类爱情。虽然这类爱情是较时髦的爱情交往方式，但对我来说也不是理想式的。,走 进 婚姻 的 红 地毯 ， 携手共老 扶子偕老 能 永 浴 爱河 可 说 是 每 对 想 结婚 的 夫妻 所 梦寐以求 的 。 在 东方 社会 中 ， 在较 古老 的 方式 是 媒人 形式 ， 有 通过 亲戚 、 朋友 邻居 之类 的 介绍 ， 对 对方 有所 了解 。 而 较 近期 ， 电子 邮件 、 网结 朋友 出现 一网情深 这 类 爱情 ， 是 较 时髦 的 爱情 交往 方式 ， 但 对 我 来说 也 不 是 理想式 的 。,走 进 婚姻 的 红 地毯 ， 携手 共 老 扶子 偕老 能 永 浴 爱河 可 说 是 每 对 想 结婚 的 夫妻 所 梦寐以求 的 。 在 东方 社会 中 ， 在 较 古老 的 方式 是 媒人 形式 ， 有 通过 亲戚 、 朋友 邻居 之类 的 介绍 ， 对 对方 有所 了解 。 而 较 近期 ， 电子 邮件 、 网 结 朋友 出现 一网情深 这 类 爱情 ， 是 较 时髦 的 爱情 交往 方式 ， 但 对 我 来说 也 不 是 理想式 的 。,在较,在 / 较,47,49,在较,[],[48],[48],[],"The prediction inserts an extra boundary inside the gold token [在较], producing [在 / 较].",False,False,,3
973,D,D Direct segmentation,over,走进婚姻的红地毯，携手共老扶子偕老能永浴爱河可说是每对想结婚的夫妻所梦寐以求的。在东方社会中，在较古老的方式是媒人形式，有通过亲戚、朋友邻居之类的介绍，对对方有所了解。而较近期，电子邮件、网结朋友出现一网情深这类爱情，是较时髦的爱情交往方式，但对我来说也不是理想式的。,走进婚姻的殿堂，执子之手，与子偕老和永浴爱河可以说是每对想结婚的情侣所梦寐以求的。在东方社会，比较古老的方式是媒人形式，通过亲戚、朋友、邻居之类的介绍来了解对方。而较近期，电子邮件、网络朋友的出现产生了一网情深这类爱情。虽然这类爱情是较时髦的爱情交往方式，但对我来说也不是理想式的。,走 进 婚姻 的 红 地毯 ， 携手共老 扶子偕老 能 永 浴 爱河 可 说 是 每 对 想 结婚 的 夫妻 所 梦寐以求 的 。 在 东方 社会 中 ， 在较 古老 的 方式 是 媒人 形式 ， 有 通过 亲戚 、 朋友 邻居 之类 的 介绍 ， 对 对方 有所 了解 。 而 较 近期 ， 电子 邮件 、 网结 朋友 出现 一网情深 这 类 爱情 ， 是 较 时髦 的 爱情 交往 方式 ， 但 对 我 来说 也 不 是 理想式 的 。,走 进 婚姻 的 红 地毯 ， 携手 共 老 扶子 偕老 能 永 浴 爱河 可 说 是 每 对 想 结婚 的 夫妻 所 梦寐以求 的 。 在 东方 社会 中 ， 在 较 古老 的 方式 是 媒人 形式 ， 有 通过 亲戚 、 朋友 邻居 之类 的 介绍 ， 对 对方 有所 了解 。 而 较 近期 ， 电子 邮件 、 网 结 朋友 出现 一网情深 这 类 爱情 ， 是 较 时髦 的 爱情 交往 方式 ， 但 对 我 来说 也 不 是 理想式 的 。,网结,网 / 结,94,96,网结,[],[95],[95],[],"The prediction inserts an extra boundary inside the gold token [网结], producing [网 / 结].",False,False,,4
974,D,D Direct segmentation,under,不过，反说回来，虽然父母没有很多老师具有的角色，但我认为父母还是孩子的第一任老师，而且是孩子最重要的老师。父母和老师的最大责任不是提供学术方面的知识而是传思想观念和社会价值。在这方面，外面学校老师的作用少，因为学生很多，影响便少。,不过，话又说回来，虽然父母没有很多老师具有的角色，但我认为父母还是孩子的第一任老师，而且是孩子最重要的老师。父母和老师的最大责任不是提供学术方面的知识而是传播思想观念和社会价值。在这方面，外面学校老师的作用小，因为学生很多，影响便小。,不过 ， 反 说 回来 ， 虽然 父母 没有 很多 老师 具有 的 角色 ， 但 我 认为 父母 还 是 孩子 的 第一 任 老师 ， 而且 是 孩子 最 重要 的 老师 。 父母 和 老师 的 最 大 责任 不 是 提供 学术 方面 的 知识 而是 传 思想 观念 和 社会 价值 。 在 这 方面 ， 外面 学校 老师 的 作用 少 ， 因为 学生 很 多 ， 影响 便 少 。,不过 ， 反 说 回来 ， 虽然 父母 没有 很多 老师 具有 的 角色 ， 但 我 认为 父母 还是 孩子 的 第一 任 老师 ， 而且 是 孩子 最 重要 的 老师 。 父母 和 老师 的 最 大 责任 不 是 提供 学术 方面 的 知识 而是 传 思想 观念 和 社会 价值 。 在 这 方面 ， 外面 学校 老师 的 作用 少 ， 因为 学生 很 多 ， 影响 便 少 。,还 / 是,还是,30,32,还是,[31],[],[],[31],"The prediction misses the gold boundary between [还] and [是], merging them into [还是].",False,False,,1
983,D,D Direct segmentation,under,前者是适合于那些发达国家的人们，因为该食品的产量低，但对人体无害，是被该些国家人们受欢迎的，也就是因为他们的经济状况很好，大部分都不考虑挨不挨饿，所以选择质量较好的。,前者是适合于那些发达国家的人们，因为该食品的产量低，但对人体无害，是受那些国家人民欢迎的，也就是因为他们的经济状况很好，大部分都不考虑挨不挨饿，所以选择质量较好的。,前者 是 适合 于 那些 发达国家 的 人们 ， 因为 该 食品 的 产量 低 ， 但 对 人体 无害 ， 是 被 该些 国家 人们 受 欢迎 的 ， 也 就 是 因为 他们 的 经济 状况 很 好 ， 大部分 都 不 考虑 挨 不 挨饿 ， 所以 选择 质量 较 好 的 。,前者 是 适合 于 那些 发达国家 的 人们 ， 因为 该 食品 的 产量 低 ， 但 对 人体 无害 ， 是 被 该些 国家 人们 受 欢迎 的 ， 也 就是 因为 他们 的 经济 状况 很 好 ， 大部分 都 不 考虑 挨 不 挨饿 ， 所以 选择 质量 较 好 的 。,就 / 是,就是,47,49,就是,[48],[],[],[48],"The prediction misses the gold boundary between [就] and [是], merging them into [就是].",False,False,,1
992,D,D Direct segmentation,over,我厌倦张华得很多。而且有一天，他使我惊奋。在白莱河的旁边我们走着，张华照样自吹自擂。忽然我们看见一只狗。它似乎淹死呢。张华马上弹跳河，救了它。,我厌倦张华。但是有一天，他使我震惊。我们走在白莱河的旁边，张华照样自吹自擂。忽然我们看见一只狗。它似乎快要淹死了。张华马上跳进河里，救了它。,我 厌倦 张华 得 很 多 。 而且 有 一 天 ， 他 使 我 惊奋 。 在 白莱河 的 旁边 我们 走 着 ， 张华 照样 自吹自擂 。 忽然 我们 看见 一 只 狗 。 它 似乎 淹 死 呢 。 张华 马上 弹 跳 河 ， 救 了 它 。,我 厌倦 张华 得 很 多 。 而且 有 一 天 ， 他 使 我 惊 奋 。 在 白莱河 的 旁边 我们 走 着 ， 张华 照样 自吹自擂 。 忽然 我们 看见 一 只 狗 。 它 似乎 淹死 呢 。 张华 马上 弹 跳 河 ， 救 了 它 。,惊奋,惊 / 奋,18,20,惊奋,[],[19],[19],[],"The prediction inserts an extra boundary inside the gold token [惊奋], producing [惊 / 奋].",False,True,,1
992,D,D Direct segmentation,under,我厌倦张华得很多。而且有一天，他使我惊奋。在白莱河的旁边我们走着，张华照样自吹自擂。忽然我们看见一只狗。它似乎淹死呢。张华马上弹跳河，救了它。,我厌倦张华。但是有一天，他使我震惊。我们走在白莱河的旁边，张华照样自吹自擂。忽然我们看见一只狗。它似乎快要淹死了。张华马上跳进河里，救了它。,我 厌倦 张华 得 很 多 。 而且 有 一 天 ， 他 使 我 惊奋 。 在 白莱河 的 旁边 我们 走 着 ， 张华 照样 自吹自擂 。 忽然 我们 看见 一 只 狗 。 它 似乎 淹 死 呢 。 张华 马上 弹 跳 河 ， 救 了 它 。,我 厌倦 张华 得 很 多 。 而且 有 一 天 ， 他 使 我 惊 奋 。 在 白莱河 的 旁边 我们 走 着 ， 张华 照样 自吹自擂 。 忽然 我们 看见 一 只 狗 。 它 似乎 淹死 呢 。 张华 马上 弹 跳 河 ， 救 了 它 。,淹 / 死,淹死,55,57,淹死,[56],[],[],[56],"The prediction misses the gold boundary between [淹] and [死], merging them into [淹死].",False,True,,2
1001,D,D Direct segmentation,over,有人说，流行歌只会喜欢受高中生，可是我认为流行歌会影响到文化市场。如果不发达文化市场怎么会出来周杰论？从周杰伦的力量来看，他常常在舞台的时候，很多电视台和各种媒体都转播他的一切，然而他是成为了一个文化的代表。,有人说，流行歌只会受高中生喜爱，可是我认为流行歌会影响到文化市场。如果文化不发达，怎么会出现周杰伦这样的人？从周杰伦的影响力来看，他在舞台上的时候，很多电视台和各种媒体都会转播他的一切，所以他成为了一种文化的代表。,有人 说 ， 流行歌 只 会 喜欢 受 高中生 ， 可是 我 认为 流行歌 会 影响 到 文化 市场 。 如果 不 发达 文化 市场 怎么 会 出来 周杰论 ？ 从 周杰伦 的 力量 来 看 ， 他 常常 在 舞台 的 时候 ， 很多 电视台 和 各种 媒体 都 转播 他 的 一切 ， 然而 他 是 成为 了 一个 文化 的 代表 。,有人 说 ， 流行歌 只 会 喜欢 受 高中生 ， 可是 我 认为 流行歌 会 影响 到 文化 市场 。 如果 不 发达 文化 市场 怎么 会 出来 周杰 论 ？ 从 周杰伦 的 力量 来 看 ， 他 常常 在 舞台 的 时候 ， 很多 电视台 和 各种 媒体 都 转播 他 的 一切 ， 然而 他 是 成为 了 一个 文化 的 代表 。,周杰论,周杰 / 论,47,50,周杰论,[],[49],[49],[],"The prediction inserts an extra boundary inside the gold token [周杰论], producing [周杰 / 论].",False,False,,1
1003,D,D Direct segmentation,over,但我也不是那么地喜欢流行歌曲，虽然凡是歌曲我就喜欢听，但我特别对流行歌曲的评价低。因为不多数流行歌曲都很吵，实在是不能让人通过听音乐来感受到那种清净又舒服的感觉。,但我也不是那么地喜欢流行歌曲，虽然凡是歌曲我都喜欢听，但我特别地对流行歌曲的评价低。因为大多数流行歌曲都很吵，实在是不能让人通过听音乐来感受到那种清净又舒服的感觉。,但 我 也 不 是 那么 地 喜欢 流行 歌曲 ， 虽然 凡是 歌曲 我 就 喜欢 听 ， 但 我 特别 对 流行 歌曲 的 评价 低 。 因为 不多数 流行 歌曲 都 很 吵 ， 实在 是 不 能 让 人 通过 听 音乐 来 感受 到 那种 清净 又 舒服 的 感觉 。,但 我 也 不 是 那么 地 喜欢 流行 歌曲 ， 虽然 凡是 歌曲 我 就 喜欢 听 ， 但 我 特别 对 流行 歌曲 的 评价 低 。 因为 不 多数 流行 歌曲 都 很 吵 ， 实在 是 不 能 让 人 通过 听 音乐 来 感受 到 那种 清净 又 舒服 的 感觉 。,不多数,不 / 多数,43,46,不多数,[],[44],[44],[],"The prediction inserts an extra boundary inside the gold token [不多数], producing [不 / 多数].",False,False,,1
1004,D,D Direct segmentation,under,极客这个字是在1960年在美国加州首次出现的。是美国行语的词语，这意味着一个在特定方面挺机灵和内向的人。由于他的专业知识，有时人会认为极客这个人用脑太多了而用心太小了。,极客这个词是1960年在美国加州首次出现的。是美国俚语的词语，意思是在特定方面挺机灵和内向的人。由于他的专业知识，有时人会认为极客这类人用脑太多了而用心太少了。,极客 这个 字 是 在 1960年 在 美国 加州 首 次 出现 的 。 是 美国 行语 的 词语 ， 这 意味着 一个 在 特定 方面 挺 机灵 和 内向 的 人 。 由于 他 的 专业 知识 ， 有时 人 会 认为 极客 这个 人 用 脑 太 多 了 而 用 心 太 小 了 。,极客 这个 字 是 在 1960年 在 美国 加州 首 次 出现 的 。 是 美国 行语 的 词语 ， 这 意味着 一个 在 特定 方面 挺 机灵 和 内向 的 人 。 由于 他 的 专业 知识 ， 有时 人 会 认为 极客 这个 人 用 脑 太 多 了 而 用心 太 小 了 。,用 / 心,用心,78,80,用心,[79],[],[],[79],"The prediction misses the gold boundary between [用] and [心], merging them into [用心].",False,False,,1
1008,D,D Direct segmentation,over,不过一分二为来看，地球上很多人还是因饥饿而痛苦。,不过一分为二来看，地球上很多人还是因饥饿而痛苦。,不过 一分二为 来 看 ， 地球 上 很多 人 还是 因 饥饿 而 痛苦 。,不过 一 分 二 为 来 看 ， 地球 上 很多 人 还是 因 饥饿 而 痛苦 。,一分二为,一 / 分 / 二 / 为,2,6,一分二为,[],"[3, 4, 5]","[3, 4, 5]",[],"The prediction inserts an extra boundary inside the gold token [一分二为], producing [一 / 分 / 二 / 为].",False,True,,1
1010,D,D Direct segmentation,over,“吸咽给人的身体人的健康不好的影响”这是周所众知的事。但这不仅仅是吸咽的人，而且对周围的人带来不好的影响。,“吸咽给人的身体人的健康带来不好的影响”，这是众所周知的事。但这不仅仅是给吸咽的人，而且给周围的人也带来不好的影响。,“ 吸 咽 给 人 的 身体 人 的 健康 不好 的 影响 ” 这 是 周所众知 的 事 。 但 这 不仅仅 是 吸 咽 的 人 ， 而且 对 周围 的 人 带来 不好 的 影响 。,“ 吸 咽 给 人 的 身体 人 的 健康 不好 的 影响 ” 这 是 周 所 众 知 的 事 。 但 这 不仅仅 是 吸 咽 的 人 ， 而且 对 周围 的 人 带来 不好 的 影响 。,周所众知,周 / 所 / 众 / 知,20,24,周所众知,[],"[21, 22, 23]","[21, 22, 23]",[],"The prediction inserts an extra boundary inside the gold token [周所众知], producing [周 / 所 / 众 / 知].",False,True,,1
1015,D,D Direct segmentation,over,旅行团会做单身团让男女慢慢沟通和认识。,旅行团会设立单身团来让陌生男女慢慢沟通和认识。,旅行团 会 做 单身团 让 男女 慢慢 沟通 和 认识 。,旅行团 会 做 单身 团 让 男女 慢慢 沟通 和 认识 。,单身团,单身 / 团,5,8,单身团,[],[7],[7],[],"The prediction inserts an extra boundary inside the gold token [单身团], producing [单身 / 团].",True,True,,1
1016,D,D Direct segmentation,over,我喜欢汉吾果！我在大学，有上三课。下午我在大学点课。星期三我很忙。,我喜欢汉语课！我在大学，上午有三节课。下午我在大学上课。星期三我很忙。,我 喜欢 汉吾果 ！ 我 在 大学 ， 有 上 三 课 。 下午 我 在 大学 点课 。 星期三 我 很 忙 。,我 喜欢 汉吾果 ！ 我 在 大学 ， 有 上 三 课 。 下午 我 在 大学 点 课 。 星期三 我 很 忙 。,点课,点 / 课,23,25,点课,[],[24],[24],[],"The prediction inserts an extra boundary inside the gold token [点课], producing [点 / 课].",False,True,,1
1020,D,D Direct segmentation,over,我是七月跟我长久知己的几个好朋友坐日本飞机去的美国。我们没有在参加游览组的帮助下旅行，所以我们主要的问题就是住宿，饮食当然花的钱。我们去到了纽约的时候，就是跟见的美国人都用英文说的，可是好像我们说的很不怎么样，因为他们都用日文回答，所以跟他们一起互相玩笑，很有意思。,我是七月跟我认识了很久的几个好朋友坐日本飞机去的美国。我们没有在旅游团的帮助下旅行，所以我们主要的问题就是住宿、饮食上花的钱。我们去到了纽约的时候，跟见面美国人都用英语交流，可是好像我们说得很不怎么样，因为他们都用日语回答，所以跟他们一起互相开玩笑，很有意思。,我 是 七月 跟 我 长久 知己 的 几 个 好 朋友 坐 日本 飞机 去 的 美国 。 我们 没有 在 参加 游览组 的 帮助 下 旅行 ， 所以 我们 主要 的 问题 就 是 住宿 ， 饮食 当然 花 的 钱 。 我们 去 到 了 纽约 的 时候 ， 就 是 跟 见 的 美国 人 都 用 英文 说 的 ， 可是 好像 我们 说 的 很 不怎么样 ， 因为 他们 都 用 日文 回答 ， 所以 跟 他们 一起 互相 玩笑 ， 很 有意思 。,我 是 七月 跟 我 长久 知己 的 几 个 好 朋友 坐 日本 飞机 去 的 美国 。 我们 没有 在 参加 游览组 的 帮助 下 旅行 ， 所以 我们 主要 的 问题 就 是 住宿 ， 饮食 当然 花 的 钱 。 我们 去 到 了 纽约 的 时候 ， 就 是 跟 见 的 美国 人 都 用 英文 说 的 ， 可是 好像 我们 说 的 很 不 怎么样 ， 因为 他们 都 用 日文 回答 ， 所以 跟 他们 一起 互相 玩笑 ， 很 有意思 。,不怎么样,不 / 怎么样,100,104,不怎么样,[],[101],[101],[],"The prediction inserts an extra boundary inside the gold token [不怎么样], producing [不 / 怎么样].",False,False,,1
1027,D,D Direct segmentation,under,我是荷兰人，也是德国人。看起来荷兰和德国己经有什么不一样。但是欧洲和中国的差别应该更大！,我是荷兰人，也是德国人。看起来荷兰和德国已经有很多不一样。但是欧洲和中国的差别应该更大！,我 是 荷兰人 ， 也 是 德国 人 。 看起来 荷兰 和 德国 己经 有 什么 不 一样 。 但是 欧洲 和 中国 的 差别 应该 更 大 ！,我 是 荷兰人 ， 也 是 德国人 。 看起来 荷兰 和 德国 己经 有 什么 不 一样 。 但是 欧洲 和 中国 的 差别 应该 更 大 ！,德国 / 人,德国人,8,11,德国人,[10],[],[],[10],"The prediction misses the gold boundary between [德国] and [人], merging them into [德国人].",False,True,,1
1029,D,D Direct segmentation,over,但是在我的城市还有很多的人不怎么关心环保，例如他们把电池日常达扱掉。我觉得我们每个人都应该进自己的责任，和不浪费能源。政府可以出台一些法律，比如给坏的公民一个税。以然后也许这个人民小心一点儿．,但是在我的城市还有很多的人不怎么关心环保问题，例如他们把电池当作日常垃圾扔掉。我觉得我们每个人都应该尽自己的责任和不浪费能源。政府可以出台一些法律，比如给坏的公民增加一个税，以后也许这个公民会小心一点儿。,但是 在 我 的 城市 还 有 很多 的 人 不怎么 关心 环保 ， 例如 他们 把 电池 日常 达扱 掉 。 我 觉得 我们 每个 人 都 应该 进 自己 的 责任 ， 和 不 浪费 能源 。 政府 可以 出台 一些 法律 ， 比如 给 坏 的 公民 一个 税 。 以然后 也许 这个 人民 小心 一点儿 ．,但是 在 我 的 城市 还 有 很多 的 人 不怎么 关心 环保 ， 例如 他们 把 电池 日常 达 扱 掉 。 我 觉得 我们 每个 人 都 应该 进 自己 的 责任 ， 和 不 浪费 能源 。 政府 可以 出台 一些 法律 ， 比如 给 坏 的 公民 一个 税 。 以 然后 也许 这个 人民 小心 一点儿 ．,达扱,达 / 扱,30,32,达扱,[],[31],[31],[],"The prediction inserts an extra boundary inside the gold token [达扱], producing [达 / 扱].",False,False,,1
1029,D,D Direct segmentation,over,但是在我的城市还有很多的人不怎么关心环保，例如他们把电池日常达扱掉。我觉得我们每个人都应该进自己的责任，和不浪费能源。政府可以出台一些法律，比如给坏的公民一个税。以然后也许这个人民小心一点儿．,但是在我的城市还有很多的人不怎么关心环保问题，例如他们把电池当作日常垃圾扔掉。我觉得我们每个人都应该尽自己的责任和不浪费能源。政府可以出台一些法律，比如给坏的公民增加一个税，以后也许这个公民会小心一点儿。,但是 在 我 的 城市 还 有 很多 的 人 不怎么 关心 环保 ， 例如 他们 把 电池 日常 达扱 掉 。 我 觉得 我们 每个 人 都 应该 进 自己 的 责任 ， 和 不 浪费 能源 。 政府 可以 出台 一些 法律 ， 比如 给 坏 的 公民 一个 税 。 以然后 也许 这个 人民 小心 一点儿 ．,但是 在 我 的 城市 还 有 很多 的 人 不怎么 关心 环保 ， 例如 他们 把 电池 日常 达 扱 掉 。 我 觉得 我们 每个 人 都 应该 进 自己 的 责任 ， 和 不 浪费 能源 。 政府 可以 出台 一些 法律 ， 比如 给 坏 的 公民 一个 税 。 以 然后 也许 这个 人民 小心 一点儿 ．,以然后,以 / 然后,81,84,以然后,[],[82],[82],[],"The prediction inserts an extra boundary inside the gold token [以然后], producing [以 / 然后].",False,False,,2
1035,D,D Direct segmentation,over,日本有这谚话“没有父母也孩子能成大”。,日本有句谚语：“没有父母的孩子也能长大。”,日本 有 这 谚话 “ 没有 父母 也 孩子 能 成大 ” 。,日本 有 这 谚话 “ 没有 父母 也 孩子 能 成 大 ” 。,成大,成 / 大,15,17,成大,[],[16],[16],[],"The prediction inserts an extra boundary inside the gold token [成大], producing [成 / 大].",True,True,,1
1038,D,D Direct segmentation,under,如果碰到人的话就会受伤。但是大部分的人们没想过这样的情况。,如果碰到人的话人就会受伤。但是大部分的人没想过这样的情况。,如果 碰到 人 的 话 就 会 受伤 。 但是 大部分 的 人们 没 想 过 这样 的 情况 。,如果 碰到 人 的话 就 会 受伤 。 但是 大部分 的 人们 没 想 过 这样 的 情况 。,的 / 话,的话,5,7,的话,[6],[],[],[6],"The prediction misses the gold boundary between [的] and [话], merging them into [的话].",False,True,,1
1046,D,D Direct segmentation,over,据我所知，现在韩国、中国的烟制工厂都是国家安排的，如果国家要让人民禁止抽烟，那么国家先停止那个工厂。我的说话当然听起来很奇怪，但是我觉得真正的方法都是这样。到目前为止不但老人、中年人抽烟而且青少人也抽烟。,据我所知，现在韩国、中国的制烟工厂都是国家安排的，如果国家要禁止人民抽烟，那么国家得先关停那个工厂。我说的话听起来很奇怪，但是我觉得真正有用的方法就是这样。到目前为止，不但老人、中年人抽烟，青少年也抽烟。,据 我 所 知 ， 现在 韩国 、 中国 的 烟制 工厂 都 是 国家 安排 的 ， 如果 国家 要 让 人民 禁止 抽烟 ， 那么 国家 先 停止 那个 工厂 。 我 的 说话 当然 听 起来 很 奇怪 ， 但是 我 觉得 真正 的 方法 都 是 这样 。 到 目前 为止 不但 老人 、 中年人 抽烟 而且 青少人 也 抽烟 。,据 我 所 知 ， 现在 韩国 、 中国 的 烟 制 工厂 都 是 国家 安排 的 ， 如果 国家 要 让 人民 禁止 抽烟 ， 那么 国家 先 停止 那个 工厂 。 我 的 说话 当然 听 起来 很 奇怪 ， 但是 我 觉得 真正 的 方法 都 是 这样 。 到 目前 为止 不但 老人 、 中年人 抽烟 而且 青少 人 也 抽烟 。,烟制,烟 / 制,13,15,烟制,[],[14],[14],[],"The prediction inserts an extra boundary inside the gold token [烟制], producing [烟 / 制].",False,False,,1
1046,D,D Direct segmentation,over,据我所知，现在韩国、中国的烟制工厂都是国家安排的，如果国家要让人民禁止抽烟，那么国家先停止那个工厂。我的说话当然听起来很奇怪，但是我觉得真正的方法都是这样。到目前为止不但老人、中年人抽烟而且青少人也抽烟。,据我所知，现在韩国、中国的制烟工厂都是国家安排的，如果国家要禁止人民抽烟，那么国家得先关停那个工厂。我说的话听起来很奇怪，但是我觉得真正有用的方法就是这样。到目前为止，不但老人、中年人抽烟，青少年也抽烟。,据 我 所 知 ， 现在 韩国 、 中国 的 烟制 工厂 都 是 国家 安排 的 ， 如果 国家 要 让 人民 禁止 抽烟 ， 那么 国家 先 停止 那个 工厂 。 我 的 说话 当然 听 起来 很 奇怪 ， 但是 我 觉得 真正 的 方法 都 是 这样 。 到 目前 为止 不但 老人 、 中年人 抽烟 而且 青少人 也 抽烟 。,据 我 所 知 ， 现在 韩国 、 中国 的 烟 制 工厂 都 是 国家 安排 的 ， 如果 国家 要 让 人民 禁止 抽烟 ， 那么 国家 先 停止 那个 工厂 。 我 的 说话 当然 听 起来 很 奇怪 ， 但是 我 觉得 真正 的 方法 都 是 这样 。 到 目前 为止 不但 老人 、 中年人 抽烟 而且 青少 人 也 抽烟 。,青少人,青少 / 人,95,98,青少人,[],[97],[97],[],"The prediction inserts an extra boundary inside the gold token [青少人], producing [青少 / 人].",False,False,,2
1049,D,D Direct segmentation,over,我一前没住过五星级旅馆，所以我很惊奇了。,我以前没住过五星级旅馆，所以我很惊奇。,我 一前 没 住 过 五星级 旅馆 ， 所以 我 很 惊奇 了 。,我 一 前 没 住 过 五星级 旅馆 ， 所以 我 很 惊奇 了 。,一前,一 / 前,1,3,一前,[],[2],[2],[],"The prediction inserts an extra boundary inside the gold token [一前], producing [一 / 前].",True,True,,1
1055,D,D Direct segmentation,over,但是给张华，西菜她部喜欢。她很少有机会吃西菜，所以她非常爱吃欧洲的菜。,但是对于张华，西菜她很喜欢。她很少有机会吃西菜，但是她非常爱吃欧洲的菜。,但是 给 张华 ， 西菜 她 部 喜欢 。 她 很 少 有 机会 吃 西菜 ， 所以 她 非常 爱 吃 欧洲 的 菜 。,但是 给 张华 ， 西菜 她 部 喜欢 。 她 很 少 有 机会 吃 西 菜 ， 所以 她 非常 爱 吃 欧洲 的 菜 。,西菜,西 / 菜,20,22,西菜,[],[21],[21],[],"The prediction inserts an extra boundary inside the gold token [西菜], producing [西 / 菜].",False,True,,1
1056,D,D Direct segmentation,over,这个问题应该从根本上开始解决。有的人是需要“绿色产品”但有毫无在乎。,这个问题应该从根本上开始解决。有的人是需要“绿色产品”，但有的毫不在乎。,这个 问题 应该 从 根本 上 开始 解决 。 有的 人 是 需要 “ 绿色 产品 ” 但 有 毫无在乎 。,这个 问题 应该 从 根本 上 开始 解决 。 有的 人 是 需要 “ 绿色 产品 ” 但 有 毫无 在乎 。,毫无在乎,毫无 / 在乎,29,33,毫无在乎,[],[31],[31],[],"The prediction inserts an extra boundary inside the gold token [毫无在乎], producing [毫无 / 在乎].",False,True,,1
1062,D,D Direct segmentation,over,那个时候我认为不可能打太鼓、因为我从来没有打过鼓、也不了解日本传统的音乐、还有没有足够体力。,那个时候我认为自己不可能打太鼓，因为我从来没有打过鼓，也不了解日本的传统音乐，还没有足够的体力。,那个 时候 我 认为 不 可能 打 太鼓 、 因为 我 从来 没有 打 过 鼓 、 也 不 了解 日本 传统 的 音乐 、 还有 没有 足够 体力 。,那个 时候 我 认为 不 可能 打 太鼓 、 因为 我 从来 没有 打 过 鼓 、 也 不 了解 日本 传统 的 音乐 、 还有 没 有 足够 体力 。,没有,没 / 有,39,41,没有,[],[40],[40],[],"The prediction inserts an extra boundary inside the gold token [没有], producing [没 / 有].",False,True,,1
1067,D,D Direct segmentation,under,如若贵公司能拨出时间给本人一个面试的机会，将不胜感激。,如若贵公司能拨出时间给本人一个面试的机会，我将不胜感激。,如若 贵 公司 能 拨 出 时间 给 本人 一个 面试 的 机会 ， 将 不胜感激 。,如若 贵公司 能 拨 出 时间 给 本人 一个 面试 的 机会 ， 将 不胜感激 。,贵 / 公司,贵公司,2,5,贵公司,[3],[],[],[3],"The prediction misses the gold boundary between [贵] and [公司], merging them into [贵公司].",False,True,,1
1074,D,D Direct segmentation,over,正如众所皆知，结交的方式繁多，过程不一，当然内容更是多姿多彩。,众所皆知，结交的方式繁多，过程不一，当然内容更是多姿多彩。,正 如 众 所 皆知 ， 结交 的 方式 繁多 ， 过程 不一 ， 当然 内容 更 是 多姿多彩 。,正 如 众 所 皆 知 ， 结交 的 方式 繁多 ， 过程 不一 ， 当然 内容 更 是 多姿多彩 。,皆知,皆 / 知,4,6,皆知,[],[5],[5],[],"The prediction inserts an extra boundary inside the gold token [皆知], producing [皆 / 知].",False,True,,1
1078,D,D Direct segmentation,over,在三亚机中国人可以说英语，因为在那里有很多游者。我觉得三亚是一个非常票连得城市，但海口没有意思。,在三亚，中国人可以说英语，因为那里有很多游者。我觉得三亚是一个非常漂亮的城市，但海口没有意思。,在 三亚 机 中国 人 可以 说 英语 ， 因为 在 那里 有 很多 游者 。 我 觉得 三亚 是 一个 非常 票连 得 城市 ， 但 海口 没有 意思 。,在 三亚 机 中国 人 可以 说 英语 ， 因为 在 那里 有 很多 游者 。 我 觉得 三亚 是 一个 非常 票 连 得 城市 ， 但 海口 没有 意思 。,票连,票 / 连,34,36,票连,[],[35],[35],[],"The prediction inserts an extra boundary inside the gold token [票连], producing [票 / 连].",False,True,,1
1085,D,D Direct segmentation,over,我很喜欢跳舞，所以每个星期一、星期二、星期三星期五跳舞。我也当演员，唱哥，画画。我有一个男朋友，他很内向可是很好心。他跟我跳舞。,我很喜欢跳舞，所以我每个星期一、星期二、星期三和星期五跳舞。我也喜欢当演员，唱歌，画画。我有一个男朋友，他很内向可是很善良。他跟我跳舞。,我 很 喜欢 跳舞 ， 所以 每个 星期一 、 星期二 、 星期三 星期五 跳舞 。 我 也 当 演员 ， 唱哥 ， 画画 。 我 有 一个 男朋友 ， 他 很 内向 可是 很 好心 。 他 跟 我 跳舞 。,我 很 喜欢 跳舞 ， 所以 每个 星期一 、 星期二 、 星期三 星期五 跳舞 。 我 也 当 演员 ， 唱 哥 ， 画画 。 我 有 一个 男朋友 ， 他 很 内向 可是 很 好心 。 他 跟 我 跳舞 。,唱哥,唱 / 哥,34,36,唱哥,[],[35],[35],[],"The prediction inserts an extra boundary inside the gold token [唱哥], producing [唱 / 哥].",False,True,,1
1086,D,D Direct segmentation,over,在公共场所来老弱男女。在公共场所吸抽就意味着，不抽烟者都被吸呼烟。,在公共场所有男女老幼，所以在公共场所抽烟就意味着这些不抽烟者都得被迫吸烟。,在 公共场所 来 老弱男女 。 在 公共场所 吸抽 就 意味着 ， 不抽烟者 都 被 吸 呼 烟 。,在 公共场所 来 老 弱 男女 。 在 公共场所 吸抽 就 意味着 ， 不抽烟者 都 被 吸 呼 烟 。,老弱男女,老 / 弱 / 男女,6,10,老弱男女,[],"[7, 8]","[7, 8]",[],"The prediction inserts an extra boundary inside the gold token [老弱男女], producing [老 / 弱 / 男女].",False,True,,1
1093,D,D Direct segmentation,over,是在非洲中有名种名样的地方，差不多都是风景区，是很安静。你们可以一边放松一边玩儿。,在非洲中有各种各样的地方，差不多都是风景区，都很安静。你们可以一边放松一边玩儿。,是 在 非洲 中 有 名种名样 的 地方 ， 差不多 都 是 风景区 ， 是 很 安静 。 你们 可以 一边 放松 一边 玩儿 。,是 在 非洲 中 有 名种名 样 的 地方 ， 差不多 都 是 风景区 ， 是 很 安静 。 你们 可以 一边 放松 一边 玩儿 。,名种名样,名种名 / 样,6,10,名种名样,[],[9],[9],[],"The prediction inserts an extra boundary inside the gold token [名种名样], producing [名种名 / 样].",False,True,,1
1109,D,D Direct segmentation,under,之所以是因为不是人演出的而是机器做的，而且有的歌曲从我看来是噪音，非常难听。有的歌曲可以使我非常紧张真致生气。,之所以不是人演出来的而是机器造的，是因为有的歌曲在我看来是噪音，非常难听，有的歌曲使我非常紧张甚至生气。,之所以 是 因为 不 是 人 演 出 的 而是 机器 做 的 ， 而且 有的 歌曲 从 我 看来 是 噪音 ， 非常 难听 。 有的 歌曲 可以 使 我 非常 紧张 真致 生气 。,之所以 是 因为 不 是 人 演出 的 而是 机器 做 的 ， 而且 有的 歌曲 从 我 看来 是 噪音 ， 非常 难听 。 有的 歌曲 可以 使 我 非常 紧张 真 致 生气 。,演 / 出,演出,9,11,演出,[10],[],[],[10],"The prediction misses the gold boundary between [演] and [出], merging them into [演出].",False,True,,1
1109,D,D Direct segmentation,over,之所以是因为不是人演出的而是机器做的，而且有的歌曲从我看来是噪音，非常难听。有的歌曲可以使我非常紧张真致生气。,之所以不是人演出来的而是机器造的，是因为有的歌曲在我看来是噪音，非常难听，有的歌曲使我非常紧张甚至生气。,之所以 是 因为 不 是 人 演 出 的 而是 机器 做 的 ， 而且 有的 歌曲 从 我 看来 是 噪音 ， 非常 难听 。 有的 歌曲 可以 使 我 非常 紧张 真致 生气 。,之所以 是 因为 不 是 人 演出 的 而是 机器 做 的 ， 而且 有的 歌曲 从 我 看来 是 噪音 ， 非常 难听 。 有的 歌曲 可以 使 我 非常 紧张 真 致 生气 。,真致,真 / 致,50,52,真致,[],[51],[51],[],"The prediction inserts an extra boundary inside the gold token [真致], producing [真 / 致].",False,True,,2
1118,D,D Direct segmentation,over,我学中文，因为我想学写中文字和明白中国的文化。中国历使有意思。我很喜欢也很开心，学中文，因为有很多人问我为什么我不会看或者学中文。现在我会一点点了阿！,我学中文，因为我想学写汉字和了解中国的文化。中国历史很有意思。我很喜欢也很开心学中文，因为以前有很多人问我为什么我不会看或者写中文。现在我会一点点了啊！,我 学 中文 ， 因为 我 想 学 写 中文 字 和 明白 中国 的 文化 。 中国 历使 有意思 。 我 很 喜欢 也 很 开心 ， 学 中文 ， 因为 有 很多 人 问 我 为什么 我 不 会 看 或者 学 中文 。 现在 我 会 一点点 了 阿 ！,我 学 中文 ， 因为 我 想 学 写 中文 字 和 明白 中国 的 文化 。 中国 历 使 有意思 。 我 很 喜欢 也 很 开心 ， 学 中文 ， 因为 有 很多 人 问 我 为什么 我 不 会 看 或者 学 中文 。 现在 我 会 一点点 了 阿 ！,历使,历 / 使,25,27,历使,[],[26],[26],[],"The prediction inserts an extra boundary inside the gold token [历使], producing [历 / 使].",False,True,,1
1119,D,D Direct segmentation,under,中医可以治疗问题的根子，不只战斗症状。,中医可以治疗问题的根本，不只是症状。,中医 可以 治疗 问题 的 根子 ， 不 只 战斗 症状 。,中医 可以 治疗 问题 的 根子 ， 不只 战斗 症状 。,不 / 只,不只,12,14,不只,[13],[],[],[13],"The prediction misses the gold boundary between [不] and [只], merging them into [不只].",True,False,,1
1128,D,D Direct segmentation,over,定有一个不屑一顾的态度呢。怎么把它实行好真的是政府最难解决的事情真服的障碍，不能让这个规定变为废纸。,为什么一定有一个不屑一顾的态度呢？怎么把它实行好真的是政府最难解决的事情，需要征服的障碍，不能让这个规定变为废纸。,定 有 一个 不屑一顾 的 态度 呢 。 怎么 把 它 实行 好 真 的 是 政府 最 难 解决 的 事情 真服 的 障碍 ， 不 能 让 这个 规定 变为 废纸 。,定 有 一个 不屑一顾 的 态度 呢 。 怎么 把 它 实行 好 真 的 是 政府 最 难 解决 的 事情 真 服 的 障碍 ， 不 能 让 这个 规定 变为 废纸 。,真服,真 / 服,32,34,真服,[],[33],[33],[],"The prediction inserts an extra boundary inside the gold token [真服], producing [真 / 服].",False,False,,1
1137,D,D Direct segmentation,under,孩子也是有固有性个的一个人。,孩子也是有固有个性的一个人。,孩子 也 是 有 固有 性个 的 一个 人 。,孩子 也 是 有 固有性个 的 一个 人 。,固有 / 性个,固有性个,5,9,固有性个,[7],[],[],[7],"The prediction misses the gold boundary between [固有] and [性个], merging them into [固有性个].",True,True,,1
22,P1,P1 Identical-character projection,under,所以我从小到现在在这些快餐吃饭的机会很少。对我来说每次饭都很重要。,所以我从小到现在在这些快餐店吃饭的机会很少。对我来说每顿饭都很重要。,所以 我 从小 到 现在 在 这些 快餐 吃饭 的 机会 很 少 。 对 我 来说 每 次 饭 都 很 重要 。,所以 我 从小 到 现在 在 这些 快餐 吃饭 的 机会 很 少 。 对 我 来说 每次 饭 都 很 重要 。,每 / 次,每次,25,27,每次,[26],[],[],[26],"The prediction misses the gold boundary between [每] and [次], merging them into [每次].",False,True,,1
26,P1,P1 Identical-character projection,over,跟旅行困可以去野外看看野生动物。这是很有意思。在大自然里可以做名种名样放松的活动，比如瑜伽、爬山、打猎。,跟旅行团可以去野外看野生动物，这很有意思。在大自然里可以做各种各样放松的活动，比如瑜伽、爬山、打猎。,跟 旅行困 可以 去 野外 看看 野生 动物 。 这 是 很 有意思 。 在 大自然 里 可以 做 名种名样 放松 的 活动 ， 比如 瑜伽 、 爬山 、 打猎 。,跟 旅行 困 可以 去 野外 看看 野生 动物 。 这 是 很 有意思 。 在 大自然 里 可以 做 名种 名样 放松 的 活动 ， 比如 瑜伽 、 爬山 、 打猎 。,旅行困,旅行 / 困,1,4,旅行困,[],[3],[3],[],"The prediction inserts an extra boundary inside the gold token [旅行困], producing [旅行 / 困].",False,False,,1
26,P1,P1 Identical-character projection,over,跟旅行困可以去野外看看野生动物。这是很有意思。在大自然里可以做名种名样放松的活动，比如瑜伽、爬山、打猎。,跟旅行团可以去野外看野生动物，这很有意思。在大自然里可以做各种各样放松的活动，比如瑜伽、爬山、打猎。,跟 旅行困 可以 去 野外 看看 野生 动物 。 这 是 很 有意思 。 在 大自然 里 可以 做 名种名样 放松 的 活动 ， 比如 瑜伽 、 爬山 、 打猎 。,跟 旅行 困 可以 去 野外 看看 野生 动物 。 这 是 很 有意思 。 在 大自然 里 可以 做 名种 名样 放松 的 活动 ， 比如 瑜伽 、 爬山 、 打猎 。,名种名样,名种 / 名样,31,35,名种名样,[],[33],[33],[],"The prediction inserts an extra boundary inside the gold token [名种名样], producing [名种 / 名样].",False,False,,2
28,P1,P1 Identical-character projection,under,随着时代的潮流，流行歌曲对年轻的一代特别喜欢，甚至连歌星的名字都能刻在记忆上。每一首歌的曲子，谁唱的也顺口说出。这见得流行歌曲对现代的青年真是一种渴求的音乐。,随着时代的潮流，年轻的一代对流行歌曲特别喜欢，甚至连歌星的名字都能刻在记忆上。每一首歌的曲子，谁唱的也顺口说出。这足以见得流行歌曲对现代的青年来说真是一种渴求的音乐。,随着 时代 的 潮流 ， 流行歌曲 对 年轻 的 一代 特别 喜欢 ， 甚至 连 歌星 的 名字 都 能 刻 在 记忆 上 。 每 一 首 歌 的 曲子 ， 谁 唱 的 也 顺口 说 出 。 这 见 得 流行歌曲 对 现代 的 青年 真是 一 种 渴求 的 音乐 。,随着 时代 的 潮流 ， 流行歌曲 对 年轻 的 一代 特别 喜欢 ， 甚至 连 歌星 的 名字 都 能 刻 在 记忆 上 。 每 一 首 歌 的 曲子 ， 谁 唱 的 也 顺口 说 出 。 这 见得 流行歌曲 对 现代 的 青年 真 是 一 种 渴求 的 音乐 。,见 / 得,见得,57,59,见得,[58],[],[],[58],"The prediction misses the gold boundary between [见] and [得], merging them into [见得].",False,True,,1
28,P1,P1 Identical-character projection,over,随着时代的潮流，流行歌曲对年轻的一代特别喜欢，甚至连歌星的名字都能刻在记忆上。每一首歌的曲子，谁唱的也顺口说出。这见得流行歌曲对现代的青年真是一种渴求的音乐。,随着时代的潮流，年轻的一代对流行歌曲特别喜欢，甚至连歌星的名字都能刻在记忆上。每一首歌的曲子，谁唱的也顺口说出。这足以见得流行歌曲对现代的青年来说真是一种渴求的音乐。,随着 时代 的 潮流 ， 流行歌曲 对 年轻 的 一代 特别 喜欢 ， 甚至 连 歌星 的 名字 都 能 刻 在 记忆 上 。 每 一 首 歌 的 曲子 ， 谁 唱 的 也 顺口 说 出 。 这 见 得 流行歌曲 对 现代 的 青年 真是 一 种 渴求 的 音乐 。,随着 时代 的 潮流 ， 流行歌曲 对 年轻 的 一代 特别 喜欢 ， 甚至 连 歌星 的 名字 都 能 刻 在 记忆 上 。 每 一 首 歌 的 曲子 ， 谁 唱 的 也 顺口 说 出 。 这 见得 流行歌曲 对 现代 的 青年 真 是 一 种 渴求 的 音乐 。,真是,真 / 是,69,71,真是,[],[70],[70],[],"The prediction inserts an extra boundary inside the gold token [真是], producing [真 / 是].",False,True,,2
30,P1,P1 Identical-character projection,under,若说要把她们关起来，二十四小时根本没接触到一个男人的话，她们会少了很多知识，也会追不上不断改变的社会，让她们落在别的国家的后头。还有，如果说一名女士要和另外一间公司谈生意，而对方的公司派出一名男士，那么那位女士不是会感到非常地紧张，一句话都说不出？若这件事件真的发生的话，那么那名女士的公司就会谈不到很多生意吗？,若要把她们关起来，二十四小时根本没接触到一个男人的话，她们会少了很多知识，也会追不上不断改变的社会，让她们落在国家的后头。还有，如果说一名女士要和另外一家公司谈生意，而对方的公司派出一名男士，那么这位女士不是会感到非常地紧张，一句话都说不出吗？若这个事件真的发生的话，那么这名女士的公司不就会谈不到很多生意吗？,若 说 要 把 她们 关 起来 ， 二十四 小时 根本 没 接触 到 一个 男人 的话 ， 她们 会 少 了 很多 知识 ， 也 会 追 不 上 不断 改变 的 社会 ， 让 她们 落 在 别的 国家 的 后头 。 还有 ， 如果 说 一 名 女士 要 和 另外 一 间 公司 谈 生意 ， 而 对方 的 公司 派出 一 名 男士 ， 那么 那 位 女士 不 是 会 感到 非常 地 紧张 ， 一 句 话 都 说 不 出 ？ 若 这 件 事件 真的 发生 的话 ， 那么 那 名 女士 的 公司 就 会 谈 不 到 很多 生意 吗 ？,若 说 要 把 她们 关 起来 ， 二十四 小时 根本 没 接触 到 一个 男人 的话 ， 她们 会 少 了 很多 知识 ， 也 会 追 不 上 不断 改变 的 社会 ， 让 她们 落 在 别的 国家 的 后头 。 还有 ， 如果 说 一 名 女士 要 和 另外 一 间 公司 谈 生意 ， 而 对方 的 公司 派出 一 名 男士 ， 那么 那位 女士 不 是 会 感到 非常 地 紧张 ， 一 句 话 都 说 不 出 ？ 若 这 件 事件 真的 发生 的话 ， 那么 那 名 女士 的 公司 就 会 谈 不 到 很多 生意 吗 ？,那 / 位,那位,101,103,那位,[102],[],[],[102],"The prediction misses the gold boundary between [那] and [位], merging them into [那位].",False,False,,1
33,P1,P1 Identical-character projection,over,在越南，人的外观非常重要。夫妇使用数万元郎筹备自己的婚礼，就像向对方展示竞争，固需要一袭很贵的婚纱，伴娘和伴郎漂亮礼服，预设的雅仪式，狠的餐饮服务商等等。一切都必须是完美的，地给我们一生中最快乐的一天。,在越南，人的外观非常重要。夫妇使用数万元筹备自己的婚礼，就像与对方竞争，比如需要一袭很贵的婚纱，伴娘和伴郎漂亮的礼服，预设的典雅仪式，好的餐饮服务商等等。一切都必须是完美的，以便给我们一生中最快乐的一天。,在 越南 ， 人 的 外观 非常 重要 。 夫妇 使用 数万 元郎 筹备 自己 的 婚礼 ， 就 像 向 对方 展示 竞争 ， 固 需要 一 袭 很 贵 的 婚纱 ， 伴娘 和 伴郎 漂亮 礼服 ， 预设 的 雅 仪式 ， 狠 的 餐饮 服务商 等等 。 一切 都 必须 是 完美 的 ， 地 给 我们 一生 中 最 快乐 的 一 天 。,在 越南 ， 人 的 外观 非常 重要 。 夫妇 使用 数万 元 郎 筹备 自己 的 婚礼 ， 就 像 向 对方 展示 竞争 ， 固 需要 一 袭 很 贵 的 婚纱 ， 伴娘 和 伴郎 漂亮 礼服 ， 预设 的 雅 仪式 ， 狠 的 餐饮 服务商 等等 。 一切 都 必须 是 完美 的 ， 地 给 我们 一生 中 最 快乐 的 一 天 。,元郎,元 / 郎,19,21,元郎,[],[20],[20],[],"The prediction inserts an extra boundary inside the gold token [元郎], producing [元 / 郎].",False,False,,1
40,P1,P1 Identical-character projection,over,最近注意点吸烟的人越来越多了，大家都是这样的文化思想要求高等生活水平的。在公共场所规定再多严厉要的话，必须做为了青少年和所有人的健康，我希望一定好生活的改变的环境。,最近注意到吸烟的人越来越多了，大家都是有文化思想和高等生活水平的人。在公共场所制定更多严厉的规定是必须要做的。为了青少年和所有人的健康，我希望生活环境一定要被改善。,最近 注意 点 吸烟 的 人 越来越 多 了 ， 大家 都 是 这样 的 文化 思想 要求 高等 生活 水平 的 。 在 公共场所 规定 再 多 严厉 要 的话 ， 必须 做 为了 青少年 和 所有 人 的 健康 ， 我 希望 一定 好 生活 的 改变 的 环境 。,最近 注意 点 吸烟 的 人 越来越 多 了 ， 大家 都 是 这样 的 文化 思想 要求 高等 生活 水平 的 。 在 公共场所 规定 再 多 严厉 要 的 话 ， 必须 做为了 青少年 和 所有 人 的 健康 ， 我 希望 一定 好 生活 的 改变 的 环境 。,的话,的 / 话,48,50,的话,[],[49],[49],[],"The prediction inserts an extra boundary inside the gold token [的话], producing [的 / 话].",False,False,,1
40,P1,P1 Identical-character projection,under,最近注意点吸烟的人越来越多了，大家都是这样的文化思想要求高等生活水平的。在公共场所规定再多严厉要的话，必须做为了青少年和所有人的健康，我希望一定好生活的改变的环境。,最近注意到吸烟的人越来越多了，大家都是有文化思想和高等生活水平的人。在公共场所制定更多严厉的规定是必须要做的。为了青少年和所有人的健康，我希望生活环境一定要被改善。,最近 注意 点 吸烟 的 人 越来越 多 了 ， 大家 都 是 这样 的 文化 思想 要求 高等 生活 水平 的 。 在 公共场所 规定 再 多 严厉 要 的话 ， 必须 做 为了 青少年 和 所有 人 的 健康 ， 我 希望 一定 好 生活 的 改变 的 环境 。,最近 注意 点 吸烟 的 人 越来越 多 了 ， 大家 都 是 这样 的 文化 思想 要求 高等 生活 水平 的 。 在 公共场所 规定 再 多 严厉 要 的 话 ， 必须 做为了 青少年 和 所有 人 的 健康 ， 我 希望 一定 好 生活 的 改变 的 环境 。,做 / 为了,做为了,53,56,做为了,[54],[],[],[54],"The prediction misses the gold boundary between [做] and [为了], merging them into [做为了].",False,False,,2
41,P1,P1 Identical-character projection,under,而每一代的年轻时代都有不同的音乐调。,而每一代的年轻时代都有不同的音乐曲调。,而 每 一代 的 年轻 时代 都 有 不同 的 音乐 调 。,而 每 一代 的 年轻 时代 都 有 不同 的 音乐调 。,音乐 / 调,音乐调,14,17,音乐调,[16],[],[],[16],"The prediction misses the gold boundary between [音乐] and [调], merging them into [音乐调].",True,True,,1
45,P1,P1 Identical-character projection,over,我自眼看见了：为了孩了。父母什么都作。,我亲眼看见了：为了孩子，父母什么都做。,我 自眼 看见 了 ： 为了 孩了 。 父母 什么 都 作 。,我 自眼 看见 了 ： 为了 孩 了 。 父母 什么 都 作 。,孩了,孩 / 了,9,11,孩了,[],[10],[10],[],"The prediction inserts an extra boundary inside the gold token [孩了], producing [孩 / 了].",True,True,,1
46,P1,P1 Identical-character projection,over,生物質能利用光合的现象。囤积的有机物是农场开发的。地热能在于抽取地面里的来创造热气电力。,生物质能是农场的植物利用光合作用囤积的有机物中含有的能量。地热能是由地壳抽取的以热力形式存在的能量，并且可用来创造电力。,生物質能 利用 光合 的 现象 。 囤积 的 有机物 是 农场 开发 的 。 地热能 在于 抽取 地面 里 的 来 创造 热气 电力 。,生物 質 能 利用 光合 的 现象 。 囤积 的 有机物 是 农场 开发 的 。 地热能 在于 抽取 地面 里 的 来 创造 热气 电力 。,生物質能,生物 / 質 / 能,0,4,生物質能,[],"[2, 3]","[2, 3]",[],"The prediction inserts an extra boundary inside the gold token [生物質能], producing [生物 / 質 / 能].",False,True,,1
49,P1,P1 Identical-character projection,over,我高中同学之间有一些根本没有和女孩子讲过话，现在他们太不好意思讲，因此会出现同性恋这一类问题。实事上我高中同学之间的同性率算较高。,我高中同学之中有一些根本没有和女孩子讲过话的，现在他们也不太好意思讲，因此会出现同性恋这一类问题。事实上，我高中同学之中的同性恋率确实算是较高的。,我 高中 同学 之间 有 一些 根本 没有 和 女孩子 讲 过 话 ， 现在 他们 太 不好意思 讲 ， 因此 会 出现 同性恋 这 一 类 问题 。 实事上 我 高中 同学 之间 的 同性率 算 较 高 。,我 高中 同学 之间 有 一些 根本 没有 和 女孩子 讲 过 话 ， 现在 他们 太 不好意思 讲 ， 因此 会 出现 同性恋 这 一 类 问题 。 实事 上 我 高中 同学 之间 的 同性率 算 较 高 。,实事上,实事 / 上,47,50,实事上,[],[49],[49],[],"The prediction inserts an extra boundary inside the gold token [实事上], producing [实事 / 上].",False,True,,1
57,P1,P1 Identical-character projection,over,他建议一个跟过去一样的社会。在这个不暗想的社会上，国民小、人民稀少。,他建议创建一个跟过去一样的社会。在这个不理想的社会上，人民稀少。,他 建议 一个 跟 过去 一样 的 社会 。 在 这个 不 暗想 的 社会 上 ， 国民 小 、 人民 稀少 。,他 建议 一个 跟 过去 一样 的 社会 。 在 这个 不 暗 想 的 社会 上 ， 国民 小 、 人民 稀少 。,暗想,暗 / 想,18,20,暗想,[],[19],[19],[],"The prediction inserts an extra boundary inside the gold token [暗想], producing [暗 / 想].",False,True,,1
68,P1,P1 Identical-character projection,under,这些歌曲，在一定程度上，给人予教育的作用。,这些歌曲，在一定程度上，给人以教育的作用。,这些 歌曲 ， 在 一定 程度 上 ， 给 人 予 教育 的 作用 。,这些 歌曲 ， 在 一定 程度 上 ， 给 人予 教育 的 作用 。,人 / 予,人予,13,15,人予,[14],[],[],[14],"The prediction misses the gold boundary between [人] and [予], merging them into [人予].",False,True,,1
70,P1,P1 Identical-character projection,under,对公众利益产生的影响也不能忽视。有关调查表明，间接吸烟对身康的危害比吸烟者严重得多。因此，吸烟者为了保护非吸烟者的健康尽量不应该在非吸烟者面前抽烟。,对公众利益产生的影响也不能忽视。有关调查表明，间接吸烟对身体健康的危害比对吸烟者的严重得多。因此，吸烟者为了保护非吸烟者的健康不应该在非吸烟者面前抽烟。,对 公众 利益 产生 的 影响 也 不能 忽视 。 有关 调查 表明 ， 间接 吸烟 对 身 康 的 危害 比 吸烟者 严重 得 多 。 因此 ， 吸烟者 为了 保护 非吸烟者 的 健康 尽量 不 应该 在 非吸烟者 面前 抽烟 。,对 公众 利益 产生 的 影响 也 不能 忽视 。 有关 调查 表明 ， 间接 吸烟 对 身康 的 危害 比 吸烟者 严重 得 多 。 因此 ， 吸烟者 为了 保护 非吸烟者 的 健康 尽量 不 应该 在 非吸烟者 面前 抽烟 。,身 / 康,身康,28,30,身康,[29],[],[],[29],"The prediction misses the gold boundary between [身] and [康], merging them into [身康].",False,False,,1
72,P1,P1 Identical-character projection,under,一听说贵公司正在征聘导游，本人便有意思想加入。,一听说贵公司正在征聘导游，本人便有意愿加入。,一 听说 贵公司 正在 征聘 导游 ， 本人 便 有 意思 想 加入 。,一 听说 贵公司 正在 征聘 导游 ， 本人 便 有 意思想 加入 。,意思 / 想,意思想,17,20,意思想,[19],[],[],[19],"The prediction misses the gold boundary between [意思] and [想], merging them into [意思想].",False,True,,1
75,P1,P1 Identical-character projection,under,要是他们的感情能经历数十多年的时间，那一定也能再渡过多几十年的时间海。,要是他们的感情能经历数十年的时间，那一定也能再渡过几十年的时间。,要是 他们 的 感情 能 经历 数十 多 年 的 时间 ， 那 一定 也 能 再 渡过 多 几十 年 的 时间 海 。,要是 他们 的 感情 能 经历 数十 多 年 的 时间 ， 那 一定 也 能 再 渡过 多 几十 年 的 时间海 。,时间 / 海,时间海,31,34,时间海,[33],[],[],[33],"The prediction misses the gold boundary between [时间] and [海], merging them into [时间海].",False,True,,1
85,P1,P1 Identical-character projection,over,现在这么有理想的足球员就算少楼。有的足球员甚至认为同国家队参加比赛不值得，因为这样做不会提高他们的收入。,现在这么有理想的足球运动员就算少数。有的球员甚至认为代表国家队参加比赛不值得，因为这样做不会提高他们的收入。,现在 这么 有 理想 的 足球员 就 算 少楼 。 有的 足球员 甚至 认为 同 国家队 参加 比赛 不 值得 ， 因为 这样 做 不 会 提高 他们 的 收入 。,现在 这么 有 理想 的 足球员 就 算 少 楼 。 有的 足球员 甚至 认为 同 国家队 参加 比赛 不 值得 ， 因为 这样 做 不 会 提高 他们 的 收入 。,少楼,少 / 楼,13,15,少楼,[],[14],[14],[],"The prediction inserts an extra boundary inside the gold token [少楼], producing [少 / 楼].",False,False,,1
93,P1,P1 Identical-character projection,over,我很喜欢去外国，因为我觉得去看没见过的风景，跟有和我们的思想不一样的人说，很有意思。离城市的污染离得秀远的地方又有新鲜的空气，又有漂亮的植物，例如报春花、百合、素等等，而且在那些幽美的地方感觉沉静。所以对我来说最好的旅行就是在大自然参观。,我很喜欢去外国，因为我觉得去看没见过的风景，跟和我们的思想不一样的人聊天，很有意思。离城市的污染远的地方又有新鲜的空气，又有漂亮的植物，例如报春花、百合、紫苏等等，而且在那些幽美的地方让人感觉沉静。所以对我来说最好的旅行就是在大自然里参观。,我 很 喜欢 去 外国 ， 因为 我 觉得 去 看 没 见 过 的 风景 ， 跟 有 和 我们 的 思想 不 一样 的 人 说 ， 很 有意思 。 离 城市 的 污染 离 得 秀远 的 地方 又 有 新鲜 的 空气 ， 又 有 漂亮 的 植物 ， 例如 报春花 、 百合 、 素 等等 ， 而且 在 那些 幽美 的 地方 感觉 沉静 。 所以 对 我 来说 最 好 的 旅行 就 是 在 大自然 参观 。,我 很 喜欢 去 外国 ， 因为 我 觉得 去 看 没 见 过 的 风景 ， 跟 有 和 我们 的 思想 不 一样 的 人 说 ， 很 有意思 。 离 城市 的 污染 离 得 秀 远 的 地方 又 有 新鲜 的 空气 ， 又 有 漂亮 的 植物 ， 例如 报春花 、 百合 、 素 等等 ， 而且 在 那些 幽美 的 地方 感觉 沉静 。 所以 对 我 来说 最 好 的 旅行 就 是 在 大自然 参观 。,秀远,秀 / 远,50,52,秀远,[],[51],[51],[],"The prediction inserts an extra boundary inside the gold token [秀远], producing [秀 / 远].",False,False,,1
97,P1,P1 Identical-character projection,over,这座岛屿的形状北到南跟地瓜差不多。因为在“地瓜”的中心北到南都有高山。二十万多人口住在大部分最发过的西海岸。,这座岛屿从北到南的形状跟地瓜差不多。因为在“地瓜”的中心从北到南都有高山。二十多万人口大部分住在最发达的西海岸。,这 座 岛屿 的 形状 北 到 南 跟 地瓜 差不多 。 因为 在 “ 地瓜 ” 的 中心 北 到 南 都 有 高山 。 二十万 多 人口 住 在 大部分 最 发过 的 西 海岸 。,这 座 岛屿 的 形状 北 到 南 跟 地瓜 差不多 。 因为 在 “ 地瓜 ” 的 中心 北 到 南 都 有 高山 。 二十万 多 人口 住 在 大部分 最 发 过 的 西 海岸 。,发过,发 / 过,47,49,发过,[],[48],[48],[],"The prediction inserts an extra boundary inside the gold token [发过], producing [发 / 过].",False,True,,1
101,P1,P1 Identical-character projection,over,反正，爸爸，我真的很祝贺你的生日。,反正，爸爸，我真诚地祝贺你的生日。,反正 ， 爸爸 ， 我 真的 很 祝贺 你 的 生日 。,反正 ， 爸爸 ， 我 真 的 很 祝贺 你 的 生日 。,真的,真 / 的,7,9,真的,[],[8],[8],[],"The prediction inserts an extra boundary inside the gold token [真的], producing [真 / 的].",True,True,,1
105,P1,P1 Identical-character projection,under,那就是因为浪费金钱特意购买毒品。我对中国人的吸烟不太清楚，但是，说起日本人，吸烟的理由有三个：第一，青年为了装酷抽的坏习惯。第二，为了得到轻松的吸烟。,那就是为了浪费金钱特意购买毒品。我对中国人吸烟的理由不太清楚，但是，说起日本人，吸烟的理由有三个：第一，青年为了装酷养成抽烟的坏习惯。第二，为了得到轻松而吸烟。,那 就 是 因为 浪费 金钱 特意 购买 毒品 。 我 对 中国 人 的 吸烟 不 太 清楚 ， 但是 ， 说 起 日本 人 ， 吸烟 的 理由 有 三 个 ： 第一 ， 青年 为了 装 酷 抽 的 坏 习惯 。 第二 ， 为了 得到 轻松 的 吸烟 。,那 就 是 因为 浪费 金钱 特意 购买 毒品 。 我 对 中国 人 的 吸烟 不 太 清楚 ， 但是 ， 说 起 日本 人 ， 吸烟 的 理由 有 三 个 ： 第一 ， 青年 为了 装酷 抽 的 坏 习惯 。 第二 ， 为了 得到 轻松 的 吸烟 。,装 / 酷,装酷,54,56,装酷,[55],[],[],[55],"The prediction misses the gold boundary between [装] and [酷], merging them into [装酷].",False,False,,1
106,P1,P1 Identical-character projection,under,还有想作为好老师的话，不能给孩子一个答案。,还有，想做好老师的话，不能只给孩子一个答案。,还有 想 作为 好 老师 的 话 ， 不 能 给 孩子 一个 答案 。,还有 想 作为 好 老师 的话 ， 不 能 给 孩子 一个 答案 。,的 / 话,的话,8,10,的话,[9],[],[],[9],"The prediction misses the gold boundary between [的] and [话], merging them into [的话].",False,True,,1
109,P1,P1 Identical-character projection,over,父母的一举一动，品格、人格态度足而影响他们的孩子。,父母的一举一动、品格和人格态度足以影响他们的孩子一生。,父母 的 一举一动 ， 品格 、 人格 态度 足而 影响 他们 的 孩子 。,父母 的 一举一动 ， 品格 、 人格 态度 足 而 影响 他们 的 孩子 。,足而,足 / 而,15,17,足而,[],[16],[16],[],"The prediction inserts an extra boundary inside the gold token [足而], producing [足 / 而].",False,True,,1
110,P1,P1 Identical-character projection,under,再举个例子，一位歌手说，他把自己挣的钱的百分之五十献给希望工程，帮助没钱的供他们上学。,再举个例子，一位歌手说，他把自己挣的钱的百分之五十捐给希望工程，帮助没钱的人，供他们上学。,再 举 个 例子 ， 一 位 歌手 说 ， 他 把 自己 挣 的 钱 的 百分之五十 献 给 希望 工程 ， 帮助 没 钱 的 供 他们 上学 。,再 举 个 例子 ， 一 位 歌手 说 ， 他 把 自己 挣 的 钱 的 百分之五十 献给 希望 工程 ， 帮助 没 钱 的 供 他们 上学 。,献 / 给,献给,25,27,献给,[26],[],[],[26],"The prediction misses the gold boundary between [献] and [给], merging them into [献给].",False,True,,1
111,P1,P1 Identical-character projection,under,她有两个姐姐、一个妹妹和西个哥哥。但是，在她的家只有西个养：父母、妹妹和她。他们有四个猫。,她有两个姐姐、一个妹妹和四个哥哥。但是，在她的家里只有四个人养猫：父母、妹妹和她。他们有四只猫。,她 有 两 个 姐姐 、 一个 妹妹 和 西 个 哥哥 。 但是 ， 在 她 的 家 只 有 西 个 养 ： 父母 、 妹妹 和 她 。 他们 有 四 个 猫 。,她 有 两 个 姐姐 、 一个 妹妹 和 西 个 哥哥 。 但是 ， 在 她 的 家 只 有 西个养 ： 父母 、 妹妹 和 她 。 他们 有 四 个 猫 。,西 / 个 / 养,西个养,26,29,西个养,"[27, 28]",[],[],"[27, 28]","The prediction misses the gold boundary between [西] and [个], merging them into [西个养].",False,True,,1
122,P1,P1 Identical-character projection,over,只要把花在绿色食品的钱，寄给饥饿的人民的话，在地球上再也不会出现因饥饿而死的悲惨的事情，让他们找更好的未来。,只要把花在绿色食品的钱，发给饥饿的人民的话，在地球上再也不会出现因饥饿而死的悲惨的事情，给他们更好的未来。,只要 把 花 在 绿色 食品 的 钱 ， 寄给 饥饿 的 人民 的话 ， 在 地球 上 再 也 不 会 出现 因 饥饿 而 死 的 悲惨 的 事情 ， 让 他们 找 更 好 的 未来 。,只要 把 花 在 绿色 食品 的 钱 ， 寄 给 饥饿 的 人民 的话 ， 在 地球 上 再 也 不 会 出现 因 饥饿 而 死 的 悲惨 的 事情 ， 让 他们 找 更 好 的 未来 。,寄给,寄 / 给,12,14,寄给,[],[13],[13],[],"The prediction inserts an extra boundary inside the gold token [寄给], producing [寄 / 给].",False,True,,1
137,P1,P1 Identical-character projection,over,抱着自足自己的情况，像耕农田似的，人们默默地培养自己的人生。,抱着自给自足的心态，像耕农田似的，人们默默地耕耘自己的人生。,抱 着 自足自己 的 情况 ， 像 耕 农田 似的 ， 人们 默默 地 培养 自己 的 人生 。,抱 着 自足 自己 的 情况 ， 像 耕 农田 似的 ， 人们 默默 地 培养 自己 的 人生 。,自足自己,自足 / 自己,2,6,自足自己,[],[4],[4],[],"The prediction inserts an extra boundary inside the gold token [自足自己], producing [自足 / 自己].",False,True,,1
143,P1,P1 Identical-character projection,under,这些问题不宜一概而论，也是一言难尽的，绿色食品虽然已经普及了人们的生活中，但是假如没有添加剂的话，我们原来能吃到的东西，都吃不了了，所以添加剂是不可缺少的，也是功不可没的。问题是不仅仅添加剂，化肥和农药也是一个问题，它们虽然带来农作物的增产，但是也带来的化学污染和伤害人们的健康。所以说农药和化肥这些问题一不宜概而论，也可以说各有千秋吧，人们已经认识了它们好处和坏处。,这些问题不宜一概而论，也是一言难尽的，绿色食品虽然已经普及到了人们的生活中，但是假如没有添加剂的话，我们原来能吃到的东西，都吃不了了，所以添加剂是不可缺少的，也是功不可没的。问题是不仅仅是添加剂，化肥和农药也是一个问题，它们虽然带来农作物的增产，但是也带来化学污染并且伤害了人们的健康。所以说农药和化肥这些问题不宜一概而论，也可以说各有千秋吧，人们已经认识了它们的好处和坏处。,这些 问题 不宜 一概而论 ， 也 是 一言难尽 的 ， 绿色 食品 虽然 已经 普及 了 人们 的 生活 中 ， 但是 假如 没有 添加剂 的话 ， 我们 原来 能 吃 到 的 东西 ， 都 吃 不 了 了 ， 所以 添加剂 是 不可 缺少 的 ， 也 是 功不可没 的 。 问题 是 不仅仅 添加剂 ， 化肥 和 农药 也 是 一个 问题 ， 它们 虽然 带来 农作物 的 增产 ， 但是 也 带来 的 化学 污染 和 伤害 人们 的 健康 。 所以 说 农药 和 化肥 这些 问题 一 不宜 概而论 ， 也 可以 说 各有千秋 吧 ， 人们 已经 认识 了 它们 好处 和 坏处 。,这些 问题 不宜 一概而论 ， 也 是 一言难尽 的 ， 绿色 食品 虽然 已经 普及 了 人们 的 生活 中 ， 但是 假如 没有 添加剂 的话 ， 我们 原来 能 吃 到 的 东西 ， 都 吃 不 了 了 ， 所以 添加剂 是 不可 缺少 的 ， 也 是 功不可没 的 。 问题 是 不仅仅 添加剂 ， 化肥 和 农药 也 是 一个 问题 ， 它们 虽然 带来 农作物 的 增产 ， 但是 也 带来 的 化学 污染 和 伤害 人们 的 健康 。 所以 说 农药 和 化肥 这些 问题 一不宜概而论 ， 也 可以 说 各有千秋 吧 ， 人们 已经 认识 了 它们 好处 和 坏处 。,一 / 不宜 / 概而论,一不宜概而论,152,158,一不宜概而论,"[153, 155]",[],[],"[153, 155]","The prediction misses the gold boundary between [一] and [不宜], merging them into [一不宜概而论].",False,False,,1
153,P1,P1 Identical-character projection,over,久后，我不想是律师。律师有多收入，但是我不喜欢法学。我不想做这个工作，因为我不想多收入。我想做好工作。有人说：金钱难买幸福，但它不无小補。,日后，我不想做律师。律师有高收入，但是我不喜欢法学。我不想做这个工作，因为我不想要高收入，我只想做好工作，然而有人说：“金钱难买幸福，但它不无作用。”,久后 ， 我 不 想 是 律师 。 律师 有 多 收入 ， 但是 我 不 喜欢 法学 。 我 不 想 做 这个 工作 ， 因为 我 不 想 多 收入 。 我 想 做 好 工作 。 有 人 说 ： 金钱 难 买 幸福 ， 但 它 不无 小補 。,久后 ， 我 不 想 是 律师 。 律师 有 多 收入 ， 但是 我 不 喜欢 法学 。 我 不 想 做 这个 工作 ， 因为 我 不 想 多 收入 。 我 想 做 好 工作 。 有 人 说 ： 金钱 难 买 幸福 ， 但 它 不无 小 補 。,小補,小 / 補,66,68,小補,[],[67],[67],[],"The prediction inserts an extra boundary inside the gold token [小補], producing [小 / 補].",False,True,,1
160,P1,P1 Identical-character projection,under,但是人们只能看农药的不好处。,但是人们只能看到农药的不好之处。,但是 人们 只能 看 农药 的 不好 处 。,但是 人们 只能 看 农药 的 不好处 。,不好 / 处,不好处,10,13,不好处,[12],[],[],[12],"The prediction misses the gold boundary between [不好] and [处], merging them into [不好处].",True,True,,1
163,P1,P1 Identical-character projection,over,水力的能源在于利用水的蒸发，尤指海洋的。对它大陆上放走。在高空水的蒸气实在有地心吸力的能力。所以这个能源可以被检波，进而改造水力发电站的堤坝。,水力的能源在于利用水的蒸发，尤指海洋的。把它在大陆上放走，在高空水的蒸气有地心吸力的能力，所以这个能源可以被检测，进而改造水力发电站的堤坝。,水力 的 能源 在于 利用 水 的 蒸发 ， 尤 指 海洋 的 。 对 它 大陆 上 放 走 。 在 高空 水 的 蒸气 实在 有 地心 吸力 的 能力 。 所以 这个 能源 可以 被 检波 ， 进而 改造 水力发电站 的 堤坝 。,水力 的 能源 在于 利用 水 的 蒸发 ， 尤 指 海洋 的 。 对 它 大陆 上 放 走 。 在 高空 水 的 蒸气 实在 有 地心 吸力 的 能力 。 所以 这个 能源 可以 被 检 波 ， 进而 改造 水力发电站 的 堤坝 。,检波,检 / 波,55,57,检波,[],[56],[56],[],"The prediction inserts an extra boundary inside the gold token [检波], producing [检 / 波].",False,True,,1
166,P1,P1 Identical-character projection,over,而且最近肥胖的人越来越增长，要减肥的人越来数多。这都是生活丰盛带来的一种社会现象。,而且最近肥胖的人越来越多，要减肥的人也越来越多。这都是生活富足带来的一种社会现象。,而且 最近 肥胖 的 人 越来越 增长 ， 要 减肥 的 人 越来数 多 。 这 都 是 生活 丰盛 带来 的 一 种 社会 现象 。,而且 最近 肥胖 的 人 越来越 增长 ， 要 减肥 的 人 越来 数 多 。 这 都 是 生活 丰盛 带来 的 一 种 社会 现象 。,越来数,越来 / 数,19,22,越来数,[],[21],[21],[],"The prediction inserts an extra boundary inside the gold token [越来数], producing [越来 / 数].",False,True,,1
167,P1,P1 Identical-character projection,under,特别家长，有些歌曲对学生是有好处的，但毕竟流行歌曲是成年人的产物，难免有情和爱在里面，所以家长们非常排斥流行音乐。但不应该阻止他们去听，应该和他们一起了解流行音乐，分辨好坏，好的就要鼓励他们去听，不要盲目的阻止他们，因传媒的发展不是光阻止就可以不让他们去听的。,特别是某些家长。有些歌曲对学生是有好处的，但毕竟流行歌曲是成年人的产物，难免有情和爱在里面，所以家长们非常排斥流行音乐。但不应该阻止学生们去听，应该和他们一起了解流行音乐，分辨好坏，好的就要鼓励他们去听，不要盲目地阻止他们，因为传媒方式在不断发展，不是光阻止就可以不让他们去听的。,特别 家长 ， 有些 歌曲 对 学生 是 有 好处 的 ， 但 毕竟 流行 歌曲 是 成年人 的 产物 ， 难免 有 情 和 爱 在 里面 ， 所以 家长 们 非常 排斥 流行 音乐 。 但 不 应该 阻止 他们 去 听 ， 应该 和 他们 一起 了解 流行 音乐 ， 分辨 好坏 ， 好 的 就 要 鼓励 他们 去 听 ， 不要 盲目 的 阻止 他们 ， 因 传媒 的 发展 不 是 光 阻止 就 可以 不 让 他们 去 听 的 。,特别 家长 ， 有些 歌曲 对 学生 是 有 好处 的 ， 但 毕竟 流行 歌曲 是 成年人 的 产物 ， 难免 有 情 和 爱 在 里面 ， 所以 家长 们 非常 排斥 流行 音乐 。 但 不 应该 阻止 他们 去 听 ， 应该 和 他们 一起 了解 流行 音乐 ， 分辨 好坏 ， 好 的 就要 鼓励 他们 去 听 ， 不要 盲目 的 阻止 他们 ， 因 传媒 的 发展 不 是 光 阻止 就 可以 不 让 他们 去 听 的 。,就 / 要,就要,89,91,就要,[90],[],[],[90],"The prediction misses the gold boundary between [就] and [要], merging them into [就要].",False,False,,1
168,P1,P1 Identical-character projection,over,我其次看政府说的两个目的发布这规定得到不得到。,其次，我想看政府说的这两个目的通过发布这项规定能不能达到。,我 其次 看 政府 说 的 两 个 目的 发布 这 规定 得到 不 得到 。,我 其次 看 政府 说 的 两 个 目的 发布 这 规定 得到 不 得 到 。,得到,得 / 到,20,22,得到,[],[21],[21],[],"The prediction inserts an extra boundary inside the gold token [得到], producing [得 / 到].",False,False,,1
172,P1,P1 Identical-character projection,over,不是请假，而且不上课、不上班、没有学习、没有工作那样的人是一种病。,不只请假，而且不上课、不上班、不学习、没有工作那样的人是一种病。,不是 请假 ， 而且 不 上课 、 不 上班 、 没有 学习 、 没有 工作 那样 的 人 是 一 种 病 。,不 是 请假 ， 而且 不 上课 、 不 上班 、 没有 学习 、 没有 工作 那样 的 人 是 一 种 病 。,不是,不 / 是,0,2,不是,[],[1],[1],[],"The prediction inserts an extra boundary inside the gold token [不是], producing [不 / 是].",False,True,,1
174,P1,P1 Identical-character projection,over,我要介绍我的最的朋友。她是一个中国人，我们有共同语言，我们都喜欢做得饭，喜欢常客，喜欢看书和看电影。她性格内向，可是她很幽默。一般来说，我们常常不见面，因为她住在洛桑，但是我们每个晚上打电话。我希望她是我的永远朋友。,我要介绍我最好的朋友。她是一个中国人，我们有共同语言，我们都喜欢做饭，喜欢唱歌，喜欢看书和看电影。她性格内向，可是她很幽默。一般来说，我们不常常见面，因为她住在洛桑，但是我们每个晚上都打电话。我希望她会是我永远的朋友。,我 要 介绍 我 的 最 的 朋友 。 她 是 一个 中国 人 ， 我们 有 共同语言 ， 我们 都 喜欢 做得饭 ， 喜欢 常客 ， 喜欢 看 书 和 看 电影 。 她 性格 内向 ， 可是 她 很 幽默 。 一般来说 ， 我们 常常 不 见面 ， 因为 她 住 在 洛桑 ， 但是 我们 每个 晚上 打电话 。 我 希望 她 是 我 的 永远 朋友 。,我 要 介绍 我 的 最 的 朋友 。 她 是 一个 中国 人 ， 我们 有 共同语言 ， 我们 都 喜欢 做 得 饭 ， 喜欢 常客 ， 喜欢 看 书 和 看 电影 。 她 性格 内向 ， 可是 她 很 幽默 。 一般来说 ， 我们 常常 不 见面 ， 因为 她 住 在 洛桑 ， 但是 我们 每个 晚上 打电话 。 我 希望 她 是 我 的 永远 朋友 。,做得饭,做 / 得 / 饭,32,35,做得饭,[],"[33, 34]","[33, 34]",[],"The prediction inserts an extra boundary inside the gold token [做得饭], producing [做 / 得 / 饭].",False,False,,1
176,P1,P1 Identical-character projection,under,照我的看法，当我们选择要看之书籍时，首先选一些适合我们学历范围内的书籍，不要太枯燥，一目了然，这样我们对书本的内容、情节就很快看懂，就养成我们喜欢阅读的爱好。平时在看书时我们能一边看一边念，这样能增加我们对书内之内容更深刻更地理解，也能帮助我们说出一口流利的语言。无论在社会上的那个角落，如果我们已掌握好阅读之能力，对我们都有很大的帮助，无论在职业上、交际上，生活中，都能帮助我们决解难题。,按照我的看法，当我们选择要看的书籍时，首先选一些在我们学历范围内的书籍，不要太枯燥，一目了然，这样我们很快就能看懂书本的内容、情节，培养我们喜欢阅读的爱好。平时在看书时，我们一边看一边念，这样能增加我们对书本的内容的理解，也能帮助我们说出一口流利的语言。无论在社会上的那个角落，如果我们掌握好阅读的能力，对我们都有很大的帮助，无论在职业上、交际上，还是在生活中，都能帮助我们解决难题。,照 我 的 看法 ， 当 我们 选择 要 看 之 书籍 时 ， 首先 选 一些 适合 我们 学历 范围 内 的 书籍 ， 不要 太 枯燥 ， 一目了然 ， 这样 我们 对 书本 的 内容 、 情节 就 很快 看 懂 ， 就 养成 我们 喜欢 阅读 的 爱好 。 平时 在 看 书 时 我们 能 一边 看 一边 念 ， 这样 能 增加 我们 对 书 内 之 内容 更 深刻 更 地 理解 ， 也 能 帮助 我们 说 出 一 口 流利 的 语言 。 无论 在 社会 上 的 那个 角落 ， 如果 我们 已 掌握 好 阅读 之 能力 ， 对 我们 都 有 很 大 的 帮助 ， 无论 在 职业 上 、 交际 上 ， 生活 中 ， 都 能 帮助 我们 决解 难题 。,照 我 的 看法 ， 当 我们 选择 要 看 之 书籍 时 ， 首先 选 一些 适合 我们 学历 范围 内 的 书籍 ， 不要 太 枯燥 ， 一目了然 ， 这样 我们 对 书本 的 内容 、 情节 就 很快 看懂 ， 就 养成 我们 喜欢 阅读 的 爱好 。 平时 在 看 书 时 我们 能 一边 看 一边 念 ， 这样 能 增加 我们 对 书 内 之 内容 更 深刻 更 地 理解 ， 也 能 帮助 我们 说 出 一 口 流利 的 语言 。 无论 在 社会 上 的 那个 角落 ， 如果 我们 已 掌握 好 阅读 之 能力 ， 对 我们 都 有 很 大 的 帮助 ， 无论 在 职业 上 、 交际 上 ， 生活 中 ， 都 能 帮助 我们 决解 难题 。,看 / 懂,看懂,63,65,看懂,[64],[],[],[64],"The prediction misses the gold boundary between [看] and [懂], merging them into [看懂].",False,False,,1
178,P1,P1 Identical-character projection,over,现在电视上很多明星为了当成一位流行歌手奋斗着。他们一律唱着所谓流行歌曲。什么叫流行歌曲？那就是被很多人受欢迎的歌曲。,现在电视上很多明星为了当一位流行歌手而奋斗。他们一律唱着所谓的流行歌曲。什么叫流行歌曲？那就是被很多人喜欢的歌曲。,现在 电视 上 很多 明星 为了 当成 一 位 流行歌手 奋斗 着 。 他们 一律 唱 着 所谓 流行 歌曲 。 什么 叫 流行 歌曲 ？ 那 就是 被 很多 人 受 欢迎 的 歌曲 。,现在 电视 上 很多 明星 为了 当成 一 位 流行 歌手 奋斗 着 。 他们 一律 唱 着 所谓 流行 歌曲 。 什么 叫 流行 歌曲 ？ 那 就 是 被 很多 人 受 欢迎 的 歌曲 。,流行歌手,流行 / 歌手,15,19,流行歌手,[],[17],[17],[],"The prediction inserts an extra boundary inside the gold token [流行歌手], producing [流行 / 歌手].",False,True,,1
178,P1,P1 Identical-character projection,over,现在电视上很多明星为了当成一位流行歌手奋斗着。他们一律唱着所谓流行歌曲。什么叫流行歌曲？那就是被很多人受欢迎的歌曲。,现在电视上很多明星为了当一位流行歌手而奋斗。他们一律唱着所谓的流行歌曲。什么叫流行歌曲？那就是被很多人喜欢的歌曲。,现在 电视 上 很多 明星 为了 当成 一 位 流行歌手 奋斗 着 。 他们 一律 唱 着 所谓 流行 歌曲 。 什么 叫 流行 歌曲 ？ 那 就是 被 很多 人 受 欢迎 的 歌曲 。,现在 电视 上 很多 明星 为了 当成 一 位 流行 歌手 奋斗 着 。 他们 一律 唱 着 所谓 流行 歌曲 。 什么 叫 流行 歌曲 ？ 那 就 是 被 很多 人 受 欢迎 的 歌曲 。,就是,就 / 是,45,47,就是,[],[46],[46],[],"The prediction inserts an extra boundary inside the gold token [就是], producing [就 / 是].",False,True,,2
184,P1,P1 Identical-character projection,under,因为在每一个孩子的成长阶段，父母是培养孩子的主异人，大多数的时间都与父母生活在一起，从幼儿时期到成年之前时时刻刻都离不开父母，在学习他们的一举一动，这都对孩子今后的思想、性格和爱好等也起着正负面的影响。,因为在孩子成长的每一个阶段，父母都是培养孩子的主导人。孩子大多数的时间都与父母生活在一起，从幼儿时期到成年之前时时刻刻都离不开父母，都在学习他们的一举一动，这都对孩子今后的思想、性格和爱好等起着正负面的影响。,因为 在 每 一个 孩子 的 成长 阶段 ， 父母 是 培养 孩子 的 主异 人 ， 大多数 的 时间 都 与 父母 生活 在 一起 ， 从 幼儿 时期 到 成年 之前 时时刻刻 都 离 不 开 父母 ， 在 学习 他们 的 一举一动 ， 这 都 对 孩子 今后 的 思想 、 性格 和 爱好 等 也 起 着 正负面 的 影响 。,因为 在 每 一个 孩子 的 成长 阶段 ， 父母 是 培养 孩子 的 主异人 ， 大多数 的 时间 都 与 父母 生活 在 一起 ， 从 幼儿 时期 到 成年 之前 时时刻刻 都 离 不 开 父母 ， 在 学习 他们 的 一举一动 ， 这 都 对 孩子 今后 的 思想 、 性格 和 爱好 等 也 起 着 正负面 的 影响 。,主异 / 人,主异人,22,25,主异人,[24],[],[],[24],"The prediction misses the gold boundary between [主异] and [人], merging them into [主异人].",False,False,,1
199,P1,P1 Identical-character projection,under,如果不抽烟的人跟抽烟的人一段时间一起生活，癌症等发病率不抽烟的人比抽烟的人高。要是抽烟的人为了抽烟损坏自己的健康，是自己的责任。但是不抽烟的人为了别人的烟损坏健康的话，怎么办？在公共场所有的人抽烟，会损坏很多人的健康，所以我觉得“在公共场所边走边抽的人将被罚款”这个措施是很好的。,如果不抽烟的人跟抽烟的人一起生活一段时间，癌症等发病率不抽烟的人比抽烟的人高。要是抽烟的人因为抽烟损害自己的健康，是自己的责任。但是不抽烟的人因为别人的烟损坏健康的话，怎么办？在公共场所有的人抽烟，会损害很多人的健康，所以我觉得“在公共场所边走边抽的人将被罚款”这个措施是很好的。,如果 不 抽烟 的 人 跟 抽烟 的 人 一 段 时间 一起 生活 ， 癌症 等 发病率 不 抽烟 的 人 比 抽烟 的 人 高 。 要是 抽烟 的 人 为了 抽烟 损坏 自己 的 健康 ， 是 自己 的 责任 。 但是 不 抽烟 的 人 为了 别人 的 烟 损坏 健康 的 话 ， 怎么办 ？ 在 公共场所 有 的 人 抽烟 ， 会 损坏 很多 人 的 健康 ， 所以 我 觉得 “ 在 公共场所 边 走 边 抽 的 人 将 被 罚款 ” 这个 措施 是 很 好 的 。,如果 不 抽烟 的 人 跟 抽烟 的 人 一 段 时间 一起 生活 ， 癌症 等 发病率 不 抽烟 的 人 比 抽烟 的 人 高 。 要是 抽烟 的 人 为了 抽烟 损坏 自己 的 健康 ， 是 自己 的 责任 。 但是 不 抽烟 的 人 为了 别人 的 烟 损坏 健康 的话 ， 怎么办 ？ 在 公共场所 有 的 人 抽烟 ， 会 损坏 很多 人 的 健康 ， 所以 我 觉得 “ 在 公共场所 边 走 边 抽 的 人 将 被 罚款 ” 这个 措施 是 很 好 的 。,的 / 话,的话,81,83,的话,[82],[],[],[82],"The prediction misses the gold boundary between [的] and [话], merging them into [的话].",False,False,,1
209,P1,P1 Identical-character projection,under,所以，如果你要流利地谈外语话，你必该练习口语。,所以，如果你要流利地说外语，你必须练习口语。,所以 ， 如果 你 要 流利 地 谈 外语 话 ， 你 必该 练习 口语 。,所以 ， 如果 你 要 流利 地 谈 外语话 ， 你 必 该 练习 口语 。,外语 / 话,外语话,11,14,外语话,[13],[],[],[13],"The prediction misses the gold boundary between [外语] and [话], merging them into [外语话].",False,True,,1
209,P1,P1 Identical-character projection,over,所以，如果你要流利地谈外语话，你必该练习口语。,所以，如果你要流利地说外语，你必须练习口语。,所以 ， 如果 你 要 流利 地 谈 外语 话 ， 你 必该 练习 口语 。,所以 ， 如果 你 要 流利 地 谈 外语话 ， 你 必 该 练习 口语 。,必该,必 / 该,16,18,必该,[],[17],[17],[],"The prediction inserts an extra boundary inside the gold token [必该], producing [必 / 该].",False,True,,2
211,P1,P1 Identical-character projection,over,交朋友的时后，很可能会碰到矛盾。那么在这段时间我们就可以知道这两个人真不真是朋友。如果能过这个矛盾，那么就是真正的朋友。,交朋友的时候，很可能会碰到矛盾。那么在这段时间我们就可以知道这两个人是不是真朋友。如果能解决这个矛盾，那么就是真正的朋友。,交 朋友 的 时后 ， 很 可能 会 碰到 矛盾 。 那么 在 这 段 时间 我们 就 可以 知道 这 两 个 人 真 不 真 是 朋友 。 如果 能 过 这个 矛盾 ， 那么 就 是 真正 的 朋友 。,交 朋友 的 时 后 ， 很 可能 会 碰到 矛盾 。 那么 在 这 段 时间 我们 就 可以 知道 这 两 个 人 真 不 真 是 朋友 。 如果 能 过 这个 矛盾 ， 那么 就 是 真正 的 朋友 。,时后,时 / 后,4,6,时后,[],[5],[5],[],"The prediction inserts an extra boundary inside the gold token [时后], producing [时 / 后].",False,True,,1
222,P1,P1 Identical-character projection,over,我是学士。因此我还没有职业。但是，我想一定因该学习。好工作要好学历。,我是学生，因此我还没有工作。但是，我想一定要好好学习，因为好工作需要好学历。,我 是 学士 。 因此 我 还 没有 职业 。 但是 ， 我 想 一定 因该 学习 。 好 工作 要 好 学历 。,我 是 学士 。 因此 我 还 没有 职业 。 但是 ， 我 想 一定 因 该 学习 。 好 工作 要 好 学历 。,因该,因 / 该,21,23,因该,[],[22],[22],[],"The prediction inserts an extra boundary inside the gold token [因该], producing [因 / 该].",False,True,,1
226,P1,P1 Identical-character projection,over,如此来看，这岂不是解决不了问题，还制造了些问题吗？,如此看来，这岂不是解决不了问题，还制造了些问题吗？,如此 来看 ， 这 岂 不 是 解决 不 了 问题 ， 还 制造 了 些 问题 吗 ？,如此 来 看 ， 这 岂 不 是 解决 不 了 问题 ， 还 制造 了 些 问题 吗 ？,来看,来 / 看,2,4,来看,[],[3],[3],[],"The prediction inserts an extra boundary inside the gold token [来看], producing [来 / 看].",False,True,,1
232,P1,P1 Identical-character projection,under,昨天下雨很多。,昨天下了很多雨。,昨天 下雨 很 多 。,昨天 下雨 很多 。,很 / 多,很多,4,6,很多,[5],[],[],[5],"The prediction misses the gold boundary between [很] and [多], merging them into [很多].",True,True,,1
236,P1,P1 Identical-character projection,over,消息说现在在公共场所抽烟的地方越来越少，但我想这样根本不可以减小抽烟的人数。现在社会里的问题是青少年的抽烟，他们明明知道抽烟对身体不好他们为什么还要抽呢？,有消息说现在公共场所可以抽烟的地方越来越少，但我想这样根本不可以减少抽烟的人数。现在社会里的问题是青少年的抽烟，他们明明知道抽烟对身体不好，他们为什么还要抽呢？,消息 说 现在 在 公共场所 抽烟 的 地方 越来越 少 ， 但 我 想 这样 根本 不 可以 减小 抽烟 的 人数 。 现在 社会 里 的 问题 是 青少年 的 抽烟 ， 他们 明明 知道 抽烟 对 身体 不好 他们 为什么 还要 抽 呢 ？,消息 说 现在 在 公共场所 抽烟 的 地方 越来越 少 ， 但 我 想 这样 根本 不 可以 减 小 抽烟 的 人数 。 现在 社会 里 的 问题 是 青少年 的 抽烟 ， 他们 明明 知道 抽烟 对 身体 不好 他们 为什么 还要 抽 呢 ？,减小,减 / 小,30,32,减小,[],[31],[31],[],"The prediction inserts an extra boundary inside the gold token [减小], producing [减 / 小].",False,True,,1
242,P1,P1 Identical-character projection,over,至令我没看过那么美丽的风景。,至今我没看到过那么美丽的风景。,至令 我 没 看 过 那么 美丽 的 风景 。,至 令 我 没 看 过 那么 美丽 的 风景 。,至令,至 / 令,0,2,至令,[],[1],[1],[],"The prediction inserts an extra boundary inside the gold token [至令], producing [至 / 令].",True,True,,1
249,P1,P1 Identical-character projection,under,对待男人和女人的问题上，我觉得男人应该有男人午点，有责任感，有安全感，有事业心。,对待男人和女人的问题上，我觉得男人应该有男人味点，有责任感，有安全感，有事业心。,对待 男人 和 女人 的 问题 上 ， 我 觉得 男人 应该 有 男人 午 点 ， 有 责任感 ， 有 安全感 ， 有 事业心 。,对待 男人 和 女人 的 问题 上 ， 我 觉得 男人 应该 有 男人 午点 ， 有 责任感 ， 有 安全感 ， 有 事业心 。,午 / 点,午点,22,24,午点,[23],[],[],[23],"The prediction misses the gold boundary between [午] and [点], merging them into [午点].",False,True,,1
254,P1,P1 Identical-character projection,over,上次考试我的了初级5。,上次考试我得了初级5。,上次 考试 我 的了 初级 5 。,上次 考试 我 的 了 初级 5 。,的了,的 / 了,5,7,的了,[],[6],[6],[],"The prediction inserts an extra boundary inside the gold token [的了], producing [的 / 了].",True,True,,1
257,P1,P1 Identical-character projection,under,第一天我只写了一个句子话：“今天，我开写汉语日记本。”,第一天我只写了一个句子：“今天，我开始写汉语日记本。”,第一 天 我 只 写 了 一个 句子 话 ： “ 今天 ， 我 开 写 汉语 日记本 。 ”,第一 天 我 只 写 了 一个 句子 话 ： “ 今天 ， 我 开写 汉语 日记本 。 ”,开 / 写,开写,18,20,开写,[19],[],[],[19],"The prediction misses the gold boundary between [开] and [写], merging them into [开写].",False,True,,1
258,P1,P1 Identical-character projection,over,但是，从公众利益的角度来看，首先要考虑的是大家，其次就是个人。大家都想追求身体健康的情况下，吸烟受一定的限制也是当然的。,但是，从公众利益的角度来看，首先要考虑的是大家，其次才是个人。在大家都想追求身体健康的情况下，吸烟受到一定的限制也是必然的。,但是 ， 从 公众 利益 的 角度 来 看 ， 首先 要 考虑 的 是 大家 ， 其次 就是 个人 。 大家 都 想 追求 身体 健康 的 情况 下 ， 吸烟 受 一定 的 限制 也 是 当然 的 。,但是 ， 从 公众 利益 的 角度 来 看 ， 首先 要 考虑 的 是 大家 ， 其次 就 是 个人 。 大家 都 想 追求 身体 健康 的 情况 下 ， 吸烟 受 一定 的 限制 也 是 当然 的 。,就是,就 / 是,26,28,就是,[],[27],[27],[],"The prediction inserts an extra boundary inside the gold token [就是], producing [就 / 是].",False,False,,1
264,P1,P1 Identical-character projection,over,因为要是在学习方面，女生比男生好，女生会努力学，但男生不那么努力，只有少些男生会努力。那是说他们有没有自己的目标，要是有的话，他们会努力学习，实现目标，但是很少。要是家长害怕学生有早恋，可以把自己的经验告诉学生。,因为要是在学习方面，女生比男生好，女生会努力学，但男生不那么努力，只有少数男生会努力。那就是说他们有没有自己的目标，要是有的话，他们会努力学习，实现目标，但是很少。要是家长害怕学生早恋，可以把自己的经验告诉学生。,因为 要是 在 学习 方面 ， 女生 比 男生 好 ， 女生 会 努力 学 ， 但 男生 不 那么 努力 ， 只有 少 些 男生 会 努力 。 那是说 他们 有 没 有 自己 的 目标 ， 要是 有 的话 ， 他们 会 努力 学习 ， 实现 目标 ， 但是 很 少 。 要是 家长 害怕 学生 有 早恋 ， 可以 把 自己 的 经验 告诉 学生 。,因为 要是 在 学习 方面 ， 女生 比 男生 好 ， 女生 会 努力 学 ， 但 男生 不 那么 努力 ， 只有 少 些 男生 会 努力 。 那 是 说 他们 有 没 有 自己 的 目标 ， 要是 有 的话 ， 他们 会 努力 学习 ， 实现 目标 ， 但是 很 少 。 要是 家长 害怕 学生 有 早恋 ， 可以 把 自己 的 经验 告诉 学生 。,那是说,那 / 是 / 说,43,46,那是说,[],"[44, 45]","[44, 45]",[],"The prediction inserts an extra boundary inside the gold token [那是说], producing [那 / 是 / 说].",False,False,,1
279,P1,P1 Identical-character projection,under,重要的是我们全家人类应该解决这个问题。,重要的是我们全家人应该解决这个问题。,重要 的 是 我们 全家 人类 应该 解决 这个 问题 。,重要 的 是 我们 全家人类 应该 解决 这个 问题 。,全家 / 人类,全家人类,6,10,全家人类,[8],[],[],[8],"The prediction misses the gold boundary between [全家] and [人类], merging them into [全家人类].",True,True,,1
280,P1,P1 Identical-character projection,over,当这两位情人相见在一个浪漫的场所下，清谈起你与我的人生，交流着各人的经历，一唱一合的欢心就像这两位情人重新体验了人生。,当这两位情人相见在一个浪漫的场所下，谈论起你与我的人生，交流着各人的经历，一唱一和得就像这两位情人重新体验了人生。,当 这 两 位 情人 相见 在 一个 浪漫 的 场所 下 ， 清谈 起 你 与 我 的 人生 ， 交流 着 各人 的 经历 ， 一唱一合 的 欢心 就 像 这 两 位 情人 重新 体验 了 人生 。,当 这 两 位 情人 相见 在 一个 浪漫 的 场所 下 ， 清谈 起 你 与 我 的 人生 ， 交流 着 各人 的 经历 ， 一 唱 一 合 的 欢心 就 像 这 两 位 情人 重新 体验 了 人生 。,一唱一合,一 / 唱 / 一 / 合,37,41,一唱一合,[],"[38, 39, 40]","[38, 39, 40]",[],"The prediction inserts an extra boundary inside the gold token [一唱一合], producing [一 / 唱 / 一 / 合].",False,True,,1
298,P1,P1 Identical-character projection,under,众所之知，吸烟对人类健康弊于和大的不良习惯。目前市政府决定禁止在公共场所上的吸烟行为，我积极的赞成。,众所周知，吸烟是对人类健康弊大于利的不良习惯。目前市政府决定禁止在公共场所吸烟，我积极地赞成这项决定。,众所之知 ， 吸烟 对 人类 健康 弊 于 和 大 的 不良 习惯 。 目前 市政府 决定 禁止 在 公共场所 上 的 吸烟 行为 ， 我 积极 的 赞成 。,众所之知 ， 吸烟 对 人类 健康 弊于 和 大 的 不良 习惯 。 目前 市政府 决定 禁止 在 公共场所 上 的 吸烟 行为 ， 我 积极 的 赞成 。,弊 / 于,弊于,12,14,弊于,[13],[],[],[13],"The prediction misses the gold boundary between [弊] and [于], merging them into [弊于].",False,False,,1
303,P1,P1 Identical-character projection,under,职业的选择很重要，要接照自己的人生计划，生活的目标或本身对某些事情的爱好，能力来下決定将来要走的路。但是，问题是这样：什么是好职业？,职业的选择很重要，要按照自己的人生计划，生活的目标或本身对某些事情的爱好、能力来決定将来要走的路。但是，问题是：什么是好职业？,职业 的 选择 很 重要 ， 要 接照 自己 的 人生 计划 ， 生活 的 目标 或 本身 对 某些 事情 的 爱好 ， 能力 来 下 決定 将来 要 走 的 路 。 但是 ， 问题 是 这样 ： 什么 是 好 职业 ？,职业 的 选择 很 重要 ， 要 接照 自己 的 人生 计划 ， 生活 的 目标 或 本身 对 某些 事情 的 爱好 ， 能力 来 下決定 将来 要 走 的 路 。 但是 ， 问题 是 这样 ： 什么 是 好 职业 ？,下 / 決定,下決定,40,43,下決定,[41],[],[],[41],"The prediction misses the gold boundary between [下] and [決定], merging them into [下決定].",False,True,,1
306,P1,P1 Identical-character projection,over,一个塑料瓶，你随便它的时候，有可能要等几下年，它才会自然地灭掉。,一个塑料瓶，你随便扔它的时候，有可能要等好几年，它才会自然地毁灭掉。,一个 塑料瓶 ， 你 随便 它 的 时候 ， 有 可能 要 等 几下 年 ， 它 才 会 自然 地 灭 掉 。,一个 塑料瓶 ， 你 随便 它 的 时候 ， 有 可能 要 等 几 下 年 ， 它 才 会 自然 地 灭 掉 。,几下,几 / 下,19,21,几下,[],[20],[20],[],"The prediction inserts an extra boundary inside the gold token [几下], producing [几 / 下].",False,True,,1
310,P1,P1 Identical-character projection,under,但以前听说过，早恋引起了不好事。,但以前听说过，早恋带来了不好的事。,但 以前 听说 过 ， 早恋 引起 了 不好 事 。,但 以前 听说 过 ， 早恋 引起 了 不好事 。,不好 / 事,不好事,12,15,不好事,[14],[],[],[14],"The prediction misses the gold boundary between [不好] and [事], merging them into [不好事].",True,True,,1
354,P1,P1 Identical-character projection,over,在流行歌曲里我不能找到音乐的美丽，歌词的魅力，听它的时候我没什么感觉，只有人造的无议音调。,我不能在流行歌曲里找到音乐的美丽，歌词的魅力，所以听它的时候我没什么感觉，感觉只有人造的无意义的音调。,在 流行 歌曲 里 我 不 能 找到 音乐 的 美丽 ， 歌词 的 魅力 ， 听 它 的 时候 我 没 什么 感觉 ， 只有 人造 的 无 议 音调 。,在 流行 歌曲 里 我 不 能 找到 音乐 的 美丽 ， 歌词 的 魅力 ， 听 它 的 时候 我 没 什么 感觉 ， 只 有 人造 的 无议 音调 。,只有,只 / 有,35,37,只有,[],[36],[36],[],"The prediction inserts an extra boundary inside the gold token [只有], producing [只 / 有].",False,True,,1
354,P1,P1 Identical-character projection,under,在流行歌曲里我不能找到音乐的美丽，歌词的魅力，听它的时候我没什么感觉，只有人造的无议音调。,我不能在流行歌曲里找到音乐的美丽，歌词的魅力，所以听它的时候我没什么感觉，感觉只有人造的无意义的音调。,在 流行 歌曲 里 我 不 能 找到 音乐 的 美丽 ， 歌词 的 魅力 ， 听 它 的 时候 我 没 什么 感觉 ， 只有 人造 的 无 议 音调 。,在 流行 歌曲 里 我 不 能 找到 音乐 的 美丽 ， 歌词 的 魅力 ， 听 它 的 时候 我 没 什么 感觉 ， 只 有 人造 的 无议 音调 。,无 / 议,无议,40,42,无议,[41],[],[],[41],"The prediction misses the gold boundary between [无] and [议], merging them into [无议].",False,True,,2
360,P1,P1 Identical-character projection,under,我们不要知道我们破坏我们的行星。我们要开车，用电子，渴饮用水。可是为了我们的儿女能在地球过活我们应该都保护环境。,我们要知道我们正在破坏我们的星球。我们要开车，用电子产品，喝饮用水。可是为了我们的儿女能在地球生活我们都应该保护环境。,我们 不要 知道 我们 破坏 我们 的 行星 。 我们 要 开车 ， 用 电子 ， 渴 饮用水 。 可是 为了 我们 的 儿女 能 在 地球 过活 我们 应该 都 保护 环境 。,我们 不要 知道 我们 破坏 我们 的 行星 。 我们 要 开车 ， 用 电子 ， 渴饮用水 。 可是 为了 我们 的 儿女 能 在 地球 过活 我们 应该 都 保护 环境 。,渴 / 饮用水,渴饮用水,26,30,渴饮用水,[27],[],[],[27],"The prediction misses the gold boundary between [渴] and [饮用水], merging them into [渴饮用水].",False,True,,1
373,P1,P1 Identical-character projection,under,那我想注意自已的发言和行为，因为他们注意关注我。我应该当他你好的模范，任一个很好的老师。天天我努力实现这个目标，做生活，做工作。,我应该注意自已的发言和行为，因为他们关注我。我应该当你的好模范，当一个很好的老师。我要天天努力实现这个目标，过好生活，做好工作。,那 我 想 注意 自已 的 发言 和 行为 ， 因为 他们 注意 关注 我 。 我 应该 当 他 你 好 的 模范 ， 任 一个 很 好 的 老师 。 天天 我 努力 实现 这个 目标 ， 做 生活 ， 做 工作 。,那 我 想 注意 自已 的 发言 和 行为 ， 因为 他们 注意 关注 我 。 我 应该 当 他 你好 的 模范 ， 任 一个 很 好 的 老师 。 天天 我 努力 实现 这个 目标 ， 做 生活 ， 做 工作 。,你 / 好,你好,29,31,你好,[30],[],[],[30],"The prediction misses the gold boundary between [你] and [好], merging them into [你好].",False,True,,1
375,P1,P1 Identical-character projection,under,我旅行的时候认识了很多的人，他们都住在别的国家。这有好点和不利，好点是：我可以拜訪他们，我只要飞机票，以后我可以在他们的家留，因为他们请我客。我跟他们可以参观有意思的地方。,我旅行的时候认识了很多的人，他们都住在别的国家。这有好处和坏处，好处是：我可以拜访他们，我只需要飞机票，之后我可以在他们的家住下，因为他们请我客。我可以跟他们参观有意思的地方。,我 旅行 的 时候 认识 了 很多 的 人 ， 他们 都 住 在 别的 国家 。 这 有 好点 和 不利 ， 好 点 是 ： 我 可以 拜訪 他们 ， 我 只 要 飞机票 ， 以后 我 可以 在 他们 的 家 留 ， 因为 他们 请 我 客 。 我 跟 他们 可以 参观 有意思 的 地方 。,我 旅行 的 时候 认识 了 很多 的 人 ， 他们 都 住 在 别的 国家 。 这 有 好点 和 不利 ， 好点 是 ： 我 可以 拜訪 他们 ， 我 只要 飞机票 ， 以后 我 可以 在 他们 的 家 留 ， 因为 他们 请 我 客 。 我 跟 他们 可以 参观 有意思 的 地方 。,好 / 点,好点,32,34,好点,[33],[],[],[33],"The prediction misses the gold boundary between [好] and [点], merging them into [好点].",False,False,,1
375,P1,P1 Identical-character projection,under,我旅行的时候认识了很多的人，他们都住在别的国家。这有好点和不利，好点是：我可以拜訪他们，我只要飞机票，以后我可以在他们的家留，因为他们请我客。我跟他们可以参观有意思的地方。,我旅行的时候认识了很多的人，他们都住在别的国家。这有好处和坏处，好处是：我可以拜访他们，我只需要飞机票，之后我可以在他们的家住下，因为他们请我客。我可以跟他们参观有意思的地方。,我 旅行 的 时候 认识 了 很多 的 人 ， 他们 都 住 在 别的 国家 。 这 有 好点 和 不利 ， 好 点 是 ： 我 可以 拜訪 他们 ， 我 只 要 飞机票 ， 以后 我 可以 在 他们 的 家 留 ， 因为 他们 请 我 客 。 我 跟 他们 可以 参观 有意思 的 地方 。,我 旅行 的 时候 认识 了 很多 的 人 ， 他们 都 住 在 别的 国家 。 这 有 好点 和 不利 ， 好点 是 ： 我 可以 拜訪 他们 ， 我 只要 飞机票 ， 以后 我 可以 在 他们 的 家 留 ， 因为 他们 请 我 客 。 我 跟 他们 可以 参观 有意思 的 地方 。,只 / 要,只要,45,47,只要,[46],[],[],[46],"The prediction misses the gold boundary between [只] and [要], merging them into [只要].",False,False,,2
376,P1,P1 Identical-character projection,under,通过社交场合并友人的介绍结交异性朋友增加了一种心理的安定性。,通过社交场合和友人的介绍结交异性朋友增加了一种心理的安定性。,通过 社交 场合 并 友人 的 介绍 结交 异性 朋友 增加 了 一 种 心理 的 安定性 。,通过 社交 场合并 友人 的 介绍 结交 异性 朋友 增加 了 一 种 心理 的 安定性 。,场合 / 并,场合并,4,7,场合并,[6],[],[],[6],"The prediction misses the gold boundary between [场合] and [并], merging them into [场合并].",False,True,,1
385,P1,P1 Identical-character projection,over,老板批评其他的经理，说他们画饼充饥，只清谈，不无实际，互相吹捧。,老板批评其他的经理，说他们画饼充饥，只空谈，不切实际，互相吹捧。,老板 批评 其他 的 经理 ， 说 他们 画饼充饥 ， 只 清谈 ， 不无实际 ， 互相 吹捧 。,老板 批评 其他 的 经理 ， 说 他们 画饼充饥 ， 只 清 谈 ， 不无 实际 ， 互相 吹捧 。,清谈,清 / 谈,19,21,清谈,[],[20],[20],[],"The prediction inserts an extra boundary inside the gold token [清谈], producing [清 / 谈].",False,True,,1
385,P1,P1 Identical-character projection,over,老板批评其他的经理，说他们画饼充饥，只清谈，不无实际，互相吹捧。,老板批评其他的经理，说他们画饼充饥，只空谈，不切实际，互相吹捧。,老板 批评 其他 的 经理 ， 说 他们 画饼充饥 ， 只 清谈 ， 不无实际 ， 互相 吹捧 。,老板 批评 其他 的 经理 ， 说 他们 画饼充饥 ， 只 清 谈 ， 不无 实际 ， 互相 吹捧 。,不无实际,不无 / 实际,22,26,不无实际,[],[24],[24],[],"The prediction inserts an extra boundary inside the gold token [不无实际], producing [不无 / 实际].",False,True,,2
390,P1,P1 Identical-character projection,over,在我的家我们没有宠動，因为我爸爸过敏。我两个妈奶还在，但是我两个爷爷去世了。我有一些爱好。我喜欢跳舞、看画、跑步和看书。我是锡兰人，印地语是我的本话。,在我的家我们没有养宠物，因为我爸爸过敏。我两个奶妈还在，但是我两个爷爷去世了。我有一些爱好。我喜欢跳舞、画画、跑步和看书。我是锡兰人，印地语是我的母语。,在 我 的 家 我们 没有 宠動 ， 因为 我 爸爸 过敏 。 我 两 个 妈奶 还 在 ， 但是 我 两 个 爷爷 去世 了 。 我 有 一些 爱好 。 我 喜欢 跳舞 、 看 画 、 跑步 和 看 书 。 我 是 锡兰人 ， 印地语 是 我 的 本话 。,在 我 的 家 我们 没有 宠 動 ， 因为 我 爸爸 过敏 。 我 两 个 妈奶 还 在 ， 但是 我 两 个 爷爷 去世 了 。 我 有 一些 爱好 。 我 喜欢 跳舞 、 看 画 、 跑步 和 看 书 。 我 是 锡兰人 ， 印地语 是 我 的 本话 。,宠動,宠 / 動,8,10,宠動,[],[9],[9],[],"The prediction inserts an extra boundary inside the gold token [宠動], producing [宠 / 動].",False,True,,1
391,P1,P1 Identical-character projection,over,我在大学学中文、俄文和日文。因为我应该毕业的时候为个单身汉，我很紧张这个学期的时候。为轻松一黑儿，我很喜欢跟我朋友们比赛一下，做动。,我在大学学中文、俄文和日文。因为我毕业的时候应该是个单身汉，所以这个学期我很紧张。为了放松一会儿，我很喜欢跟我朋友们比试一下，做运动。,我 在 大学 学 中文 、 俄文 和 日文 。 因为 我 应该 毕业 的 时候 为 个 单身汉 ， 我 很 紧张 这个 学期 的 时候 。 为 轻松 一黑儿 ， 我 很 喜欢 跟 我 朋友 们 比赛 一下 ， 做 动 。,我 在 大学 学 中文 、 俄文 和 日文 。 因为 我 应该 毕业 的 时候 为 个 单身汉 ， 我 很 紧张 这个 学期 的 时候 。 为 轻松 一 黑儿 ， 我 很 喜欢 跟 我 朋友 们 比赛 一下 ， 做 动 。,一黑儿,一 / 黑儿,45,48,一黑儿,[],[46],[46],[],"The prediction inserts an extra boundary inside the gold token [一黑儿], producing [一 / 黑儿].",False,True,,1
394,P1,P1 Identical-character projection,over,在中国历史上有一个很有名的传统。人们说是黄帝搞起来中医的问题，还有神农挑了哪个对身体好，哪个对身体坏。真的或着不是真的，这不重要，重要的是中医是很有意思的学问，很有意思的哲学，还有我想这很有用。,在中国历史上有一个很有名的传说。人们说是黄帝发明了中医，还有是神农挑出了哪些植物对身体好，哪些植物对身体坏。这些是真的或者不是真的，都不重要，重要的是中医是很有意思的学问、哲学，还有我想这很有用。,在 中国 历史 上 有 一个 很 有名 的 传统 。 人们 说 是 黄帝 搞 起来 中医 的 问题 ， 还有 神农 挑 了 哪个 对 身体 好 ， 哪个 对 身体 坏 。 真 的 或着 不 是 真 的 ， 这 不 重要 ， 重要 的 是 中医 是 很 有意思 的 学问 ， 很 有意思 的 哲学 ， 还有 我 想 这 很 有用 。,在 中国 历史 上 有 一个 很 有名 的 传统 。 人们 说 是 黄帝 搞 起来 中医 的 问题 ， 还有 神农 挑 了 哪个 对 身体 好 ， 哪个 对 身体 坏 。 真 的 或 着 不 是 真 的 ， 这 不 重要 ， 重要 的 是 中医 是 很 有意思 的 学问 ， 很 有意思 的 哲学 ， 还有 我 想 这 很 有用 。,或着,或 / 着,53,55,或着,[],[54],[54],[],"The prediction inserts an extra boundary inside the gold token [或着], producing [或 / 着].",False,False,,1
399,P1,P1 Identical-character projection,over,为了让孩子能够上大学，他们辛苦地工作，年复一年，把身体都捱垮了，丈夫得了心脏，妻子得了风湿关节炎瘫在床上。,为了让孩子能够上大学，他们辛苦地工作，年复一年，把身体都搞垮了，丈夫得了心脏病，妻子得了风湿关节炎瘫在床上。,为了 让 孩子 能够 上 大学 ， 他们 辛苦 地 工作 ， 年复一年 ， 把 身体 都 捱垮 了 ， 丈夫 得了 心脏 ， 妻子 得了 风湿 关节炎 瘫 在 床 上 。,为了 让 孩子 能够 上 大学 ， 他们 辛苦 地 工作 ， 年复一年 ， 把 身体 都 捱 垮 了 ， 丈夫 得了 心脏 ， 妻子 得了 风湿 关节炎 瘫 在 床 上 。,捱垮,捱 / 垮,28,30,捱垮,[],[29],[29],[],"The prediction inserts an extra boundary inside the gold token [捱垮], producing [捱 / 垮].",False,True,,1
415,P1,P1 Identical-character projection,over,从小的时候，妈妈独自养家我和我的哥哥。他一直鼓励我们做理想的工作。我告诉她我想成为口译的时候，她别笑了，她只告诉我：要是你要学习汉语和日语，就试一试。,从我小的时候，妈妈就独自抚养我和我哥哥。她一直鼓励我们做理想中的工作。当我告诉她我想成为口译员的时候，她笑了，她告诉我：“要是你想学习汉语和日语，就试一试。”,从小 的 时候 ， 妈妈 独自 养家 我 和 我 的 哥哥 。 他 一直 鼓励 我们 做 理想 的 工作 。 我 告诉 她 我 想 成为 口译 的 时候 ， 她 别 笑 了 ， 她 只 告诉 我 ： 要是 你 要 学习 汉语 和 日语 ， 就 试 一 试 。,从 小 的 时候 ， 妈妈 独自 养 家 我 和 我 的 哥哥 。 他 一直 鼓励 我们 做 理想 的 工作 。 我 告诉 她 我 想 成为 口译 的 时候 ， 她 别 笑 了 ， 她 只 告诉 我 ： 要是 你 要 学习 汉语 和 日语 ， 就 试 一 试 。,从小,从 / 小,0,2,从小,[],[1],[1],[],"The prediction inserts an extra boundary inside the gold token [从小], producing [从 / 小].",False,True,,1
415,P1,P1 Identical-character projection,over,从小的时候，妈妈独自养家我和我的哥哥。他一直鼓励我们做理想的工作。我告诉她我想成为口译的时候，她别笑了，她只告诉我：要是你要学习汉语和日语，就试一试。,从我小的时候，妈妈就独自抚养我和我哥哥。她一直鼓励我们做理想中的工作。当我告诉她我想成为口译员的时候，她笑了，她告诉我：“要是你想学习汉语和日语，就试一试。”,从小 的 时候 ， 妈妈 独自 养家 我 和 我 的 哥哥 。 他 一直 鼓励 我们 做 理想 的 工作 。 我 告诉 她 我 想 成为 口译 的 时候 ， 她 别 笑 了 ， 她 只 告诉 我 ： 要是 你 要 学习 汉语 和 日语 ， 就 试 一 试 。,从 小 的 时候 ， 妈妈 独自 养 家 我 和 我 的 哥哥 。 他 一直 鼓励 我们 做 理想 的 工作 。 我 告诉 她 我 想 成为 口译 的 时候 ， 她 别 笑 了 ， 她 只 告诉 我 ： 要是 你 要 学习 汉语 和 日语 ， 就 试 一 试 。,养家,养 / 家,10,12,养家,[],[11],[11],[],"The prediction inserts an extra boundary inside the gold token [养家], producing [养 / 家].",False,True,,2
418,P1,P1 Identical-character projection,over,因为流动歌曲很容易学会，而且歌曲里面可以看到我们的生活。,因为流行歌曲很容易学会，而且从歌曲里面可以看到我们的生活。,因为 流动歌曲 很 容易 学会 ， 而且 歌曲 里面 可以 看到 我们 的 生活 。,因为 流动 歌曲 很 容易 学会 ， 而且 歌曲 里面 可以 看到 我们 的 生活 。,流动歌曲,流动 / 歌曲,2,6,流动歌曲,[],[4],[4],[],"The prediction inserts an extra boundary inside the gold token [流动歌曲], producing [流动 / 歌曲].",False,True,,1
419,P1,P1 Identical-character projection,under,在风头上，年轻人非常暴露。因为他们很会被受影响。风头对酒类饮料的生产者是非常重要的。在我们国家，酒精实业每年为风头花四千两百万元。这种行为是不负责任的。企业引人民，特别是年轻人，有危性的行为。助长危性的行为是无道理的。,在广告上，年轻人非常暴露。因为他们很容易受到影响。广告对酒类饮料的生产者是非常重要的。在我们国家，酒精实业每年为广告花四千两百万元。这种行为是不负责任的。企业引导人民，特别是年轻人，做出危险性的行为。助长危险性的行为是没有道理的。,在 风头 上 ， 年轻人 非常 暴露 。 因为 他们 很 会 被 受 影响 。 风头 对 酒类 饮料 的 生产者 是 非常 重要 的 。 在 我们 国家 ， 酒精 实业 每年 为 风头 花 四千两百万 元 。 这种 行为 是 不 负 责任 的 。 企业 引 人民 ， 特别 是 年轻人 ， 有 危性 的 行为 。 助长 危性 的 行为 是 无 道理 的 。,在 风头 上 ， 年轻人 非常 暴露 。 因为 他们 很 会 被 受 影响 。 风头 对 酒类 饮料 的 生产者 是 非常 重要 的 。 在 我们 国家 ， 酒精 实业 每年 为 风头 花 四千两百万 元 。 这种 行为 是 不 负 责任 的 。 企业 引 人民 ， 特别 是 年轻人 ， 有 危性 的 行为 。 助长 危性 的 行为 是 无道理 的 。,无 / 道理,无道理,104,107,无道理,[105],[],[],[105],"The prediction misses the gold boundary between [无] and [道理], merging them into [无道理].",False,False,,1
428,P1,P1 Identical-character projection,under,决定去住古巴的外国人一年比一年多。在古巴里，经济的机会越来越大。另外古巴的房产的市场有为极了。虽然，因为了行政的问题，买房还非常复杂，但是房子的价格不必别的国家的。一个小房子的平均的价格差不多三千欧洲货币。,决定去古巴住的外国人一年比一年多。在古巴，经济发展的机会越来越多。另外古巴的房产的市场繁荣极了。虽然，因为行政的问题，买房还非常复杂，但是房子的价格不比别的国家的高。一个小房子的平均的价格差不多三千欧元。,决定 去 住 古巴 的 外国人 一 年 比 一 年 多 。 在 古巴 里 ， 经济 的 机会 越来越 大 。 另外 古巴 的 房产 的 市场 有为 极了 。 虽然 ， 因为 了 行政 的 问题 ， 买房 还 非常 复杂 ， 但是 房子 的 价格 不 必 别的 国家 的 。 一个 小 房子 的 平均 的 价格 差不多 三千 欧洲 货币 。,决定 去 住 古巴 的 外国人 一 年 比 一 年 多 。 在 古巴里 ， 经济 的 机会 越来越 大 。 另外 古巴 的 房产 的 市场 有 为 极了 。 虽然 ， 因为了 行政 的 问题 ， 买房 还 非常 复杂 ， 但是 房子 的 价格 不必别的 国家 的 。 一个 小 房子 的 平均 的 价格 差不多 三千 欧洲 货币 。,古巴 / 里,古巴里,18,21,古巴里,[20],[],[],[20],"The prediction misses the gold boundary between [古巴] and [里], merging them into [古巴里].",False,False,,1
428,P1,P1 Identical-character projection,over,决定去住古巴的外国人一年比一年多。在古巴里，经济的机会越来越大。另外古巴的房产的市场有为极了。虽然，因为了行政的问题，买房还非常复杂，但是房子的价格不必别的国家的。一个小房子的平均的价格差不多三千欧洲货币。,决定去古巴住的外国人一年比一年多。在古巴，经济发展的机会越来越多。另外古巴的房产的市场繁荣极了。虽然，因为行政的问题，买房还非常复杂，但是房子的价格不比别的国家的高。一个小房子的平均的价格差不多三千欧元。,决定 去 住 古巴 的 外国人 一 年 比 一 年 多 。 在 古巴 里 ， 经济 的 机会 越来越 大 。 另外 古巴 的 房产 的 市场 有为 极了 。 虽然 ， 因为 了 行政 的 问题 ， 买房 还 非常 复杂 ， 但是 房子 的 价格 不 必 别的 国家 的 。 一个 小 房子 的 平均 的 价格 差不多 三千 欧洲 货币 。,决定 去 住 古巴 的 外国人 一 年 比 一 年 多 。 在 古巴里 ， 经济 的 机会 越来越 大 。 另外 古巴 的 房产 的 市场 有 为 极了 。 虽然 ， 因为了 行政 的 问题 ， 买房 还 非常 复杂 ， 但是 房子 的 价格 不必别的 国家 的 。 一个 小 房子 的 平均 的 价格 差不多 三千 欧洲 货币 。,有为,有 / 为,42,44,有为,[],[43],[43],[],"The prediction inserts an extra boundary inside the gold token [有为], producing [有 / 为].",False,False,,2
428,P1,P1 Identical-character projection,under,决定去住古巴的外国人一年比一年多。在古巴里，经济的机会越来越大。另外古巴的房产的市场有为极了。虽然，因为了行政的问题，买房还非常复杂，但是房子的价格不必别的国家的。一个小房子的平均的价格差不多三千欧洲货币。,决定去古巴住的外国人一年比一年多。在古巴，经济发展的机会越来越多。另外古巴的房产的市场繁荣极了。虽然，因为行政的问题，买房还非常复杂，但是房子的价格不比别的国家的高。一个小房子的平均的价格差不多三千欧元。,决定 去 住 古巴 的 外国人 一 年 比 一 年 多 。 在 古巴 里 ， 经济 的 机会 越来越 大 。 另外 古巴 的 房产 的 市场 有为 极了 。 虽然 ， 因为 了 行政 的 问题 ， 买房 还 非常 复杂 ， 但是 房子 的 价格 不 必 别的 国家 的 。 一个 小 房子 的 平均 的 价格 差不多 三千 欧洲 货币 。,决定 去 住 古巴 的 外国人 一 年 比 一 年 多 。 在 古巴里 ， 经济 的 机会 越来越 大 。 另外 古巴 的 房产 的 市场 有 为 极了 。 虽然 ， 因为了 行政 的 问题 ， 买房 还 非常 复杂 ， 但是 房子 的 价格 不必别的 国家 的 。 一个 小 房子 的 平均 的 价格 差不多 三千 欧洲 货币 。,因为 / 了,因为了,50,53,因为了,[52],[],[],[52],"The prediction misses the gold boundary between [因为] and [了], merging them into [因为了].",False,False,,3
428,P1,P1 Identical-character projection,under,决定去住古巴的外国人一年比一年多。在古巴里，经济的机会越来越大。另外古巴的房产的市场有为极了。虽然，因为了行政的问题，买房还非常复杂，但是房子的价格不必别的国家的。一个小房子的平均的价格差不多三千欧洲货币。,决定去古巴住的外国人一年比一年多。在古巴，经济发展的机会越来越多。另外古巴的房产的市场繁荣极了。虽然，因为行政的问题，买房还非常复杂，但是房子的价格不比别的国家的高。一个小房子的平均的价格差不多三千欧元。,决定 去 住 古巴 的 外国人 一 年 比 一 年 多 。 在 古巴 里 ， 经济 的 机会 越来越 大 。 另外 古巴 的 房产 的 市场 有为 极了 。 虽然 ， 因为 了 行政 的 问题 ， 买房 还 非常 复杂 ， 但是 房子 的 价格 不 必 别的 国家 的 。 一个 小 房子 的 平均 的 价格 差不多 三千 欧洲 货币 。,决定 去 住 古巴 的 外国人 一 年 比 一 年 多 。 在 古巴里 ， 经济 的 机会 越来越 大 。 另外 古巴 的 房产 的 市场 有 为 极了 。 虽然 ， 因为了 行政 的 问题 ， 买房 还 非常 复杂 ， 但是 房子 的 价格 不必别的 国家 的 。 一个 小 房子 的 平均 的 价格 差不多 三千 欧洲 货币 。,不 / 必 / 别的,不必别的,74,78,不必别的,"[75, 76]",[],[],"[75, 76]","The prediction misses the gold boundary between [不] and [必], merging them into [不必别的].",False,False,,4
430,P1,P1 Identical-character projection,under,愚公是英雄因为就是他九十岁了，他开始动起手来，一个月干下来，都没有什么变化，他不矢去信心。当智叟开始笑话他，愚公继续搬。,愚公是英雄。因为即使他九十岁了，还是动手搬山，一个月干下来，就算山没有什么变化，他也不失去信心。当智叟开始笑话他，愚公还是继续搬山。,愚公 是 英雄 因为 就 是 他 九十 岁 了 ， 他 开始 动 起 手 来 ， 一个 月 干 下来 ， 都 没有 什么 变化 ， 他 不 矢去 信心 。 当 智叟 开始 笑话 他 ， 愚公 继续 搬 。,愚公 是 英雄 因为 就 是 他 九十 岁 了 ， 他 开始 动起 手 来 ， 一个 月 干 下来 ， 都 没有 什么 变化 ， 他 不 矢去 信心 。 当 智叟 开始 笑话 他 ， 愚公 继续 搬 。,动 / 起,动起,18,20,动起,[19],[],[],[19],"The prediction misses the gold boundary between [动] and [起], merging them into [动起].",False,True,,1
432,P1,P1 Identical-character projection,drift,那么谁给我们知识呢，大大概的情况下父母教我们最基本的东西。,那么谁给我们知识呢，大概率的情况下是父母教我们最基本的东西。,那么 谁 给 我们 知识 呢 ， 大 大概 的 情况 下 父母 教 我们 最 基本 的 东西 。,那么 谁 给 我们 知识 呢 ， 大大 概 的 情况 下 父母 教 我们 最 基本 的 东西 。,大 / 大概,大大 / 概,10,13,大大概,[11],[12],[12],[11],"The prediction places a boundary at offset [12] instead of the gold offset [11], resulting in a shifted local segmentation.",False,True,,1
435,P1,P1 Identical-character projection,over,为了对大自然预防多样的风险因素，政府得设置法律机构和措施，像处罚违法者，例如向自然的里过量挑放硝酸盐和二氧化碳，或者名式名样的温室气体的工厂。因为那些工厂的排放和废品不但对环境而且对人体的健康可以有大的害处。,为了预防大自然多样的风险因素，政府得设置法律机构和措施来处罚违法者，例如向自然界排放过量硝酸盐和二氧化碳，或者各式各样的温室气体的工厂。因为那些工厂排放的废品不但对环境而且对人体的健康大有害处。,为了 对 大自然 预防 多样 的 风险 因素 ， 政府 得 设置 法律 机构 和 措施 ， 像 处罚 违法者 ， 例如 向 自然 的 里 过量 挑放 硝酸盐 和 二氧化碳 ， 或者 名式名样 的 温室 气体 的 工厂 。 因为 那些 工厂 的 排放 和 废品 不但 对 环境 而且 对 人体 的 健康 可以 有 大 的 害处 。,为了 对 大自然 预防 多样 的 风险 因素 ， 政府 得 设置 法律 机构 和 措施 ， 像 处罚 违法者 ， 例如 向 自然 的 里 过量 挑放 硝酸盐 和 二氧化碳 ， 或者 名式 名样 的 温室 气体 的 工厂 。 因为 那些 工厂 的 排放 和 废品 不但 对 环境 而且 对 人体 的 健康 可以 有 大 的 害处 。,名式名样,名式 / 名样,58,62,名式名样,[],[60],[60],[],"The prediction inserts an extra boundary inside the gold token [名式名样], producing [名式 / 名样].",False,False,,1
449,P1,P1 Identical-character projection,under,其次，流行歌曲帮助父母和孩子之间的关系。一同坐在沙发上，一起看电视机的音乐节目，有笑有聊的话，父母和孩子的关系更加亲密，还有父母能够理解孩子，孩子也会理解父母的看法、做法等。,其次，流行歌曲帮助父母和孩子之间建立关系。一同坐在沙发上，一起看电视机里的音乐节目，有笑有聊的谈话，父母和孩子的关系更加亲密，还有父母能够理解孩子，孩子也会理解父母的看法、做法等。,其次 ， 流行歌曲 帮助 父母 和 孩子 之间 的 关系 。 一同 坐 在 沙发 上 ， 一起 看 电视机 的 音乐 节目 ， 有 笑 有 聊 的 话 ， 父母 和 孩子 的 关系 更加 亲密 ， 还有 父母 能够 理解 孩子 ， 孩子 也 会 理解 父母 的 看法 、 做法 等 。,其次 ， 流行歌曲 帮助 父母 和 孩子 之间 的 关系 。 一同 坐 在 沙发 上 ， 一起 看 电视机 的 音乐 节目 ， 有 笑 有 聊 的话 ， 父母 和 孩子 的 关系 更加 亲密 ， 还有 父母 能够 理解 孩子 ， 孩子 也 会 理解 父母 的 看法 、 做法 等 。,的 / 话,的话,44,46,的话,[45],[],[],[45],"The prediction misses the gold boundary between [的] and [话], merging them into [的话].",False,False,,1
455,P1,P1 Identical-character projection,under,第一个是如果她常常模着自己的前发，她想有距离自己从对方。,第一个是如果她常常摸着自己的前发，她想自己跟对方保持距离。,第一 个 是 如果 她 常常 模 着 自己 的 前 发 ， 她 想 有 距离 自己 从 对方 。,第一 个 是 如果 她 常常 模 着 自己 的 前发 ， 她 想 有 距离 自己 从 对方 。,前 / 发,前发,14,16,前发,[15],[],[],[15],"The prediction misses the gold boundary between [前] and [发], merging them into [前发].",False,True,,1
457,P1,P1 Identical-character projection,over,这些理由对流行歌曲的人合适，但是也有些人不喜欢流行歌曲，甚至还有非常蔑视流行歌曲。我认为人们的趣味各种各样，所以有这样人也有那样人。我会了解他们的看法。不过如果他们只不喜欢流行歌的理由是他们认为流行歌曲很脏，很复杂……这样的理由的话，我不会了解。但是他们一直不喜欢流行歌曲的话，我不得不承认，因为这是他们的想法和自由。,这些理由对喜欢流行歌曲的人合适，但是也有些人不喜欢流行歌曲，甚至还有人非常蔑视流行歌曲。我认为人们的趣味各种各样，所以有这样人，也有那样人。我会理解他们的看法。不过如果他们不喜欢流行歌的理由只是他们认为流行歌曲很脏，很复杂……这样的理由的话，我不会理解。但是他们一直不喜欢流行歌曲的话，我不得不承认这件事，因为这是他们的想法和自由。,这些 理由 对 流行 歌曲 的 人 合适 ， 但是 也 有些 人 不 喜欢 流行 歌曲 ， 甚至 还有 非常 蔑视 流行 歌曲 。 我 认为 人们 的 趣味 各种各样 ， 所以 有 这样 人 也 有 那样 人 。 我 会 了解 他们 的 看法 。 不过 如果 他们 只 不 喜欢 流行歌 的 理由 是 他们 认为 流行 歌曲 很 脏 ， 很 复杂 …… 这样 的 理由 的话 ， 我 不 会 了解 。 但是 他们 一直 不 喜欢 流行 歌曲 的 话 ， 我 不得不 承认 ， 因为 这 是 他们 的 想法 和 自由 。,这些 理由 对 流行 歌曲 的 人 合适 ， 但是 也 有些 人 不 喜欢 流行 歌曲 ， 甚至 还 有 非常 蔑视 流行 歌曲 。 我 认为 人们 的 趣味 各种各样 ， 所以 有 这样 人 也 有 那样 人 。 我 会 了解 他们 的 看法 。 不过 如果 他们 只 不 喜欢 流行歌 的 理由 是 他们 认为 流行 歌曲 很 脏 ， 很 复杂 …… 这样 的 理由 的话 ， 我 不 会 了解 。 但是 他们 一直 不 喜欢 流行 歌曲 的 话 ， 我 不得不 承认 ， 因为 这 是 他们 的 想法 和 自由 。,还有,还 / 有,30,32,还有,[],[31],[31],[],"The prediction inserts an extra boundary inside the gold token [还有], producing [还 / 有].",False,False,,1
459,P1,P1 Identical-character projection,over,她除其她事项外看着一个正在洗净衣服的、非常胖也非难看的老女人。,她除了要做其他事情，还要照看那个正在洗衣服的、非常胖也非常难看的老女人。,她 除 其她 事项 外 看 着 一个 正在 洗 净 衣服 的 、 非常 胖 也 非 难看 的 老 女人 。,她 除 其 她 事项 外 看 着 一个 正在 洗 净 衣服 的 、 非常 胖 也 非 难看 的 老 女人 。,其她,其 / 她,2,4,其她,[],[3],[3],[],"The prediction inserts an extra boundary inside the gold token [其她], producing [其 / 她].",False,True,,1
460,P1,P1 Identical-character projection,under,对不起，我没看你的新写字。,对不起，我没看你新写的字。,对不起 ， 我 没 看 你 的 新 写 字 。,对不起 ， 我 没 看 你 的 新 写字 。,写 / 字,写字,10,12,写字,[11],[],[],[11],"The prediction misses the gold boundary between [写] and [字], merging them into [写字].",True,True,,1
474,P1,P1 Identical-character projection,under,旅行营会把所有的景点、交通和住宿都安排好了。所以自己不能决定哪里去。而且参加旅行营会跟很多不认识的人一起旅行。碰到讨厌的人就没办法，一定要跟他们在一起。所以我喜欢自己一个人旅行。这一样就自由多了。,旅行营会把所有的景点、交通和住宿都安排好，所以自己不能决定去哪里。而且参加旅行营会跟很多不认识的人一起旅行，碰到讨厌的人就没办法，一定要跟他们在一起。所以我喜欢自己一个人旅行，这一来就自由多了。,旅行营 会 把 所有 的 景点 、 交通 和 住宿 都 安排 好 了 。 所以 自己 不 能 决定 哪里 去 。 而且 参加 旅行营 会 跟 很多 不 认识 的 人 一起 旅行 。 碰到 讨厌 的 人 就 没 办法 ， 一定 要 跟 他们 在 一起 。 所以 我 喜欢 自己 一个 人 旅行 。 这 一样 就 自由 多 了 。,旅行营 会 把 所有 的 景点 、 交通 和 住宿 都 安排 好 了 。 所以 自己 不 能 决定 哪里 去 。 而且 参加 旅行营 会 跟 很多 不 认识 的 人 一起 旅行 。 碰到 讨厌 的 人 就 没 办法 ， 一定 要 跟 他们 在 一起 。 所以 我 喜欢 自己 一个 人 旅行 。 这一样 就 自由 多 了 。,这 / 一样,这一样,89,92,这一样,[90],[],[],[90],"The prediction misses the gold boundary between [这] and [一样], merging them into [这一样].",False,False,,1
485,P1,P1 Identical-character projection,over,青少年的健康也应该得到社会的注意。这是又涉及到一个敏感的问题，既要是家有青少年父母是否有义务保持一个对身体健康的环境，是否也该限制父母在孩子当前抽烟。国家在什么情况下干预家庭的内事？,青少年的健康也应该得到社会的注意。这又涉及到一个敏感的问题，即家有青少年的父母是否有义务保持一个对身体健康的环境，是否也该限制父母在孩子面前抽烟。国家在什么情况下可以干预家庭内的事？,青少年 的 健康 也 应该 得到 社会 的 注意 。 这 是 又 涉及 到 一个 敏感 的 问题 ， 既 要是 家 有 青少年 父母 是否 有 义务 保持 一个 对 身体 健康 的 环境 ， 是否 也 该 限制 父母 在 孩子 当前 抽烟 。 国家 在 什么 情况 下 干预 家庭 的 内事 ？,青少年 的 健康 也 应该 得到 社会 的 注意 。 这 是 又 涉及 到 一个 敏感 的 问题 ， 既 要 是 家 有 青少年 父母 是否 有 义务 保持 一个 对 身体 健康 的 环境 ， 是否 也 该 限制 父母 在 孩子 当前 抽烟 。 国家 在 什么 情况 下 干预 家庭 的 内事 ？,要是,要 / 是,32,34,要是,[],[33],[33],[],"The prediction inserts an extra boundary inside the gold token [要是], producing [要 / 是].",False,False,,1
486,P1,P1 Identical-character projection,under,我觉得这是夺去个人的自由。有的人由抽烟来摆脱自己的烦恼，还有有的人把抽烟当做自己的爱好。我觉得政府不应该夺抢个人的自由。,我觉得这是夺去了个人的自由。有的人用抽烟来摆脱自己的烦恼，还有的人把抽烟当做自己的爱好。我觉得政府不应该夺走个人的自由。,我 觉得 这 是 夺 去 个人 的 自由 。 有的 人 由 抽烟 来 摆脱 自己 的 烦恼 ， 还有 有的 人 把 抽烟 当做 自己 的 爱好 。 我 觉得 政府 不 应该 夺 抢 个人 的 自由 。,我 觉得 这 是 夺 去 个人 的 自由 。 有的 人 由 抽烟 来 摆脱 自己 的 烦恼 ， 还有 有的 人 把 抽烟 当做 自己 的 爱好 。 我 觉得 政府 不 应该 夺抢 个人 的 自由 。,夺 / 抢,夺抢,52,54,夺抢,[53],[],[],[53],"The prediction misses the gold boundary between [夺] and [抢], merging them into [夺抢].",False,False,,1
495,P1,P1 Identical-character projection,under,我的女朋友姓白。出生于1989年2月12日，她22岁。我周末只见她。她有一个妹妹。在大学学医学。她很高，但是比我矮。她会说挪威语。,我的女朋友姓白，出生于1989年2月12日，她22岁。我周末会见她。她有一个妹妹，在大学学医学。她很高，但是比我矮。她会说挪威语。,我 的 女朋友 姓 白 。 出生 于 1989年 2月 12日 ， 她 22 岁 。 我 周末 只 见 她 。 她 有 一个 妹妹 。 在 大学 学 医学 。 她 很 高 ， 但是 比 我 矮 。 她 会 说 挪威语 。,我 的 女朋友 姓 白 。 出生 于 1989年 2月 12日 ， 她 22 岁 。 我 周末 只见 她 。 她 有 一个 妹妹 。 在 大学 学 医学 。 她 很 高 ， 但是 比 我 矮 。 她 会 说 挪威语 。,只 / 见,只见,30,32,只见,[31],[],[],[31],"The prediction misses the gold boundary between [只] and [见], merging them into [只见].",False,True,,1
500,P1,P1 Identical-character projection,over,好职业难发现。有很多人认为的一般高学历我们有一个体面职业。这个句子不真的，因为有很多越来越失业的人一般对高学历都有。令天有人很多年上学。,好职业难被发现。有很多人认为高学历能让我们有一个体面的职业。这个话不是真的，因为有越来越多失业的人一般都有高学历。今天有人上学很多年。,好 职业 难 发现 。 有 很多 人 认为 的 一般 高 学历 我们 有 一个 体面 职业 。 这个 句子 不 真 的 ， 因为 有 很多 越来越 失业 的 人 一般 对 高 学历 都 有 。 令天 有 人 很多 年 上学 。,好 职业 难 发现 。 有 很多 人 认为 的 一般 高 学历 我们 有 一个 体面 职业 。 这个 句子 不 真 的 ， 因为 有 很多 越来越 失业 的 人 一般 对 高 学历 都 有 。 令 天 有 人 很多 年 上学 。,令天,令 / 天,58,60,令天,[],[59],[59],[],"The prediction inserts an extra boundary inside the gold token [令天], producing [令 / 天].",False,True,,1
501,P1,P1 Identical-character projection,under,西班牙的生活有好处和坏处。我来讲你们坏处之一。,西班牙的生活有好处和坏处。我来给你们讲坏处之一。,西班牙 的 生活 有 好处 和 坏处 。 我 来 讲 你们 坏处 之一 。,西班牙 的 生活 有 好处 和 坏处 。 我 来讲 你们 坏处 之一 。,来 / 讲,来讲,14,16,来讲,[15],[],[],[15],"The prediction misses the gold boundary between [来] and [讲], merging them into [来讲].",False,True,,1
511,P1,P1 Identical-character projection,over,冲绳是一个非常美丽的地方，天蓝蓝的，海水清淤见地，鱼特别新鲜，水果尝尝鲜。腓力和我夜夜下班以后，去了翘首美丽的星空。,冲绳是一个非常美丽的地方，天蓝蓝的，海水清澈见底，鱼特别新鲜，水果也很新鲜。腓力和我每夜下班以后，都会去仰望美丽的星空。,冲绳 是 一个 非常 美丽 的 地方 ， 天 蓝蓝的 ， 海水 清淤见地 ， 鱼 特别 新鲜 ， 水果 尝尝 鲜 。 腓力 和 我 夜夜 下班 以后 ， 去 了 翘首 美丽 的 星空 。,冲绳 是 一个 非常 美丽 的 地方 ， 天 蓝蓝的 ， 海水 清 淤 见 地 ， 鱼 特别 新鲜 ， 水果 尝尝 鲜 。 腓力 和 我 夜夜 下班 以后 ， 去 了 翘首 美丽 的 星空 。,清淤见地,清 / 淤 / 见 / 地,20,24,清淤见地,[],"[21, 22, 23]","[21, 22, 23]",[],"The prediction inserts an extra boundary inside the gold token [清淤见地], producing [清 / 淤 / 见 / 地].",False,True,,1
512,P1,P1 Identical-character projection,under,孩子并不是不聪明，就是没有经验！无论有什么问题孩子不仅解决不了，而而也解释不了（因为还没学会语言了）。,孩子并不是不聪明，而是没有经验！无论是什么问题，孩子不但解决不了，而且也解释不了（因为他们还没学会语言）。,孩子 并 不 是 不 聪明 ， 就 是 没有 经验 ！ 无论 有 什么 问题 孩子 不仅 解决 不 了 ， 而而 也 解释 不 了 （ 因为 还 没 学会 语言 了 ） 。,孩子 并 不 是 不 聪明 ， 就是 没有 经验 ！ 无论 有 什么 问题 孩子 不仅 解决 不 了 ， 而而 也 解释 不 了 （ 因为 还 没 学会 语言 了 ） 。,就 / 是,就是,9,11,就是,[10],[],[],[10],"The prediction misses the gold boundary between [就] and [是], merging them into [就是].",False,True,,1
525,P1,P1 Identical-character projection,under,不要乱垃圾！我不穿毛皮的衣服，因为对动物非常的不好。一件外套能包括二十个免毛皮。,不要乱扔垃圾！我不穿毛皮的衣服，因为对动物非常不好。一件外套能包括二十个免子的毛皮。,不要 乱 垃圾 ！ 我 不 穿 毛皮 的 衣服 ， 因为 对 动物 非常 的 不好 。 一 件 外套 能 包括 二十 个 免 毛皮 。,不要 乱 垃圾 ！ 我 不 穿 毛皮 的 衣服 ， 因为 对 动物 非常 的 不好 。 一 件 外套 能 包括 二十 个 免毛皮 。,免 / 毛皮,免毛皮,36,39,免毛皮,[37],[],[],[37],"The prediction misses the gold boundary between [免] and [毛皮], merging them into [免毛皮].",False,True,,1
530,P1,P1 Identical-character projection,under,所以人们唱流行歌曲可以表出自己的感情和思想。,所以人们唱流行歌曲可以表达出自己的感情和思想。,所以 人们 唱 流行歌曲 可以 表 出 自己 的 感情 和 思想 。,所以 人们 唱 流行歌曲 可以 表出 自己 的 感情 和 思想 。,表 / 出,表出,11,13,表出,[12],[],[],[12],"The prediction misses the gold boundary between [表] and [出], merging them into [表出].",False,True,,1
534,P1,P1 Identical-character projection,over,世界上常常提到吸烟对个人健康而我们社会有不良的影响，但吸烟者的比重还是高。对吸烟者来说，以吸烟为保持自己的心情稳定，而可以提高自己的力量。对于未成人，吸烟是一种打扮自己。,人们常常提到吸烟对个人健康以及我们社会有不良的影响，但吸烟者的比重还是很高。对吸烟者来说，吸烟能保持自己的心情稳定，可以提高自己的力量。对于未成年人，吸烟是一种表现自己的方式。,世界 上 常常 提到 吸烟 对 个人 健康 而 我们 社会 有 不良 的 影响 ， 但 吸烟者 的 比重 还是 高 。 对 吸烟者 来说 ， 以 吸烟 为 保持 自己 的 心情 稳定 ， 而 可以 提高 自己 的 力量 。 对于 未成人 ， 吸烟 是 一 种 打扮 自己 。,世界 上 常常 提到 吸烟 对 个人 健康 而 我们 社会 有 不良 的 影响 ， 但 吸烟者 的 比重 还是 高 。 对 吸烟者 来说 ， 以 吸烟 为 保持 自己 的 心情 稳定 ， 而 可以 提高 自己 的 力量 。 对于 未 成人 ， 吸烟 是 一 种 打扮 自己 。,未成人,未 / 成人,71,74,未成人,[],[72],[72],[],"The prediction inserts an extra boundary inside the gold token [未成人], producing [未 / 成人].",False,False,,1
539,P1,P1 Identical-character projection,over,所以我们对下一代的教育也应该很重视这一点。古今中外的学者勤学读书，是我们学习的榜样。我们要活到老，学到老，成为有学问的人，为社会贡献自己的才能，为下一代的未来光明的前途奉献自己的青春，才不辜负先辈的教导，成为社会上有用的人。,所以我们对下一代的教育也应该要重视这一点。古今中外的学者勤学苦读，是我们学习的榜样。我们要活到老，学到老，成为有学问的人，为社会贡献自己的才能，为下一代未来光明的前途奉献自己的青春，这样才不辜负先辈的教导，成为社会上有用的人。,所以 我们 对 下一代 的 教育 也 应该 很 重视 这 一 点 。 古今中外 的 学者 勤学读书 ， 是 我们 学习 的 榜样 。 我们 要 活到老 ， 学到老 ， 成为 有 学问 的 人 ， 为 社会 贡献 自己 的 才能 ， 为 下一代 的 未来 光明 的 前途 奉献 自己 的 青春 ， 才 不 辜负 先辈 的 教导 ， 成为 社会 上 有用 的 人 。,所以 我们 对 下一代 的 教育 也 应该 很 重视 这 一 点 。 古今中外 的 学者 勤 学 读书 ， 是 我们 学习 的 榜样 。 我们 要 活到老 ， 学到老 ， 成为 有 学问 的 人 ， 为 社会 贡献 自己 的 才能 ， 为 下一代 的 未来 光明 的 前途 奉献 自己 的 青春 ， 才 不 辜负 先辈 的 教导 ， 成为 社会 上 有用 的 人 。,勤学读书,勤 / 学 / 读书,28,32,勤学读书,[],"[29, 30]","[29, 30]",[],"The prediction inserts an extra boundary inside the gold token [勤学读书], producing [勤 / 学 / 读书].",False,False,,1
542,P1,P1 Identical-character projection,under,但最使人想要做导游的原因是因为我非常和人交谈，从交谈中吸取新的知识。我认为互相交谈不但能够增加自己的朋友，也能够取得从书上从不能提供的知识。比如经验、外国的习俗习惯等等。,但最使我想要做导游的原因是我非常喜欢和人交谈，从交谈中吸取新的知识。我认为互相交谈不但能够增加自己的朋友，也能够取得书上不能提供的知识。比如经验、外国的习俗习惯等等。,但 最 使 人 想 要 做 导游 的 原因 是 因为 我 非常 和 人 交谈 ， 从 交谈 中 吸取 新 的 知识 。 我 认为 互相 交谈 不但 能够 增加 自己 的 朋友 ， 也 能够 取得 从 书 上 从 不 能 提供 的 知识 。 比如 经验 、 外国 的 习俗 习惯 等等 。,但 最 使 人 想 要 做 导游 的 原因 是 因为 我 非常 和 人 交谈 ， 从 交谈 中 吸取 新 的 知识 。 我 认为 互相 交谈 不但 能够 增加 自己 的 朋友 ， 也 能够 取得 从 书 上 从不 能 提供 的 知识 。 比如 经验 、 外国 的 习俗 习惯 等等 。,从 / 不,从不,61,63,从不,[62],[],[],[62],"The prediction misses the gold boundary between [从] and [不], merging them into [从不].",False,False,,1
548,P1,P1 Identical-character projection,over,总之，吸烟是不仅是对身体不好还会影响别人，所以如果以已经吸烟的人要吸烟时也不要在公共场所吸烟。如果还没吸烟的青少年请远离开烟。,总之，吸烟不仅对身体不好，还会影响别人。所以吸烟的人如果要吸烟，也不要在公共场所吸；如果是还没吸过烟的青少年，请远离香烟。,总之 ， 吸烟 是 不仅 是 对 身体 不好 还 会 影响 别人 ， 所以 如果 以 已经 吸烟 的 人 要 吸烟 时 也 不要 在 公共场所 吸烟 。 如果 还 没 吸烟 的 青少年 请 远离开 烟 。,总之 ， 吸烟 是 不仅 是 对 身体 不好 还 会 影响 别人 ， 所以 如果 以 已经 吸烟 的 人 要 吸烟 时 也 不要 在 公共场所 吸烟 。 如果 还 没 吸烟 的 青少年 请 远离 开 烟 。,远离开,远离 / 开,58,61,远离开,[],[60],[60],[],"The prediction inserts an extra boundary inside the gold token [远离开], producing [远离 / 开].",False,False,,1
550,P1,P1 Identical-character projection,under,我认为不挨饿比“绿色食品”重要。我想如果不用化肥和农药生产“绿色食品”的话，虽然对健康好，但是不够产量，很多人要挨饿了。,我认为不挨饿比“绿色食品”重要。我想如果不用化肥和农药生产“绿色食品”的话，虽然对健康好，但是产量不够，很多人要挨饿了。,我 认为 不 挨饿 比 “ 绿色 食品 ” 重要 。 我 想 如果 不 用 化肥 和 农药 生产 “ 绿色 食品 ” 的话 ， 虽然 对 健康 好 ， 但是 不 够 产量 ， 很多 人 要 挨饿 了 。,我 认为 不 挨饿 比 “ 绿色 食品 ” 重要 。 我 想 如果 不 用 化肥 和 农药 生产 “ 绿色 食品 ” 的话 ， 虽然 对 健康 好 ， 但是 不够 产量 ， 很多 人 要 挨饿 了 。,不 / 够,不够,47,49,不够,[48],[],[],[48],"The prediction misses the gold boundary between [不] and [够], merging them into [不够].",False,True,,1
554,P1,P1 Identical-character projection,over,我非常喜欢旅游，从小就根我爸妈去参观世界。到我离开出家以前，我们每年都去中国上海看看家庭。,我非常喜欢旅游，从小就跟我爸妈去游览世界。到我离开家以前，我们家庭每年都去中国上海看看。,我 非常 喜欢 旅游 ， 从小 就 根 我 爸妈 去 参观 世界 。 到 我 离开 出家 以前 ， 我们 每年 都 去 中国 上海 看看 家庭 。,我 非常 喜欢 旅游 ， 从小 就 根 我 爸 妈 去 参观 世界 。 到 我 离开 出家 以前 ， 我们 每年 都 去 中国 上海 看看 家庭 。,爸妈,爸 / 妈,13,15,爸妈,[],[14],[14],[],"The prediction inserts an extra boundary inside the gold token [爸妈], producing [爸 / 妈].",False,True,,1
560,P1,P1 Identical-character projection,over,当今最热门歌手，不说，喜欢流行歌曲的朋友来说多半是“周董”周杰伦，说到这位歌手有趣的“不清楚”歌法，是很喜费玉清而不喜欢流行歌曲的长辈们所厌恶。,当今最热门的歌手，不得不说，对喜欢流行歌曲的朋友来说多半是“周董”周杰伦。说到这位歌手，他有趣的“不清楚”的歌词受很多喜欢费玉清但不喜欢流行歌曲的长辈们厌恶。,当今 最 热门 歌手 ， 不说 ， 喜欢 流行 歌曲 的 朋友 来说 多半 是 “ 周董 ” 周杰伦 ， 说 到 这 位 歌手 有趣 的 “ 不 清楚 ” 歌法 ， 是 很 喜 费玉清 而 不 喜欢 流行 歌曲 的 长辈 们 所 厌恶 。,当今 最 热门 歌手 ， 不 说 ， 喜欢 流行 歌曲 的 朋友 来说 多半 是 “ 周董 ” 周杰伦 ， 说 到 这 位 歌手 有趣 的 “ 不 清楚 ” 歌法 ， 是 很 喜 费玉清 而 不 喜欢 流行 歌曲 的 长辈 们 所 厌恶 。,不说,不 / 说,8,10,不说,[],[9],[9],[],"The prediction inserts an extra boundary inside the gold token [不说], producing [不 / 说].",False,True,,1
568,P1,P1 Identical-character projection,over,我出生于在奥地利。高中毕业后我选只来到瑞士。对于奥地利人来说，出法语区的地方念大学，不是很正常。首于对于我来说，成尺年景后的事是去看世界。在日内瓦大学我宣告汉学系和阿拉拔语。,我出生在奥地利。高中毕业后我选择来到瑞士。对于奥地利人来说，去法语区念大学不是很常见。首先对于我来说，成年后的事是去看世界。在日内瓦大学我学习汉学和阿拉伯语。,我 出生 于 在 奥地利 。 高中 毕业 后 我 选只 来到 瑞士 。 对于 奥地利人 来说 ， 出 法语区 的 地方 念 大学 ， 不 是 很 正常 。 首于 对于 我 来说 ， 成 尺 年景 后 的 事 是 去 看 世界 。 在 日内瓦 大学 我 宣告 汉学系 和 阿拉拔语 。,我 出生 于 在 奥地利 。 高中 毕业 后 我 选 只 来到 瑞士 。 对于 奥地利人 来说 ， 出 法语区 的 地方 念 大学 ， 不 是 很 正常 。 首于 对于 我 来说 ， 成尺 年景 后 的 事 是 去 看 世界 。 在 日内瓦 大学 我 宣告 汉学系 和 阿拉拔语 。,选只,选 / 只,15,17,选只,[],[16],[16],[],"The prediction inserts an extra boundary inside the gold token [选只], producing [选 / 只].",False,False,,1
568,P1,P1 Identical-character projection,under,我出生于在奥地利。高中毕业后我选只来到瑞士。对于奥地利人来说，出法语区的地方念大学，不是很正常。首于对于我来说，成尺年景后的事是去看世界。在日内瓦大学我宣告汉学系和阿拉拔语。,我出生在奥地利。高中毕业后我选择来到瑞士。对于奥地利人来说，去法语区念大学不是很常见。首先对于我来说，成年后的事是去看世界。在日内瓦大学我学习汉学和阿拉伯语。,我 出生 于 在 奥地利 。 高中 毕业 后 我 选只 来到 瑞士 。 对于 奥地利人 来说 ， 出 法语区 的 地方 念 大学 ， 不 是 很 正常 。 首于 对于 我 来说 ， 成 尺 年景 后 的 事 是 去 看 世界 。 在 日内瓦 大学 我 宣告 汉学系 和 阿拉拔语 。,我 出生 于 在 奥地利 。 高中 毕业 后 我 选 只 来到 瑞士 。 对于 奥地利人 来说 ， 出 法语区 的 地方 念 大学 ， 不 是 很 正常 。 首于 对于 我 来说 ， 成尺 年景 后 的 事 是 去 看 世界 。 在 日内瓦 大学 我 宣告 汉学系 和 阿拉拔语 。,成 / 尺,成尺,56,58,成尺,[57],[],[],[57],"The prediction misses the gold boundary between [成] and [尺], merging them into [成尺].",False,False,,2
578,P1,P1 Identical-character projection,over,而且它再不能作售品卖了。,而且它再也不能作为售品卖了。,而且 它 再不能 作 售品 卖 了 。,而且 它 再 不 能 作 售品 卖 了 。,再不能,再 / 不 / 能,3,6,再不能,[],"[4, 5]","[4, 5]",[],"The prediction inserts an extra boundary inside the gold token [再不能], producing [再 / 不 / 能].",True,True,,1
584,P1,P1 Identical-character projection,over,目前在我国的流行歌曲越多越发展。差不多每个星期一两次举行流行歌曲会。,目前我国的流行歌曲发展的越来越多，差不多每个星期举行一两次流行歌曲会。,目前 在 我国 的 流行歌曲 越多越 发展 。 差不多 每个 星期 一两 次 举行 流行歌曲 会 。,目前 在 我国 的 流行歌曲 越 多 越 发展 。 差不多 每个 星期一两 次 举行 流行歌曲 会 。,越多越,越 / 多 / 越,10,13,越多越,[],"[11, 12]","[11, 12]",[],"The prediction inserts an extra boundary inside the gold token [越多越], producing [越 / 多 / 越].",False,True,,1
584,P1,P1 Identical-character projection,under,目前在我国的流行歌曲越多越发展。差不多每个星期一两次举行流行歌曲会。,目前我国的流行歌曲发展的越来越多，差不多每个星期举行一两次流行歌曲会。,目前 在 我国 的 流行歌曲 越多越 发展 。 差不多 每个 星期 一两 次 举行 流行歌曲 会 。,目前 在 我国 的 流行歌曲 越 多 越 发展 。 差不多 每个 星期一两 次 举行 流行歌曲 会 。,星期 / 一两,星期一两,21,25,星期一两,[23],[],[],[23],"The prediction misses the gold boundary between [星期] and [一两], merging them into [星期一两].",False,True,,2
586,P1,P1 Identical-character projection,over,我进来了。他们让我坐在椅了上然后开始了问我很多问题。,我进来了。他们让我坐在椅子上然后开始问我很多问题。,我 进来 了 。 他们 让 我 坐 在 椅了 上 然后 开始 了 问 我 很多 问题 。,我 进来 了 。 他们 让 我 坐 在 椅 了 上 然后 开始 了 问 我 很多 问题 。,椅了,椅 / 了,11,13,椅了,[],[12],[12],[],"The prediction inserts an extra boundary inside the gold token [椅了], producing [椅 / 了].",False,True,,1
592,P1,P1 Identical-character projection,over,在韩国早有在公共场所或路上随便抽烟的话就要罚款。一开始进行这措施时，很少人知道，但是，慢慢开始很多人都谁熟这一措施。,在韩国早有在公共场所或路上随便抽烟的话就要罚款的措施。一开始进行这措施时，很少人知道，但是，慢慢开始很多人都熟悉这一措施。,在 韩国 早 有 在 公共场所 或 路上 随便 抽烟 的话 就要 罚款 。 一 开始 进行 这 措施 时 ， 很 少 人 知道 ， 但是 ， 慢慢 开始 很多 人 都 谁熟 这 一 措施 。,在 韩国 早 有 在 公共场所 或 路上 随便 抽烟 的话 就要 罚款 。 一 开始 进行 这 措施 时 ， 很 少 人 知道 ， 但是 ， 慢慢 开始 很多 人 都 谁 熟 这 一 措施 。,谁熟,谁 / 熟,51,53,谁熟,[],[52],[52],[],"The prediction inserts an extra boundary inside the gold token [谁熟], producing [谁 / 熟].",False,True,,1
597,P1,P1 Identical-character projection,under,我认为愚公是一个英雄，因为没有超有超能力，以及成功的，由于他的毅力去实现他的目标超人。,我认为愚公是一个英雄，因为他没有超能力，然而他是成功的，由于他用毅力去实现了他的目标。,我 认为 愚公 是 一个 英雄 ， 因为 没有 超 有 超能力 ， 以及 成功 的 ， 由于 他 的 毅力 去 实现 他 的 目标 超人 。,我 认为 愚公 是 一个 英雄 ， 因为 没有 超有 超能力 ， 以及 成功 的 ， 由于 他 的 毅力 去 实现 他 的 目标 超人 。,超 / 有,超有,15,17,超有,[16],[],[],[16],"The prediction misses the gold boundary between [超] and [有], merging them into [超有].",False,True,,1
601,P1,P1 Identical-character projection,over,即使这项规定有可能造成一个争论，不过站在青少年的立场上考虑此项规定是件很好措施。这可能是一个新的起点，我想，今后这样措施陆续出台，把我们的周围，生活环境调整一下，给不吸烟的人带来一个良好的生活空间，给像我这样吸烟人带来一个放弃不吸烟的环境。,即使这项规定有可能造成一次争论，不过站在青少年的立场上考虑此项规定是件很好的措施。这可能是一个新的起点，我想，今后像这样的措施陆续出台，把我们周围的生活环境调整一下，给不吸烟的人带来一个良好的生活空间，给像我这样吸烟的人带来一个放弃吸烟的环境。,即使 这项 规定 有 可能 造成 一个 争论 ， 不过 站 在 青少年 的 立场 上 考虑 此 项 规定 是 件 很 好 措施 。 这 可能 是 一个 新 的 起点 ， 我 想 ， 今后 这样 措施 陆续 出台 ， 把 我们 的 周围 ， 生活 环境 调整 一下 ， 给 不 吸烟 的 人 带来 一个 良好 的 生活 空间 ， 给 像 我 这样 吸烟 人 带来 一个 放弃 不 吸烟 的 环境 。,即使 这 项 规定 有 可能 造成 一个 争论 ， 不过 站 在 青少年 的 立场 上 考虑 此 项 规定 是 件 很 好 措施 。 这 可能 是 一个 新 的 起点 ， 我 想 ， 今后 这样 措施 陆续 出台 ， 把 我们 的 周围 ， 生活 环境 调整 一下 ， 给 不 吸烟 的 人 带来 一个 良好 的 生活 空间 ， 给 像 我 这样 吸烟人 带来 一个 放弃 不 吸烟 的 环境 。,这项,这 / 项,2,4,这项,[],[3],[3],[],"The prediction inserts an extra boundary inside the gold token [这项], producing [这 / 项].",False,False,,1
601,P1,P1 Identical-character projection,under,即使这项规定有可能造成一个争论，不过站在青少年的立场上考虑此项规定是件很好措施。这可能是一个新的起点，我想，今后这样措施陆续出台，把我们的周围，生活环境调整一下，给不吸烟的人带来一个良好的生活空间，给像我这样吸烟人带来一个放弃不吸烟的环境。,即使这项规定有可能造成一次争论，不过站在青少年的立场上考虑此项规定是件很好的措施。这可能是一个新的起点，我想，今后像这样的措施陆续出台，把我们周围的生活环境调整一下，给不吸烟的人带来一个良好的生活空间，给像我这样吸烟的人带来一个放弃吸烟的环境。,即使 这项 规定 有 可能 造成 一个 争论 ， 不过 站 在 青少年 的 立场 上 考虑 此 项 规定 是 件 很 好 措施 。 这 可能 是 一个 新 的 起点 ， 我 想 ， 今后 这样 措施 陆续 出台 ， 把 我们 的 周围 ， 生活 环境 调整 一下 ， 给 不 吸烟 的 人 带来 一个 良好 的 生活 空间 ， 给 像 我 这样 吸烟 人 带来 一个 放弃 不 吸烟 的 环境 。,即使 这 项 规定 有 可能 造成 一个 争论 ， 不过 站 在 青少年 的 立场 上 考虑 此 项 规定 是 件 很 好 措施 。 这 可能 是 一个 新 的 起点 ， 我 想 ， 今后 这样 措施 陆续 出台 ， 把 我们 的 周围 ， 生活 环境 调整 一下 ， 给 不 吸烟 的 人 带来 一个 良好 的 生活 空间 ， 给 像 我 这样 吸烟人 带来 一个 放弃 不 吸烟 的 环境 。,吸烟 / 人,吸烟人,104,107,吸烟人,[106],[],[],[106],"The prediction misses the gold boundary between [吸烟] and [人], merging them into [吸烟人].",False,False,,2
602,P1,P1 Identical-character projection,over,北京的交通很挤，可是我一经对这个城市的环境很熟悉。我认为北京的天气不舒适，再说没有春天。我大学毕业一后要去中国工作。,北京的交通很拥挤，可是我已经对这个城市的环境很熟悉了。我认为北京的天气令人不舒适，而且没有春天。我大学毕业以后要去中国工作。,北京 的 交通 很 挤 ， 可是 我 一经 对 这个 城市 的 环境 很 熟悉 。 我 认为 北京 的 天气 不 舒适 ， 再说 没有 春天 。 我 大学 毕业 一后 要 去 中国 工作 。,北京 的 交通 很 挤 ， 可是 我 一经 对 这个 城市 的 环境 很 熟悉 。 我 认为 北京 的 天气 不 舒适 ， 再说 没有 春天 。 我 大学 毕业 一 后 要 去 中国 工作 。,一后,一 / 后,49,51,一后,[],[50],[50],[],"The prediction inserts an extra boundary inside the gold token [一后], producing [一 / 后].",False,True,,1
603,P1,P1 Identical-character projection,over,吸烟的时候，因为香烟的有害物质，肝、肺等器官容易变坏，如果多吸烟的话，会得严重的病。特别是青少年吸烟的话，他们会受得成长障碍。,吸烟的时候，因为香烟的有害物质，肝、肺等器官容易变坏，如果多吸烟的话，会得严重的病。特别是青少年吸烟的话，他们的成长会受到阻碍。,吸烟 的 时候 ， 因为 香烟 的 有害 物质 ， 肝 、 肺 等 器官 容易 变 坏 ， 如果 多 吸烟 的话 ， 会 得 严重 的 病 。 特别 是 青少年 吸烟 的话 ， 他们 会 受得 成长 障碍 。,吸烟 的 时候 ， 因为 香烟 的 有害 物质 ， 肝 、 肺 等 器官 容易 变 坏 ， 如果 多 吸烟 的话 ， 会 得 严重 的 病 。 特别 是 青少年 吸烟 的话 ， 他们 会 受 得 成长 障碍 。,受得,受 / 得,56,58,受得,[],[57],[57],[],"The prediction inserts an extra boundary inside the gold token [受得], producing [受 / 得].",False,False,,1
605,P1,P1 Identical-character projection,over,我很喜歡旅行，但是我不喜歡跟著旅行團旅行，因為我想要去。,我很喜欢旅行，但是我不喜欢跟着旅行团旅行，因为我想要自己去。,我 很 喜歡 旅行 ， 但是 我 不 喜歡 跟著 旅行團 旅行 ， 因為 我 想 要 去 。,我 很 喜歡 旅行 ， 但是 我 不 喜歡 跟 著 旅行團 旅行 ， 因為 我 想 要 去 。,跟著,跟 / 著,13,15,跟著,[],[14],[14],[],"The prediction inserts an extra boundary inside the gold token [跟著], producing [跟 / 著].",False,True,,1
609,P1,P1 Identical-character projection,over,有很多的一部分人，都在讲究自己食用的食品是不是绿色的。那当生活过的去的人，一定不会食用带有化学污染的食品来危害自己。,有很大的一部分人，都在讲究自己食用的食品是不是绿色的。那些生活过得去的人，一定不会食用带有化学污染的食品来危害自己。,有 很多 的 一部分 人 ， 都 在 讲究 自己 食用 的 食品 是 不 是 绿色 的 。 那当 生活 过的去 的 人 ， 一定 不 会 食用 带有 化学 污染 的 食品 来 危害 自己 。,有 很多 的 一部分 人 ， 都 在 讲究 自己 食用 的 食品 是 不 是 绿色 的 。 那 当 生活 过 的 去 的 人 ， 一定 不 会 食用 带有 化学 污染 的 食品 来 危害 自己 。,那当,那 / 当,27,29,那当,[],[28],[28],[],"The prediction inserts an extra boundary inside the gold token [那当], producing [那 / 当].",False,True,,1
609,P1,P1 Identical-character projection,over,有很多的一部分人，都在讲究自己食用的食品是不是绿色的。那当生活过的去的人，一定不会食用带有化学污染的食品来危害自己。,有很大的一部分人，都在讲究自己食用的食品是不是绿色的。那些生活过得去的人，一定不会食用带有化学污染的食品来危害自己。,有 很多 的 一部分 人 ， 都 在 讲究 自己 食用 的 食品 是 不 是 绿色 的 。 那当 生活 过的去 的 人 ， 一定 不 会 食用 带有 化学 污染 的 食品 来 危害 自己 。,有 很多 的 一部分 人 ， 都 在 讲究 自己 食用 的 食品 是 不 是 绿色 的 。 那 当 生活 过 的 去 的 人 ， 一定 不 会 食用 带有 化学 污染 的 食品 来 危害 自己 。,过的去,过 / 的 / 去,31,34,过的去,[],"[32, 33]","[32, 33]",[],"The prediction inserts an extra boundary inside the gold token [过的去], producing [过 / 的 / 去].",False,True,,2
612,P1,P1 Identical-character projection,over,最近，一些音乐评论家发表轻视流星歌曲的一些观点，有些人以致蔑视流行歌曲。,最近，一些音乐评论家发表轻视流行歌曲的一些观点，以致于有些人蔑视流行歌曲。,最近 ， 一些 音乐 评论家 发表 轻视 流星歌曲 的 一些 观点 ， 有些 人 以致 蔑视 流行歌曲 。,最近 ， 一些 音乐 评论家 发表 轻视 流星 歌曲 的 一些 观点 ， 有些 人 以致 蔑视 流行歌曲 。,流星歌曲,流星 / 歌曲,14,18,流星歌曲,[],[16],[16],[],"The prediction inserts an extra boundary inside the gold token [流星歌曲], producing [流星 / 歌曲].",False,True,,1
617,P1,P1 Identical-character projection,under,我觉得，这篇文章里政府出台的一项规定是将来对公众有利益的事情。,我觉得，这篇文章里政府出台的一项规定是将来对公众有利的事情。,我 觉得 ， 这 篇 文章 里 政府 出台 的 一 项 规定 是 将来 对 公众 有 利益 的 事情 。,我 觉得 ， 这 篇 文章 里 政府 出台 的 一 项 规定 是 将来 对 公众 有利益 的 事情 。,有 / 利益,有利益,24,27,有利益,[25],[],[],[25],"The prediction misses the gold boundary between [有] and [利益], merging them into [有利益].",False,False,,1
621,P1,P1 Identical-character projection,under,当然大家都盼望自己的小孩成才，所以在你们小时候就对他们的教育严阵以待和处处管教，虽说不是坏事，但也因此使小孩失去了不少童年该有的快乐回忆，所以在小孩的生活中，父母不仅仅是养育者的身份，也是在扮演着老师的责任，而人的一生绝大部分关键都是在儿童时产生，所以在孩子上学前父母就是孩子的第一任老师。,当然大家都盼望自己的小孩成才。所以你们在他们小时候就对他们的教育进行严抓并处处管教，虽说不是坏事，但也因此使小孩失去了不少童年该有的快乐回忆。所以在小孩的生活中，父母不仅仅是养育者的身份，也是在扮演着老师的角色。而人的一生绝大部分关键思想都是在儿童时产生的，所以在孩子上学前，父母就是孩子的第一任老师。,当然 大家 都 盼望 自己 的 小孩 成才 ， 所以 在 你们 小时候 就 对 他们 的 教育 严阵以待 和 处处 管教 ， 虽说 不 是 坏事 ， 但 也 因 此 使 小孩 失去 了 不少 童年 该 有 的 快乐 回忆 ， 所以 在 小孩 的 生活 中 ， 父母 不仅仅 是 养育者 的 身份 ， 也 是 在 扮演 着 老师 的 责任 ， 而 人 的 一生 绝大部分 关键 都 是 在 儿童 时 产生 ， 所以 在 孩子 上学 前 父母 就 是 孩子 的 第一 任 老师 。,当然 大家 都 盼望 自己 的 小孩 成才 ， 所以 在 你们 小时候 就 对 他们 的 教育 严阵以待 和 处处 管教 ， 虽说 不 是 坏事 ， 但 也 因此 使 小孩 失去 了 不少 童年 该 有 的 快乐 回忆 ， 所以 在 小孩 的 生活 中 ， 父母 不仅仅 是 养育者 的 身份 ， 也 是 在 扮演 着 老师 的 责任 ， 而 人 的 一生 绝大部分 关键 都 是 在 儿童 时 产生 ， 所以 在 孩子 上学 前 父母 就 是 孩子 的 第一 任 老师 。,因 / 此,因此,49,51,因此,[50],[],[],[50],"The prediction misses the gold boundary between [因] and [此], merging them into [因此].",False,False,,1
628,P1,P1 Identical-character projection,under,其实就按照我个人所经历过的学生时代来说吧，这男女分校好还是混合好倒是各有各的说法，赞成分校者谓说可以提防男女少年过于早熟早恋，甚至于“偷尝禁果”但个人认为多数实行分校制者实际上都是一些所谓比较“名牌”的学校因此为“名”而分者是更大的考量。,其实就按照我个人所经历过的学生时代来说吧，是男女分校好还是混合好倒是各有各的说法，赞成分校者认为分校可以提防男女少年过于早熟早恋，甚至“偷尝禁果”，但个人认为多数实行分校制者实际上都是一些所谓比较“名牌”的学校，“名”是更大的考量。,其实 就 按照 我 个人 所 经历 过 的 学生 时代 来说 吧 ， 这 男女 分校 好 还是 混合 好 倒是 各 有 各 的 说法 ， 赞成 分校 者 谓 说 可以 提防 男女 少年 过于 早熟 早恋 ， 甚至于 “ 偷尝 禁果 ” 但 个人 认为 多数 实行 分校制 者 实际上 都 是 一些 所谓 比较 “ 名牌 ” 的 学校 因此 为 “ 名 ” 而 分 者 是 更 大 的 考量 。,其实 就 按照 我 个人 所 经历 过 的 学生 时代 来说 吧 ， 这 男女 分校 好 还是 混合 好 倒是 各 有 各 的 说法 ， 赞成 分校 者 谓 说 可以 提防 男女 少年 过于 早熟 早恋 ， 甚至于 “ 偷尝 禁果 ” 但 个人 认为 多数 实行 分校制 者 实际上 都 是 一些 所谓 比较 “ 名牌 ” 的 学校 因此 为 “ 名 ” 而 分者 是 更 大 的 考量 。,分 / 者,分者,110,112,分者,[111],[],[],[111],"The prediction misses the gold boundary between [分] and [者], merging them into [分者].",False,False,,1
631,P1,P1 Identical-character projection,over,所以我少就不理他了。,所以我就不理他了。,所以 我 少就 不 理 他 了 。,所以 我 少 就 不 理 他 了 。,少就,少 / 就,3,5,少就,[],[4],[4],[],"The prediction inserts an extra boundary inside the gold token [少就], producing [少 / 就].",True,True,,1
636,P1,P1 Identical-character projection,over,我们小的时候，我们很喜欢在一起又比赛、又玩。我们在学校的操场常常打了网球、蓝球、排球，很有意思了。,我们小的时候，很喜欢在一起比赛、玩。我们常常在学校的操场打网球、篮球、排球，可有意思了。,我们 小 的 时候 ， 我们 很 喜欢 在 一起 又 比赛 、 又 玩 。 我们 在 学校 的 操场 常常 打 了 网球 、 蓝球 、 排球 ， 很 有意思 了 。,我们 小 的 时候 ， 我们 很 喜欢 在 一起 又 比赛 、 又 玩 。 我们 在 学校 的 操场 常常 打 了 网球 、 蓝 球 、 排球 ， 很 有意思 了 。,蓝球,蓝 / 球,37,39,蓝球,[],[38],[38],[],"The prediction inserts an extra boundary inside the gold token [蓝球], producing [蓝 / 球].",False,True,,1
647,P1,P1 Identical-character projection,drift,自古至今，男欢女爱，在东西方的眼中各有不同的看法。先说西方洋人喜欢追求浪漫、刺激的一见钟情，快熟式的恋爱方式，对我们中国人来说，可说是见怪不怪。,自古至今，男欢女爱，在东西方的眼中各有看法。先说西方洋人喜欢追求浪漫、刺激的一见钟情那样快餐式的恋爱方式，对我们中国人来说，可谓是见怪不怪。,自古至 今 ， 男 欢 女爱 ， 在 东西方 的 眼中 各 有 不同 的 看法 。 先 说 西方 洋人 喜欢 追求 浪漫 、 刺激 的 一见钟情 ， 快熟式 的 恋爱 方式 ， 对 我们 中国 人 来说 ， 可说 是 见怪不怪 。,自古至 今 ， 男 欢 女爱 ， 在 东西方 的 眼中 各 有 不同 的 看法 。 先 说 西方 洋人 喜欢 追求 浪漫 、 刺激 的 一见钟情 ， 快熟式 的 恋爱 方式 ， 对 我们 中国 人 来说 ， 可 说是 见怪不怪 。,可说 / 是,可 / 说是,64,67,可说是,[66],[65],[65],[66],"The prediction places a boundary at offset [65] instead of the gold offset [66], resulting in a shifted local segmentation.",False,True,,1
648,P1,P1 Identical-character projection,over,在海上船行的日子，我看了很多书，画画，观看船上的节且和其他活动。我和家人度过了绝妙的两周。,在海上航行的日子，我看了很多书、画画、观看船上的节目和其他活动。我和家人度过了绝妙的两周。,在 海上 船行 的 日子 ， 我 看 了 很多 书 ， 画画 ， 观看 船上 的 节且 和 其他 活动 。 我 和 家人 度过 了 绝妙 的 两 周 。,在 海上 船 行 的 日子 ， 我 看 了 很多 书 ， 画画 ， 观看 船上 的 节且 和 其他 活动 。 我 和 家人 度过 了 绝妙 的 两 周 。,船行,船 / 行,3,5,船行,[],[4],[4],[],"The prediction inserts an extra boundary inside the gold token [船行], producing [船 / 行].",False,True,,1
666,P1,P1 Identical-character projection,over,我朋友现在在泰国陆游。,我朋友现在在泰国旅游。,我 朋友 现在 在 泰国 陆游 。,我 朋友 现在 在 泰国 陆 游 。,陆游,陆 / 游,8,10,陆游,[],[9],[9],[],"The prediction inserts an extra boundary inside the gold token [陆游], producing [陆 / 游].",True,True,,1
679,P1,P1 Identical-character projection,under,我经常就把一本书带在身边，无论是在地铁里、公共汽车上，或是在飞机航途中，我都能随时打开手中的书，让自己漫游在书中的世界里。,我经常把一本书带在身边，无论是在地铁里、公共汽车上，还是在飞机航行途中，我都能随时打开手中的书，让自己漫游在书中的世界。,我 经常 就 把 一 本 书 带 在 身边 ， 无论是 在 地铁 里 、 公共 汽车 上 ， 或是 在 飞机 航 途 中 ， 我 都 能 随时 打开 手中 的 书 ， 让 自己 漫游 在 书 中 的 世界 里 。,我 经常 就 把 一 本 书 带 在 身边 ， 无论是 在 地铁 里 、 公共 汽车 上 ， 或是 在 飞机 航途中 ， 我 都 能 随时 打开 手中 的 书 ， 让 自己 漫游 在 书 中 的 世界 里 。,航 / 途 / 中,航途中,32,35,航途中,"[33, 34]",[],[],"[33, 34]","The prediction misses the gold boundary between [航] and [途], merging them into [航途中].",False,True,,1
683,P1,P1 Identical-character projection,over,但当时我的对抽烟的想法打负了这个诱惑。我是个网球迷，从十五岁的时候开始打的球。对一个运动爱好者来说管理自己的健康应该十二分重视，我的想法也是一样。后来过了十多年了，社会的对抽烟的观念也发展到一样的方向了。,但当时我对抽烟的想法打败了这个诱惑。我是个网球迷，从十五岁的时候开始打网球。一个运动爱好者对管理自己的健康应该十二分重视，我的想法也是这样。后来过了十多年了，社会上对抽烟的观念也发展到一样的方向了。,但 当时 我 的 对 抽烟 的 想法 打负 了 这个 诱惑 。 我 是 个 网球迷 ， 从 十五 岁 的 时候 开始 打 的 球 。 对 一个 运动 爱好者 来说 管理 自己 的 健康 应该 十二 分 重视 ， 我 的 想法 也 是 一样 。 后来 过 了 十 多 年 了 ， 社会 的 对 抽烟 的 观念 也 发展 到 一样 的 方向 了 。,但 当时 我 的 对 抽烟 的 想法 打 负 了 这个 诱惑 。 我 是 个 网球迷 ， 从 十五 岁 的 时候 开始 打 的 球 。 对 一个 运动 爱好者 来说 管理 自己 的 健康 应该 十二分 重视 ， 我 的 想法 也 是 一样 。 后来 过 了 十 多 年 了 ， 社会 的 对 抽烟 的 观念 也 发展 到 一样 的 方向 了 。,打负,打 / 负,11,13,打负,[],[12],[12],[],"The prediction inserts an extra boundary inside the gold token [打负], producing [打 / 负].",False,False,,1
683,P1,P1 Identical-character projection,under,但当时我的对抽烟的想法打负了这个诱惑。我是个网球迷，从十五岁的时候开始打的球。对一个运动爱好者来说管理自己的健康应该十二分重视，我的想法也是一样。后来过了十多年了，社会的对抽烟的观念也发展到一样的方向了。,但当时我对抽烟的想法打败了这个诱惑。我是个网球迷，从十五岁的时候开始打网球。一个运动爱好者对管理自己的健康应该十二分重视，我的想法也是这样。后来过了十多年了，社会上对抽烟的观念也发展到一样的方向了。,但 当时 我 的 对 抽烟 的 想法 打负 了 这个 诱惑 。 我 是 个 网球迷 ， 从 十五 岁 的 时候 开始 打 的 球 。 对 一个 运动 爱好者 来说 管理 自己 的 健康 应该 十二 分 重视 ， 我 的 想法 也 是 一样 。 后来 过 了 十 多 年 了 ， 社会 的 对 抽烟 的 观念 也 发展 到 一样 的 方向 了 。,但 当时 我 的 对 抽烟 的 想法 打 负 了 这个 诱惑 。 我 是 个 网球迷 ， 从 十五 岁 的 时候 开始 打 的 球 。 对 一个 运动 爱好者 来说 管理 自己 的 健康 应该 十二分 重视 ， 我 的 想法 也 是 一样 。 后来 过 了 十 多 年 了 ， 社会 的 对 抽烟 的 观念 也 发展 到 一样 的 方向 了 。,十二 / 分,十二分,58,61,十二分,[60],[],[],[60],"The prediction misses the gold boundary between [十二] and [分], merging them into [十二分].",False,False,,2
689,P1,P1 Identical-character projection,under,第二，人生中一定找个喜欢的运动。所以我从小开始去雪山滑滑雪，夏天的时候，去海岸游泳。这是我的爱好和喜欢的运动类。,第二，人生中一定要找个喜欢的运动。所以我从小开始去雪山滑雪，夏天的时候，去海岸游泳。这是我的爱好和喜欢的运动。,第二 ， 人生 中 一定 找 个 喜欢 的 运动 。 所以 我 从小 开始 去 雪山 滑滑雪 ， 夏天 的 时候 ， 去 海岸 游泳 。 这 是 我 的 爱好 和 喜欢 的 运动 类 。,第二 ， 人生 中 一定 找 个 喜欢 的 运动 。 所以 我 从小 开始 去 雪山 滑滑雪 ， 夏天 的 时候 ， 去 海岸 游泳 。 这 是 我 的 爱好 和 喜欢 的 运动类 。,运动 / 类,运动类,52,55,运动类,[54],[],[],[54],"The prediction misses the gold boundary between [运动] and [类], merging them into [运动类].",False,True,,1
701,P1,P1 Identical-character projection,over,刚刚看了一下题目，心里禁不出笑了出来，我仔细地思考，难道吸烟不影响身体的哪里呢？尤其是肺，其次是嗓子，皮肤，骨，儿童发育，算我是一个久年的吸烟狂的经验来看，自从我吸烟之后，没有一天是活力十足的。,刚刚看了一下题目，不禁笑出声来。我仔细地思考，吸烟对身体的哪里不影响呢？尤其是肺，其次是嗓子、皮肤、骨，尤其是儿童发育，依我一个九年的吸烟狂的经验来看，自从我吸烟之后，没有一天是活力十足的。,刚刚 看 了 一下 题目 ， 心里 禁不出 笑 了 出来 ， 我 仔细 地 思考 ， 难道 吸烟 不 影响 身体 的 哪里 呢 ？ 尤其 是 肺 ， 其次 是 嗓子 ， 皮肤 ， 骨 ， 儿童 发育 ， 算 我 是 一个 久年 的 吸烟狂 的 经验 来 看 ， 自从 我 吸烟 之后 ， 没有 一 天 是 活力 十足 的 。,刚刚 看 了 一下 题目 ， 心里 禁 不 出 笑 了 出来 ， 我 仔细 地 思考 ， 难道 吸烟 不 影响 身体 的 哪里 呢 ？ 尤其 是 肺 ， 其次 是 嗓子 ， 皮肤 ， 骨 ， 儿童 发育 ， 算 我 是 一个 久年 的 吸烟狂 的 经验 来 看 ， 自从 我 吸烟 之后 ， 没有 一 天 是 活力 十足 的 。,禁不出,禁 / 不 / 出,11,14,禁不出,[],"[12, 13]","[12, 13]",[],"The prediction inserts an extra boundary inside the gold token [禁不出], producing [禁 / 不 / 出].",False,False,,1
708,P1,P1 Identical-character projection,under,根据科学家的研究，吸烟给身体会带来坏处，还有对社会公众利益也带来了伤害。,根据科学家的研究，吸烟会给身体带来坏处，还有给社会公众利益也带来了伤害。,根据 科学家 的 研究 ， 吸烟 给 身体 会 带来 坏处 ， 还有 对 社会 公众 利益 也 带来 了 伤害 。,根据 科学家 的 研究 ， 吸烟 给 身体会 带来 坏处 ， 还有 对 社会 公众 利益 也 带来 了 伤害 。,身体 / 会,身体会,12,15,身体会,[14],[],[],[14],"The prediction misses the gold boundary between [身体] and [会], merging them into [身体会].",False,False,,1
715,P1,P1 Identical-character projection,under,我觉得中国人的生活习惯一定是好的：他们爱吃菜，豆腐，不太爱吃肥肉等等。他们也爱作运动。大家都在公场一起联系。这个当然是好习惯。,我觉得中国人的生活习惯一定是好的，比如他们爱吃菜，豆腐，不太爱吃肥肉等等。他们也爱运动，大家都在公共场合一起练习。这些当然都是好习惯。,我 觉得 中国 人 的 生活 习惯 一定 是 好 的 ： 他们 爱 吃 菜 ， 豆腐 ， 不 太 爱 吃 肥肉 等等 。 他们 也 爱 作 运动 。 大家 都 在 公 场 一起 联系 。 这个 当然 是 好 习惯 。,我 觉得 中国 人 的 生活 习惯 一定 是 好 的 ： 他们 爱 吃 菜 ， 豆腐 ， 不 太 爱 吃 肥肉 等等 。 他们 也 爱 作 运动 。 大家 都 在 公场 一起 联系 。 这个 当然 是 好 习惯 。,公 / 场,公场,47,49,公场,[48],[],[],[48],"The prediction misses the gold boundary between [公] and [场], merging them into [公场].",False,True,,1
722,P1,P1 Identical-character projection,under,在欧州，人们第一次抽烟是在西班牙开始的，他们从美国拿回来。从十六世纪开始，欧州人就抽烟。开始的时候只有有钱人可以抽，因为是奢侈品。开始时大多数男人抽烟，然后女人都抽。抽烟成为每天的必须品，有些人要每个小时出去抽，有些更多。,在欧洲，人们第一次抽烟是从西班牙开始的，他们从美国拿回来烟。从十六世纪开始，欧洲人就抽烟。开始的时候只有有钱人可以抽，因为是奢侈品。开始时是大多数男人抽烟，然后女人也抽。香烟成为每天的必需品，有些人要每个小时都出去抽，有些更多。,在 欧州 ， 人们 第一 次 抽烟 是 在 西班牙 开始 的 ， 他们 从 美国 拿 回来 。 从 十六 世纪 开始 ， 欧州 人 就 抽烟 。 开始 的 时候 只有 有钱 人 可以 抽 ， 因为 是 奢侈品 。 开始 时 大多数 男人 抽烟 ， 然后 女人 都 抽 。 抽烟 成为 每天 的 必须品 ， 有些 人 要 每个 小时 出去 抽 ， 有些 更 多 。,在 欧州 ， 人们 第一 次 抽烟 是 在 西班牙 开始 的 ， 他们 从 美国 拿 回来 。 从 十六 世纪 开始 ， 欧州人 就 抽烟 。 开始 的 时候 只有 有钱 人 可以 抽 ， 因为 是 奢侈品 。 开始 时 大多数 男人 抽烟 ， 然后 女人 都 抽 。 抽烟 成为 每天 的 必须品 ， 有些 人 要 每个 小时 出去 抽 ， 有些 更 多 。,欧州 / 人,欧州人,37,40,欧州人,[39],[],[],[39],"The prediction misses the gold boundary between [欧州] and [人], merging them into [欧州人].",False,False,,1
731,P1,P1 Identical-character projection,under,而且，污染的农产品也可以用各种方法来减少对身体的危害，比如说，蔬菜呢，炒着吃不要吃生的，要是吃生的话，吃葡萄酒。,而且，对于被污染的农产品也可以用各种方法来减少其对身体的危害，比如说，蔬菜呢，炒着吃不要吃生的，要是生吃的话，先喝葡萄酒。,而且 ， 污染 的 农产品 也 可以 用 各种 方法 来 减少 对 身体 的 危害 ， 比如说 ， 蔬菜 呢 ， 炒 着 吃 不要 吃 生 的 ， 要是 吃 生 的话 ， 吃 葡萄酒 。,而且 ， 污染 的 农产品 也 可以 用 各种 方法 来 减少 对 身体 的 危害 ， 比如说 ， 蔬菜 呢 ， 炒 着 吃 不要 吃 生 的 ， 要是 吃生 的话 ， 吃 葡萄酒 。,吃 / 生,吃生,46,48,吃生,[47],[],[],[47],"The prediction misses the gold boundary between [吃] and [生], merging them into [吃生].",False,True,,1
732,P1,P1 Identical-character projection,over,虽然政策中保护环境是一条特别重要的问题，每个人都下可以随便帮助保护环境。随着科技的发展和社会的进步，许多人类活动越来越给环境造成在量的污染，这样也造成气候的变化。如果我们都要不但防治环境恶化，而且保护自己。,虽然政策中保护环境是一个特别重要的内容，每个人都不可以随便帮助保护环境。随着科技的发展和社会的进步，许多人类活动越来越给环境带来大量的污染，这样也造成气候的变化。我们都要防治环境恶化，并且保护自己。,虽然 政策 中 保护 环境 是 一 条 特别 重要 的 问题 ， 每个 人 都 下 可以 随便 帮助 保护 环境 。 随着 科技 的 发展 和 社会 的 进步 ， 许多 人类 活动 越来越 给 环境 造成 在量 的 污染 ， 这样 也 造成 气候 的 变化 。 如果 我们 都 要 不但 防治 环境 恶化 ， 而且 保护 自己 。,虽然 政策 中 保护 环境 是 一 条 特别 重要 的 问题 ， 每个 人 都 下 可以 随便 帮助 保护 环境 。 随着 科技 的 发展 和 社会 的 进步 ， 许多 人类 活动 越来越 给 环境 造成 在 量 的 污染 ， 这样 也 造成 气候 的 变化 。 如果 我们 都 要 不但 防治 环境 恶化 ， 而且 保护 自己 。,在量,在 / 量,64,66,在量,[],[65],[65],[],"The prediction inserts an extra boundary inside the gold token [在量], producing [在 / 量].",False,False,,1
733,P1,P1 Identical-character projection,under,一般上通过介绍人介绍的异性多数会是害羞型且工作忙碌的一群，这批人多数有学问的基础他们的学历也高，又有经济基础，只要有足够的时间培养彼此的情趣，又能进一步去认识对方的品性修养、处世待人和嗜好，跟他们进一步的了解，你就能发现这样的异性是否适合你的要求标准。,一般通过介绍人介绍的异性多数会是害羞型且工作忙碌的一群人，这批人多数有学问的基础，他们的学历也高，又有经济基础，只要有足够的时间培养彼此的情趣，就能进一步去认识对方的品性修养、处世待人和嗜好，跟他们进一步地了解，你就能发现这样的异性是否适合你的要求标准。,一般 上 通过 介绍人 介绍 的 异性 多数 会 是 害羞型 且 工作 忙碌 的 一 群 ， 这 批 人 多数 有 学问 的 基础 他们 的 学历 也 高 ， 又 有 经济基础 ， 只要 有 足够 的 时间 培养 彼此 的 情趣 ， 又 能 进一步 去 认识 对方 的 品性 修养 、 处世 待人 和 嗜好 ， 跟 他们 进一步 的 了解 ， 你 就 能 发现 这样 的 异性 是否 适合 你 的 要求 标准 。,一般上 通过 介绍人 介绍 的 异性 多数 会 是 害羞型 且 工作 忙碌 的 一 群 ， 这 批 人 多数 有 学问 的 基础 他们 的 学历 也 高 ， 又 有 经济基础 ， 只要 有 足够 的 时间 培养 彼此 的 情趣 ， 又 能 进一步 去 认识 对方 的 品性 修养 、 处世 待人 和 嗜好 ， 跟 他们 进一步 的 了解 ， 你 就 能 发现 这样 的 异性 是否 适合 你 的 要求 标准 。,一般 / 上,一般上,0,3,一般上,[2],[],[],[2],"The prediction misses the gold boundary between [一般] and [上], merging them into [一般上].",False,False,,1
736,P1,P1 Identical-character projection,over,就是说，这里，各课有tutorial。,就是说，这里各科都有tutorial。,就是说 ， 这里 ， 各课 有 tutorial 。,就是说 ， 这里 ， 各 课 有 tutorial 。,各课,各 / 课,7,9,各课,[],[8],[8],[],"The prediction inserts an extra boundary inside the gold token [各课], producing [各 / 课].",True,True,,1
740,P1,P1 Identical-character projection,over,比如说中老年人大概是从30到50阶层的人们，青少年看他们抽烟，引起自己的好奇，后来试抽一次，再抽一次，已经瘾上了。,比如说中老年人大概是从30到50岁的人们，青少年看他们抽烟，引起了自己的好奇，后来试抽一次，再抽一次，就上瘾了。,比如说 中老年人 大概 是 从 30 到 50 阶层 的 人们 ， 青少年 看 他们 抽烟 ， 引起 自己 的 好奇 ， 后来 试 抽 一 次 ， 再 抽 一 次 ， 已经 瘾上 了 。,比如说 中老年人 大概 是 从 30 到 50 阶层 的 人们 ， 青少年 看 他们 抽烟 ， 引起 自己 的 好奇 ， 后来 试 抽 一 次 ， 再 抽 一 次 ， 已经 瘾 上 了 。,瘾上,瘾 / 上,53,55,瘾上,[],[54],[54],[],"The prediction inserts an extra boundary inside the gold token [瘾上], producing [瘾 / 上].",False,True,,1
743,P1,P1 Identical-character projection,over,他们作曲家变成一个糊糊涂涂的傻瓜，怎么办？在剑桥他们还认识别外一个朋友，叫吉尔，会弹吉他，就让他替德克。,他们的作曲家变成一个糊里糊涂的傻瓜，怎么办？在剑桥他们还认识另外一个朋友，叫吉尔，会弹吉他，就让他代替德克。,他们 作曲家 变成 一个 糊糊涂涂 的 傻瓜 ， 怎么办 ？ 在 剑桥 他们 还 认识 别外 一个 朋友 ， 叫 吉尔 ， 会 弹 吉他 ， 就 让 他 替 德克 。,他们 作曲家 变成 一个 糊糊涂涂 的 傻瓜 ， 怎么办 ？ 在 剑桥 他们 还 认识 别 外 一个 朋友 ， 叫 吉尔 ， 会 弹 吉他 ， 就 让 他 替 德克 。,别外,别 / 外,29,31,别外,[],[30],[30],[],"The prediction inserts an extra boundary inside the gold token [别外], producing [别 / 外].",False,True,,1
745,P1,P1 Identical-character projection,under,上菜的時候，一般先上涼菜，然后上热菜。上菜来以后，一般先要等最重要的或者年纪最大的客人开始吃，其他人才能跟着吃。后来，主人会鼓励客人们吃到饱，常常会说”多吃点”，”慢慢吃”等等。,上菜的时候，一般先上凉菜，然后上热菜。上菜了以后，一般要先等最重要的或者年纪最大的人开始吃，其他人才能跟着吃。而后，主人会鼓励客人们吃到饱，常常会说“多吃点”、“慢慢吃”等等。,上 菜 的 時候 ， 一般 先 上 涼 菜 ， 然后 上 热 菜 。 上 菜 来 以后 ， 一般 先 要 等 最 重要 的 或者 年纪 最 大 的 客人 开始 吃 ， 其他 人 才 能 跟着 吃 。 后来 ， 主人 会 鼓励 客人 们 吃 到 饱 ， 常常 会 说 ” 多 吃 点 ” ， ” 慢慢 吃 ” 等等 。,上 菜 的 時候 ， 一般 先 上 涼菜 ， 然后 上 热 菜 。 上 菜 来 以后 ， 一般 先 要 等 最 重要 的 或者 年纪 最 大 的 客人 开始 吃 ， 其他 人 才 能 跟着 吃 。 后来 ， 主人 会 鼓励 客人 们 吃 到 饱 ， 常常 会 说 ” 多 吃 点 ” ， ” 慢慢 吃 ” 等等 。,涼 / 菜,涼菜,10,12,涼菜,[11],[],[],[11],"The prediction misses the gold boundary between [涼] and [菜], merging them into [涼菜].",False,False,,1
752,P1,P1 Identical-character projection,under,现在日本国家制提了更加对烟的税金。虽然日本国家要钱而且为国民的身体健的规律，可是买到烟的人越来越多着呢。,现在日本提高了对烟的税金。虽然日本要钱而且也是为了国民的身体健康，可是买烟的人却越来越多。,现在 日本 国家 制 提 了 更加 对 烟 的 税金 。 虽然 日本 国家 要 钱 而且 为 国民 的 身体 健 的 规律 ， 可是 买 到 烟 的 人 越来越 多 着 呢 。,现在 日本 国家 制提 了 更加 对 烟 的 税金 。 虽然 日本 国家 要 钱 而且 为 国民 的 身体 健 的 规律 ， 可是 买 到 烟 的 人 越来越 多 着 呢 。,制 / 提,制提,6,8,制提,[7],[],[],[7],"The prediction misses the gold boundary between [制] and [提], merging them into [制提].",False,False,,1
766,P1,P1 Identical-character projection,over,毕业以后，我打算继续读硕士。我的同学多部分都上大学了：有的学法律，有的学电脑，还有的学心理学。只有我学语言。,毕业以后，我打算继续读硕士。我的同学大部分都上大学了：有的学法律，有的学电脑，还有的学心理学，只有我学语言。,毕业 以后 ， 我 打算 继续 读 硕士 。 我 的 同学 多部分 都 上 大学 了 ： 有的 学 法律 ， 有的 学 电脑 ， 还有 的 学 心理学 。 只有 我 学 语言 。,毕业 以后 ， 我 打算 继续 读 硕士 。 我 的 同学 多 部分 都 上 大学 了 ： 有的 学 法律 ， 有的 学 电脑 ， 还有 的 学 心理学 。 只有 我 学 语言 。,多部分,多 / 部分,18,21,多部分,[],[19],[19],[],"The prediction inserts an extra boundary inside the gold token [多部分], producing [多 / 部分].",False,True,,1
772,P1,P1 Identical-character projection,over,阅读也要按照自己的学历来进行，也不可凭着一时的兴趣而阅读一些水平太高，而不适合自己的书籍。最好先选一些容易理解的书来看，往后才慢慢提升。这样才会有效，我平人有一些见解是：阅读不在以快，而重点在于阅读以后所获得的效果。,阅读也要按照自己的学历来进行，不可凭着一时的兴趣而阅读一些水平太高而不适合自己的书籍。最好先选一些容易理解的书来看，往后再慢慢提升书籍的难度，这样阅读才会有效。我个人的一些见解是：阅读不在于快，重点在于阅读以后所获得的效果。,阅读 也 要 按照 自己 的 学历 来 进行 ， 也 不可 凭着 一时 的 兴趣 而 阅读 一些 水平 太 高 ， 而 不 适合 自己 的 书籍 。 最好 先 选 一些 容易 理解 的 书 来 看 ， 往后 才 慢慢 提升 。 这样 才 会 有效 ， 我 平人 有 一些 见解 是 ： 阅读 不 在以 快 ， 而 重点 在于 阅读 以后 所 获得 的 效果 。,阅读 也 要 按照 自己 的 学历 来 进行 ， 也 不可 凭着 一时 的 兴趣 而 阅读 一些 水平 太 高 ， 而 不 适合 自己 的 书籍 。 最好 先 选 一些 容易 理解 的 书 来 看 ， 往后 才 慢慢 提升 。 这样 才 会 有效 ， 我 平人 有 一些 见解 是 ： 阅读 不 在 以 快 ， 而 重点 在于 阅读 以后 所 获得 的 效果 。,在以,在 / 以,88,90,在以,[],[89],[89],[],"The prediction inserts an extra boundary inside the gold token [在以], producing [在 / 以].",False,False,,1
776,P1,P1 Identical-character projection,under,她们在男的教师面前旁若无人地谈到月经的情况等话题，甚至在教室里卫生巾飞往飞来！我在大学生活中看到有的女同学还没脱出高中时代的这种习惯。我认为女的还是最好保持一些害羞的感觉，据说中国的大部分家长认为男女分班教育可以避免学生早恋，但我这不一定。混合教育也晚恋的人是晚恋，分班教育也早恋的学生是早恋。那为什么特地要用男女分班教育？,她们在男的教师面前旁若无人地谈到月经的情况等话题，甚至让卫生巾在教室里飞来飞去！我在大学生活中看到有的女同学还没改掉高中时代的这种习惯。我认为女的最好还是保持一些害羞的感觉，据说中国的大部分家长认为男女分班教育可以避免学生早恋，但我认为这不一定。混合教育也有晚恋的人，分班教育也有早恋的学生。那为什么还特地要用男女分班教育？,她们 在 男 的 教师 面前 旁若无人 地 谈 到 月经 的 情况 等 话题 ， 甚至 在 教室 里 卫生巾 飞往 飞来 ！ 我 在 大学 生活 中 看到 有的 女 同学 还 没 脱 出 高中 时代 的 这种 习惯 。 我 认为 女 的 还是 最 好 保持 一些 害羞 的 感觉 ， 据说 中国 的 大部分 家长 认为 男女 分 班 教育 可以 避免 学生 早恋 ， 但 我 这 不 一定 。 混合 教育 也 晚恋 的 人 是 晚恋 ， 分 班 教育 也 早恋 的 学生 是 早恋 。 那 为什么 特地 要 用 男女 分 班 教育 ？,她们 在 男 的 教师 面前 旁若无人 地 谈 到 月经 的 情况 等 话题 ， 甚至 在 教室 里 卫生巾 飞往 飞来 ！ 我 在 大学 生活 中 看到 有的 女 同学 还 没 脱出 高中 时代 的 这种 习惯 。 我 认为 女 的 还是 最好 保持 一些 害羞 的 感觉 ， 据说 中国 的 大部分 家长 认为 男女 分 班 教育 可以 避免 学生 早恋 ， 但 我 这 不 一定 。 混合 教育 也 晚恋 的 人 是 晚恋 ， 分 班 教育 也 早恋 的 学生 是 早恋 。 那 为什么 特地 要 用 男女 分 班 教育 ？,脱 / 出,脱出,55,57,脱出,[56],[],[],[56],"The prediction misses the gold boundary between [脱] and [出], merging them into [脱出].",False,False,,1
776,P1,P1 Identical-character projection,under,她们在男的教师面前旁若无人地谈到月经的情况等话题，甚至在教室里卫生巾飞往飞来！我在大学生活中看到有的女同学还没脱出高中时代的这种习惯。我认为女的还是最好保持一些害羞的感觉，据说中国的大部分家长认为男女分班教育可以避免学生早恋，但我这不一定。混合教育也晚恋的人是晚恋，分班教育也早恋的学生是早恋。那为什么特地要用男女分班教育？,她们在男的教师面前旁若无人地谈到月经的情况等话题，甚至让卫生巾在教室里飞来飞去！我在大学生活中看到有的女同学还没改掉高中时代的这种习惯。我认为女的最好还是保持一些害羞的感觉，据说中国的大部分家长认为男女分班教育可以避免学生早恋，但我认为这不一定。混合教育也有晚恋的人，分班教育也有早恋的学生。那为什么还特地要用男女分班教育？,她们 在 男 的 教师 面前 旁若无人 地 谈 到 月经 的 情况 等 话题 ， 甚至 在 教室 里 卫生巾 飞往 飞来 ！ 我 在 大学 生活 中 看到 有的 女 同学 还 没 脱 出 高中 时代 的 这种 习惯 。 我 认为 女 的 还是 最 好 保持 一些 害羞 的 感觉 ， 据说 中国 的 大部分 家长 认为 男女 分 班 教育 可以 避免 学生 早恋 ， 但 我 这 不 一定 。 混合 教育 也 晚恋 的 人 是 晚恋 ， 分 班 教育 也 早恋 的 学生 是 早恋 。 那 为什么 特地 要 用 男女 分 班 教育 ？,她们 在 男 的 教师 面前 旁若无人 地 谈 到 月经 的 情况 等 话题 ， 甚至 在 教室 里 卫生巾 飞往 飞来 ！ 我 在 大学 生活 中 看到 有的 女 同学 还 没 脱出 高中 时代 的 这种 习惯 。 我 认为 女 的 还是 最好 保持 一些 害羞 的 感觉 ， 据说 中国 的 大部分 家长 认为 男女 分 班 教育 可以 避免 学生 早恋 ， 但 我 这 不 一定 。 混合 教育 也 晚恋 的 人 是 晚恋 ， 分 班 教育 也 早恋 的 学生 是 早恋 。 那 为什么 特地 要 用 男女 分 班 教育 ？,最 / 好,最好,74,76,最好,[75],[],[],[75],"The prediction misses the gold boundary between [最] and [好], merging them into [最好].",False,False,,2
795,P1,P1 Identical-character projection,over,还有非声明的一点就是本人与许多家旅游公司、新加坡航空公司及几家租车行有连络往外，关系也相当密切，相信这对于我在贵旅行公司工作，必定会带来许多方便，也能与这些公司谈在本区域，甚至国外的合作。,还有要声明的一点就是本人与许多家旅游公司、新加坡航空公司及几家租车行有联络往来，关系也相当密切，相信这对于我在贵旅行公司工作，必定会带来许多方便，我也能与这些公司谈在本区域，甚至国外的合作。,还有 非 声明 的 一 点 就是 本人 与 许多 家 旅游 公司 、 新加坡 航空 公司 及 几 家 租车行 有 连络 往外 ， 关系 也 相当 密切 ， 相信 这 对于 我 在 贵 旅行 公司 工作 ， 必定 会 带来 许多 方便 ， 也 能 与 这些 公司 谈 在 本 区域 ， 甚至 国外 的 合作 。,还有 非 声明 的 一 点 就是 本人 与 许多 家 旅游 公司 、 新加坡 航空 公司 及 几 家 租车行 有 连络 往 外 ， 关系 也 相当 密切 ， 相信 这 对于 我 在 贵 旅行 公司 工作 ， 必定 会 带来 许多 方便 ， 也 能 与 这些 公司 谈 在 本 区域 ， 甚至 国外 的 合作 。,往外,往 / 外,37,39,往外,[],[38],[38],[],"The prediction inserts an extra boundary inside the gold token [往外], producing [往 / 外].",False,False,,1
805,P1,P1 Identical-character projection,over,我们从三个星期起是同屋。那时候他知道了我要换房子，因为我的租金太高。所以他请了我来跟他一起住以便分配租金。我觉得他很殷勤。,我们从三个星期前开始同居。那时候他知道我要换房子，因为我的租金太高。所以他请了我来跟他一起住以便分担租金。我觉得他很善良。,我们 从 三 个 星期 起 是 同屋 。 那时候 他 知道 了 我 要 换 房子 ， 因为 我 的 租金 太 高 。 所以 他 请 了 我 来 跟 他 一起 住 以便 分配 租金 。 我 觉得 他 很 殷勤 。,我们 从 三 个 星期 起 是 同 屋 。 那时候 他 知道 了 我 要 换 房子 ， 因为 我 的 租金 太 高 。 所以 他 请 了 我 来 跟 他 一起 住 以便 分配 租金 。 我 觉得 他 很 殷勤 。,同屋,同 / 屋,9,11,同屋,[],[10],[10],[],"The prediction inserts an extra boundary inside the gold token [同屋], producing [同 / 屋].",False,True,,1
815,P1,P1 Identical-character projection,over,有人说：如杲我们现在不注意生态的问题，没有回收资源，也没有保护环境，我们的孩子将来就没有好的居住环境。,有人说：如果我们现在不注意生态的问题，没有回收资源，也没有保护环境，我们的孩子将来就没有好的居住环境。,有人 说 ： 如杲 我们 现在 不 注意 生态 的 问题 ， 没有 回收 资源 ， 也 没有 保护 环境 ， 我们 的 孩子 将来 就 没有 好 的 居住 环境 。,有人 说 ： 如 杲 我们 现在 不 注意 生态 的 问题 ， 没有 回收 资源 ， 也 没有 保护 环境 ， 我们 的 孩子 将来 就 没有 好 的 居住 环境 。,如杲,如 / 杲,4,6,如杲,[],[5],[5],[],"The prediction inserts an extra boundary inside the gold token [如杲], producing [如 / 杲].",False,True,,1
818,P1,P1 Identical-character projection,over,但中学生男女分班教育的话，要是有对异性的感情过多的学生的话，他或者她弄发生问题的可能性越强烈越大。再说，如果男女分班，如果在上下课时或者其它的机会认识异性学生的机会可能有很多，不会避免学生早恋这种问题。总之，为了避免这种问题，就采用男女分班这样容易的方法绝不解决根本上的问题。,如果实行中学生男女分班教育，要是有对异性感情过多的学生的话，他或者她发生问题的可能性就很大。再说，如果男女分班，那么在上下课时或者其它的场合认识异性学生的机会也有很多，这样就不能避免学生早恋的问题。总之，为了避免这些问题，采用男女分班这样容易的方法是不能从根本上解决问题的。,但 中学生 男女 分 班 教育 的话 ， 要是 有 对 异性 的 感情 过 多 的 学生 的话 ， 他 或者 她 弄 发生 问题 的 可能性 越 强烈 越 大 。 再说 ， 如果 男女 分 班 ， 如果 在 上下课 时 或者 其它 的 机会 认识 异性 学生 的 机会 可能 有 很 多 ， 不 会 避免 学生 早恋 这种 问题 。 总之 ， 为了 避免 这种 问题 ， 就 采用 男女 分 班 这样 容易 的 方法 绝不 解决 根本 上 的 问题 。,但 中学生 男女 分 班 教育 的 话 ， 要是 有 对 异性 的 感情 过 多 的 学生 的话 ， 他 或者 她 弄 发生 问题 的 可能性 越 强烈 越 大 。 再说 ， 如果 男女 分 班 ， 如果 在 上下课 时 或者 其它 的 机会 认识 异性 学生 的 机会 可能 有 很多 ， 不 会 避免 学生 早恋 这种 问题 。 总之 ， 为了 避免 这种 问题 ， 就 采用 男女 分 班 这样 容易 的 方法 绝不 解决 根本 上 的 问题 。,的话,的 / 话,10,12,的话,[],[11],[11],[],"The prediction inserts an extra boundary inside the gold token [的话], producing [的 / 话].",False,False,,1
818,P1,P1 Identical-character projection,under,但中学生男女分班教育的话，要是有对异性的感情过多的学生的话，他或者她弄发生问题的可能性越强烈越大。再说，如果男女分班，如果在上下课时或者其它的机会认识异性学生的机会可能有很多，不会避免学生早恋这种问题。总之，为了避免这种问题，就采用男女分班这样容易的方法绝不解决根本上的问题。,如果实行中学生男女分班教育，要是有对异性感情过多的学生的话，他或者她发生问题的可能性就很大。再说，如果男女分班，那么在上下课时或者其它的场合认识异性学生的机会也有很多，这样就不能避免学生早恋的问题。总之，为了避免这些问题，采用男女分班这样容易的方法是不能从根本上解决问题的。,但 中学生 男女 分 班 教育 的话 ， 要是 有 对 异性 的 感情 过 多 的 学生 的话 ， 他 或者 她 弄 发生 问题 的 可能性 越 强烈 越 大 。 再说 ， 如果 男女 分 班 ， 如果 在 上下课 时 或者 其它 的 机会 认识 异性 学生 的 机会 可能 有 很 多 ， 不 会 避免 学生 早恋 这种 问题 。 总之 ， 为了 避免 这种 问题 ， 就 采用 男女 分 班 这样 容易 的 方法 绝不 解决 根本 上 的 问题 。,但 中学生 男女 分 班 教育 的 话 ， 要是 有 对 异性 的 感情 过 多 的 学生 的话 ， 他 或者 她 弄 发生 问题 的 可能性 越 强烈 越 大 。 再说 ， 如果 男女 分 班 ， 如果 在 上下课 时 或者 其它 的 机会 认识 异性 学生 的 机会 可能 有 很多 ， 不 会 避免 学生 早恋 这种 问题 。 总之 ， 为了 避免 这种 问题 ， 就 采用 男女 分 班 这样 容易 的 方法 绝不 解决 根本 上 的 问题 。,很 / 多,很多,85,87,很多,[86],[],[],[86],"The prediction misses the gold boundary between [很] and [多], merging them into [很多].",False,False,,2
827,P1,P1 Identical-character projection,over,但吸烟是很久以前到令传来的一种爱好。所以找一日然后对吸烟人说不能吸烟，这是不能做的事情。,但吸烟是很久以前传到现在的一种爱好。所以找一日然后对吸烟人说不能吸烟，这是不能做的事情。,但 吸烟 是 很 久 以前 到令 传来 的 一 种 爱好 。 所以 找 一 日 然后 对 吸烟人 说 不能 吸烟 ， 这 是 不 能 做 的 事情 。,但 吸烟 是 很 久 以前 到 令 传来 的 一 种 爱好 。 所以 找 一 日 然后 对 吸烟人 说 不能 吸烟 ， 这 是 不 能 做 的 事情 。,到令,到 / 令,8,10,到令,[],[9],[9],[],"The prediction inserts an extra boundary inside the gold token [到令], producing [到 / 令].",False,False,,1
834,P1,P1 Identical-character projection,over,我很想这种现象会实践，这种法律没有对人和社会坏处，而而对环境也好对人的身体也好。,我很想这种法律付诸实践，这种法律对人和社会没有坏处，而且对环境也好，对人的身体也好。,我 很 想 这种 现象 会 实践 ， 这种 法律 没有 对 人 和 社会 坏处 ， 而而 对 环境 也好 对 人 的 身体 也好 。,我 很 想 这种 现象 会 实践 ， 这种 法律 没有 对 人 和 社会 坏处 ， 而 而 对 环境 也好 对 人 的 身体 也好 。,而而,而 / 而,25,27,而而,[],[26],[26],[],"The prediction inserts an extra boundary inside the gold token [而而], producing [而 / 而].",False,True,,1
838,P1,P1 Identical-character projection,over,在中国都有一些人和欧洲人的生活方式一燕，但他们不破坏他们的中国教育基础。,在中国有一些人和欧洲人的生活方式一样，但他们不破坏他们的中国教育基础。,在 中国 都 有 一些 人 和 欧洲人 的 生活 方式 一燕 ， 但 他们 不 破坏 他们 的 中国 教育 基础 。,在 中国 都 有 一些 人 和 欧洲人 的 生活 方式 一 燕 ， 但 他们 不 破坏 他们 的 中国 教育 基础 。,一燕,一 / 燕,17,19,一燕,[],[18],[18],[],"The prediction inserts an extra boundary inside the gold token [一燕], producing [一 / 燕].",False,True,,1
858,P1,P1 Identical-character projection,over,虽然它能切少抽烟者的一些自由，但是还能保护人民的健康。,虽然它限制了抽烟者的一些自由，但是它能保护人民的健康。,虽然 它 能 切少 抽烟者 的 一些 自由 ， 但是 还 能 保护 人民 的 健康 。,虽然 它 能 切 少 抽烟者 的 一些 自由 ， 但是 还 能 保护 人民 的 健康 。,切少,切 / 少,4,6,切少,[],[5],[5],[],"The prediction inserts an extra boundary inside the gold token [切少], producing [切 / 少].",False,True,,1
864,P1,P1 Identical-character projection,under,我有哥哥，不过我们里阿关系不好！,我有哥哥，不过我们关系不好！,我 有 哥哥 ， 不过 我们 里 阿 关系 不好 ！,我 有 哥哥 ， 不过 我们 里阿 关系 不好 ！,里 / 阿,里阿,9,11,里阿,[10],[],[],[10],"The prediction misses the gold boundary between [里] and [阿], merging them into [里阿].",True,True,,1
882,P1,P1 Identical-character projection,over,做生意的人一定要改变，才能像已前的歌曲一样有感情的。,做生意的人一定要改变，才能像以前的歌曲一样有感情。,做 生意 的 人 一定 要 改变 ， 才 能 像 已前 的 歌曲 一样 有 感情 的 。,做 生意 的 人 一定 要 改变 ， 才 能 像 已 前 的 歌曲 一样 有 感情 的 。,已前,已 / 前,14,16,已前,[],[15],[15],[],"The prediction inserts an extra boundary inside the gold token [已前], producing [已 / 前].",False,True,,1
884,P1,P1 Identical-character projection,over,特别是青少年和大学生对娱乐、流行歌曲非常敏感反应。他们总是围绕着这门话题。,特别是青少年和大学生对娱乐、流行歌曲非常敏感，他们总是围绕着这个话题。,特别 是 青少年 和 大学生 对 娱乐 、 流行歌曲 非常 敏感 反应 。 他们 总是 围绕 着 这门 话题 。,特别 是 青少年 和 大学生 对 娱乐 、 流行歌曲 非常 敏感 反应 。 他们 总是 围绕 着 这 门 话题 。,这门,这 / 门,32,34,这门,[],[33],[33],[],"The prediction inserts an extra boundary inside the gold token [这门], producing [这 / 门].",False,True,,1
903,P1,P1 Identical-character projection,under,可是我不是都喜欢什么流行歌曲。,可是我不全是喜欢流行歌曲。,可是 我 不 是 都 喜欢 什么 流行 歌曲 。,可是 我 不 是 都 喜欢 什么 流行歌曲 。,流行 / 歌曲,流行歌曲,10,14,流行歌曲,[12],[],[],[12],"The prediction misses the gold boundary between [流行] and [歌曲], merging them into [流行歌曲].",True,True,,1
908,P1,P1 Identical-character projection,under,”我说“因为呢，人们喜欢流行歌曲，还有很大的吸引力，还有除外流行歌曲以外其它的歌曲没有听过。,我说：“人们喜欢流行歌曲，不仅是因为流行歌曲有很大的吸引力，还因为除了流行歌曲以外人们没有听过其它的歌曲。”,” 我 说 “ 因为 呢 ， 人们 喜欢 流行 歌曲 ， 还有 很 大 的 吸引力 ， 还有 除外 流行 歌曲 以外 其它 的 歌曲 没有 听 过 。,” 我 说 “ 因为 呢 ， 人们 喜欢 流行 歌曲 ， 还有 很 大 的 吸引力 ， 还有 除外流行 歌曲 以外 其它 的 歌曲 没有 听 过 。,除外 / 流行,除外流行,28,32,除外流行,[30],[],[],[30],"The prediction misses the gold boundary between [除外] and [流行], merging them into [除外流行].",False,True,,1
931,P1,P1 Identical-character projection,under,很小的时候觉]得自己的父母是个完美的人，什么都知道，他们做的东西时总是对的。,很小的时候觉得自己的父母是个完美的人，什么都知道，他们做的事情总是对的。,很 小 的 时候 觉 ] 得 自己 的 父母 是 个 完美 的 人 ， 什么 都 知道 ， 他们 做 的 东西 时 总 是 对 的 。,很 小 的 时候 觉 ]得 自己 的 父母 是 个 完美 的 人 ， 什么 都 知道 ， 他们 做 的 东西 时 总 是 对 的 。,] / 得,]得,6,8,]得,[7],[],[],[7],"The prediction misses the gold boundary between []] and [得], merging them into []得].",False,True,,1
932,P1,P1 Identical-character projection,over,至于生物質能可以全地球的电力的需求的二十倍满足。,至于生物质能可以满足全地球的电力的需求的二十倍。,至于 生物質能 可以 全 地球 的 电力 的 需求 的 二十 倍 满足 。,至于 生物 質能 可以 全 地球 的 电力 的 需求 的 二十 倍 满足 。,生物質能,生物 / 質能,2,6,生物質能,[],[4],[4],[],"The prediction inserts an extra boundary inside the gold token [生物質能], producing [生物 / 質能].",False,True,,1
933,P1,P1 Identical-character projection,over,然后每个人要在和别人交流的时候互相影响了，其中可以再学会别的，这样过珍惜的日子。我认为这样的“人际关系”，是在生活中很重要的。如每个人得到能做良好的人际关系的话，一定需要好榜样。,然后每个人会和在别人交流的时候互相影响，其中可以再学会别的东西，这样过珍惜的日子。我认为这样的“人际关系”，在生活中是很重要的。如每个人要得到建立良好的人际关系的机会的话，一定需要好的榜样。,然后 每个 人 要 在 和 别人 交流 的 时候 互相 影响 了 ， 其中 可以 再 学会 别的 ， 这样 过 珍惜 的 日子 。 我 认为 这样 的 “ 人际关系 ” ， 是 在 生活 中 很 重要 的 。 如 每个 人 得到 能 做 良好 的 人际关系 的话 ， 一定 需要 好榜样 。,然后 每个 人 要 在 和 别人 交流 的 时候 互相 影响 了 ， 其中 可以 再 学会 别的 ， 这样 过 珍惜 的 日子 。 我 认为 这样 的 “ 人际关系 ” ， 是 在 生活 中 很 重要 的 。 如 每个 人 得到 能 做 良好 的 人际关系 的话 ， 一定 需要 好 榜样 。,好榜样,好 / 榜样,85,88,好榜样,[],[86],[86],[],"The prediction inserts an extra boundary inside the gold token [好榜样], producing [好 / 榜样].",False,False,,1
934,P1,P1 Identical-character projection,under,吸烟肯定对个人健康不好，引起肺病、嗓子病。据统计，吸烟的人一般跟不吸烟的人比较起来短命，吸烟对个人身体没有什么好处。但爱吸烟的人都说，吸烟以后觉得很轻松，对解除压力方面很好，吸烟的时候跟周围的人谈话，对人际关系也有益。,吸烟肯定对个人健康不好，会引起肺病、咽喉疾病。据统计，一般吸烟的人跟不吸烟的人比起来更短命，吸烟对个人身体没有什么好处。但爱吸烟的人都说，他们吸完烟以后觉得很轻松，吸烟在缓解压力方面有很好的作用，吸烟的时候跟周围的人谈话，对人际关系也有益。,吸烟 肯定 对 个人 健康 不好 ， 引起 肺病 、 嗓子 病 。 据 统计 ， 吸烟 的 人 一般 跟 不 吸烟 的 人 比较 起来 短命 ， 吸烟 对 个人 身体 没有 什么 好处 。 但 爱 吸烟 的 人 都 说 ， 吸烟 以后 觉得 很 轻松 ， 对 解除 压力 方面 很 好 ， 吸烟 的 时候 跟 周围 的 人 谈话 ， 对 人际关系 也 有益 。,吸烟 肯定 对 个人 健康 不好 ， 引起 肺病 、 嗓子病 。 据 统计 ， 吸烟 的 人 一般 跟 不 吸烟 的 人 比较 起来 短命 ， 吸烟 对 个人 身体 没有 什么 好处 。 但 爱 吸烟 的 人 都 说 ， 吸烟 以后 觉得 很 轻松 ， 对 解除 压力 方面 很 好 ， 吸烟 的 时候 跟 周围 的 人 谈话 ， 对 人际关系 也 有益 。,嗓子 / 病,嗓子病,17,20,嗓子病,[19],[],[],[19],"The prediction misses the gold boundary between [嗓子] and [病], merging them into [嗓子病].",False,False,,1
937,P1,P1 Identical-character projection,over,欧洲的社会不像中国的：父母不喜欢孩子靠着他们生活。大部分父母不喜为孩子钱。他们给孩子他需要的，但是只要孩子自己能装钱就不给了。,欧洲的社会不像中国的，父母不喜欢孩子靠着他们生活。大部分父母不喜欢为孩子花钱。他们给孩子需要的，但是只要孩子自己能赚钱就不给了。,欧洲 的 社会 不 像 中国 的 ： 父母 不 喜欢 孩子 靠 着 他们 生活 。 大部分 父母 不 喜 为 孩子 钱 。 他们 给 孩子 他 需要 的 ， 但是 只要 孩子 自己 能 装钱 就 不 给 了 。,欧洲 的 社会 不 像 中国 的 ： 父母 不 喜欢 孩子 靠 着 他们 生活 。 大部分 父母 不 喜 为 孩子 钱 。 他们 给 孩子 他 需要 的 ， 但是 只要 孩子 自己 能 装 钱 就 不 给 了 。,装钱,装 / 钱,56,58,装钱,[],[57],[57],[],"The prediction inserts an extra boundary inside the gold token [装钱], producing [装 / 钱].",False,True,,1
949,P1,P1 Identical-character projection,over,我们说绿色食品以外的食品吃的活，有害于人的健康，可是没吃的话人类马上死亡。所以我正在重要的事是帮助贫困的国家。世界上没有为了饥饿死的人的时，才想这种问题。,我们说吃绿色食品以外的食品的话，有害于人的健康，可是不吃的话人类会马上死亡。所以我认为现在最重要的事是帮助贫困的国家。世界上没有因为饥饿而死的人时，再想这种问题。,我们 说 绿色 食品 以外 的 食品 吃 的活 ， 有害 于 人 的 健康 ， 可是 没 吃 的话 人类 马上 死亡 。 所以 我 正在 重要 的 事 是 帮助 贫困 的 国家 。 世界 上 没有 为了 饥饿 死 的 人 的 时 ， 才 想 这种 问题 。,我们 说 绿色 食品 以外 的 食品 吃 的 活 ， 有害 于 人 的 健康 ， 可是 没 吃 的话 人类 马上 死亡 。 所以 我 正在 重要 的 事 是 帮助 贫困 的 国家 。 世界 上 没有 为了 饥饿 死 的 人 的 时 ， 才 想 这种 问题 。,的活,的 / 活,13,15,的活,[],[14],[14],[],"The prediction inserts an extra boundary inside the gold token [的活], producing [的 / 活].",False,False,,1
954,P1,P1 Identical-character projection,over,总之，现在我们听到的有些音乐歌曲太不象话了。听了音乐以后心理舒畅，心情放松这才是听音乐的目的。,总之，现在我们听到的有些音乐太不像话了。听了音乐以后心里舒畅，心情放松，这才是听音乐的目的。,总之 ， 现在 我们 听到 的 有些 音乐 歌曲 太 不象话 了 。 听 了 音乐 以后 心理 舒畅 ， 心情 放松 这 才 是 听 音乐 的 目的 。,总之 ， 现在 我们 听到 的 有些 音乐 歌曲 太 不 象话 了 。 听 了 音乐 以后 心理 舒畅 ， 心情 放松 这 才 是 听 音乐 的 目的 。,不象话,不 / 象话,17,20,不象话,[],[18],[18],[],"The prediction inserts an extra boundary inside the gold token [不象话], producing [不 / 象话].",False,True,,1
955,P1,P1 Identical-character projection,over,尽管快餐味道好，但都是垃圾食物，没有是够的营养，并含有大量的脂肪，很容易让身体变胖，或者产生其他疾病。,尽管快餐味道好，但都是垃圾食物，没有足够的营养，并含有大量的脂肪，很容易让身体变胖，或者产生其他疾病。,尽管 快餐 味道 好 ， 但 都 是 垃圾 食物 ， 没有 是够 的 营养 ， 并 含有 大量 的 脂肪 ， 很 容易 让 身体 变 胖 ， 或者 产生 其他 疾病 。,尽管 快餐 味道 好 ， 但 都 是 垃圾 食物 ， 没有 是 够 的 营养 ， 并 含有 大量 的 脂肪 ， 很 容易 让 身体 变 胖 ， 或者 产生 其他 疾病 。,是够,是 / 够,18,20,是够,[],[19],[19],[],"The prediction inserts an extra boundary inside the gold token [是够], producing [是 / 够].",False,False,,1
960,P1,P1 Identical-character projection,under,智利还有另一个问题：共公汽车少，火车也少。所以一般人都会会开车。,智利还有另一个问题：公共汽车少，火车也少。所以一般人都会开车。,智利 还有 另 一个 问题 ： 共公 汽车 少 ， 火车 也 少 。 所以 一般 人 都 会 会 开车 。,智利 还有 另 一个 问题 ： 共公汽车 少 ， 火车 也 少 。 所以 一般 人 都 会 会 开车 。,共公 / 汽车,共公汽车,10,14,共公汽车,[12],[],[],[12],"The prediction misses the gold boundary between [共公] and [汽车], merging them into [共公汽车].",False,True,,1
965,P1,P1 Identical-character projection,under,从乐观的角度来看，这确实是充分体现了现代社会的新的文化，打响了另一个时代的到来，但肯定的一点是，在这样一个新潮流正在盛行于世的时候，我们忽略其形成的根源。其实，一有一点比我们急于打造新的社会更重要的就是保护我们固有的文化特色，因此社会唯一的发展道路就是在原有的基础上创造出一种新的潮流，这样的方法不失为是一种值得人们去采取的、同时是最佳的。,从乐观的角度来看，这确实是充分体现了现代社会的新文化，打响了另一个时代到来的第一枪，但肯定的一点是，在这样一个新潮流盛行于世的时候，我们忽略了其形成的根源。其实，比我们急于打造新的社会更重要的是保护我们固有的文化特色，因此社会唯一的发展道路就是在原有的基础上创造出一种新的潮流，这样的方法是一种值得人们去采取的、同时也是最佳的方法。,从 乐观 的 角度 来看 ， 这 确实 是 充分 体现 了 现代 社会 的 新 的 文化 ， 打响 了 另 一个 时代 的 到来 ， 但 肯定 的 一 点 是 ， 在 这样 一个 新 潮流 正在 盛行 于 世 的 时候 ， 我们 忽略 其 形成 的 根源 。 其实 ， 一 有 一 点 比 我们 急于 打造 新 的 社会 更 重要 的 就 是 保护 我们 固有 的 文化 特色 ， 因此 社会 唯一 的 发展 道路 就是 在 原有 的 基础 上 创造 出 一 种 新 的 潮流 ， 这样 的 方法 不失为 是 一 种 值得 人们 去 采取 的 、 同时 是 最佳 的 。,从 乐观 的 角度 来看 ， 这 确实 是 充分 体现 了 现代 社会 的 新 的 文化 ， 打响 了 另 一个 时代 的 到来 ， 但 肯定 的 一 点 是 ， 在 这样 一个 新 潮流 正在 盛行 于 世 的 时候 ， 我们 忽略 其 形成 的 根源 。 其实 ， 一 有 一点 比 我们 急于 打造 新 的 社会 更 重要 的 就 是 保护 我们 固有 的 文化 特色 ， 因此 社会 唯一 的 发展 道路 就 是 在 原有 的 基础 上 创造 出 一 种 新 的 潮流 ， 这样 的 方法 不失为 是 一 种 值得 人们 去 采取 的 、 同时 是 最佳 的 。,一 / 点,一点,82,84,一点,[83],[],[],[83],"The prediction misses the gold boundary between [一] and [点], merging them into [一点].",False,False,,1
965,P1,P1 Identical-character projection,over,从乐观的角度来看，这确实是充分体现了现代社会的新的文化，打响了另一个时代的到来，但肯定的一点是，在这样一个新潮流正在盛行于世的时候，我们忽略其形成的根源。其实，一有一点比我们急于打造新的社会更重要的就是保护我们固有的文化特色，因此社会唯一的发展道路就是在原有的基础上创造出一种新的潮流，这样的方法不失为是一种值得人们去采取的、同时是最佳的。,从乐观的角度来看，这确实是充分体现了现代社会的新文化，打响了另一个时代到来的第一枪，但肯定的一点是，在这样一个新潮流盛行于世的时候，我们忽略了其形成的根源。其实，比我们急于打造新的社会更重要的是保护我们固有的文化特色，因此社会唯一的发展道路就是在原有的基础上创造出一种新的潮流，这样的方法是一种值得人们去采取的、同时也是最佳的方法。,从 乐观 的 角度 来看 ， 这 确实 是 充分 体现 了 现代 社会 的 新 的 文化 ， 打响 了 另 一个 时代 的 到来 ， 但 肯定 的 一 点 是 ， 在 这样 一个 新 潮流 正在 盛行 于 世 的 时候 ， 我们 忽略 其 形成 的 根源 。 其实 ， 一 有 一 点 比 我们 急于 打造 新 的 社会 更 重要 的 就 是 保护 我们 固有 的 文化 特色 ， 因此 社会 唯一 的 发展 道路 就是 在 原有 的 基础 上 创造 出 一 种 新 的 潮流 ， 这样 的 方法 不失为 是 一 种 值得 人们 去 采取 的 、 同时 是 最佳 的 。,从 乐观 的 角度 来看 ， 这 确实 是 充分 体现 了 现代 社会 的 新 的 文化 ， 打响 了 另 一个 时代 的 到来 ， 但 肯定 的 一 点 是 ， 在 这样 一个 新 潮流 正在 盛行 于 世 的 时候 ， 我们 忽略 其 形成 的 根源 。 其实 ， 一 有 一点 比 我们 急于 打造 新 的 社会 更 重要 的 就 是 保护 我们 固有 的 文化 特色 ， 因此 社会 唯一 的 发展 道路 就 是 在 原有 的 基础 上 创造 出 一 种 新 的 潮流 ， 这样 的 方法 不失为 是 一 种 值得 人们 去 采取 的 、 同时 是 最佳 的 。,就是,就 / 是,124,126,就是,[],[125],[125],[],"The prediction inserts an extra boundary inside the gold token [就是], producing [就 / 是].",False,False,,2
970,P1,P1 Identical-character projection,over,有的流行歌曲用完美的歌曲让听众听了之后很感动，还会背诵歌曲的歌字。背诵之后我们也会时不是不知不觉就唱起那首歌来。,有的流行歌曲用完美的歌词让听众听了之后很感动，还会背诵歌曲的歌词。背诵之后我们也会时不时不知不觉就唱起那首歌来。,有的 流行 歌曲 用 完美 的 歌曲 让 听众 听 了 之后 很 感动 ， 还 会 背诵 歌曲 的 歌字 。 背诵 之后 我们 也 会 时不是 不知不觉 就 唱 起 那 首 歌 来 。,有的 流行 歌曲 用 完美 的 歌曲 让 听众 听 了 之后 很 感动 ， 还 会 背诵 歌曲 的 歌字 。 背诵 之后 我们 也 会 时不 是 不知不觉 就 唱 起 那 首 歌 来 。,时不是,时不 / 是,41,44,时不是,[],[43],[43],[],"The prediction inserts an extra boundary inside the gold token [时不是], producing [时不 / 是].",False,True,,1
973,P1,P1 Identical-character projection,over,走进婚姻的红地毯，携手共老扶子偕老能永浴爱河可说是每对想结婚的夫妻所梦寐以求的。在东方社会中，在较古老的方式是媒人形式，有通过亲戚、朋友邻居之类的介绍，对对方有所了解。而较近期，电子邮件、网结朋友出现一网情深这类爱情，是较时髦的爱情交往方式，但对我来说也不是理想式的。,走进婚姻的殿堂，执子之手，与子偕老和永浴爱河可以说是每对想结婚的情侣所梦寐以求的。在东方社会，比较古老的方式是媒人形式，通过亲戚、朋友、邻居之类的介绍来了解对方。而较近期，电子邮件、网络朋友的出现产生了一网情深这类爱情。虽然这类爱情是较时髦的爱情交往方式，但对我来说也不是理想式的。,走 进 婚姻 的 红 地毯 ， 携手共老 扶子偕老 能 永 浴 爱河 可 说 是 每 对 想 结婚 的 夫妻 所 梦寐以求 的 。 在 东方 社会 中 ， 在较 古老 的 方式 是 媒人 形式 ， 有 通过 亲戚 、 朋友 邻居 之类 的 介绍 ， 对 对方 有所 了解 。 而 较 近期 ， 电子 邮件 、 网结 朋友 出现 一网情深 这 类 爱情 ， 是 较 时髦 的 爱情 交往 方式 ， 但 对 我 来说 也 不 是 理想式 的 。,走 进 婚姻 的 红 地毯 ， 携手 共 老 扶子 偕老 能 永 浴 爱河 可 说 是 每 对 想 结婚 的 夫妻 所 梦寐以求 的 。 在 东方 社会 中 ， 在 较 古老 的 方式 是 媒人 形式 ， 有 通过 亲戚 、 朋友 邻居 之类 的 介绍 ， 对 对方 有所 了解 。 而 较 近期 ， 电子 邮件 、 网 结 朋友 出现 一网情深 这 类 爱情 ， 是 较 时髦 的 爱情 交往 方式 ， 但 对 我 来说 也 不 是 理想式 的 。,携手共老,携手 / 共 / 老,9,13,携手共老,[],"[11, 12]","[11, 12]",[],"The prediction inserts an extra boundary inside the gold token [携手共老], producing [携手 / 共 / 老].",False,False,,1
973,P1,P1 Identical-character projection,over,走进婚姻的红地毯，携手共老扶子偕老能永浴爱河可说是每对想结婚的夫妻所梦寐以求的。在东方社会中，在较古老的方式是媒人形式，有通过亲戚、朋友邻居之类的介绍，对对方有所了解。而较近期，电子邮件、网结朋友出现一网情深这类爱情，是较时髦的爱情交往方式，但对我来说也不是理想式的。,走进婚姻的殿堂，执子之手，与子偕老和永浴爱河可以说是每对想结婚的情侣所梦寐以求的。在东方社会，比较古老的方式是媒人形式，通过亲戚、朋友、邻居之类的介绍来了解对方。而较近期，电子邮件、网络朋友的出现产生了一网情深这类爱情。虽然这类爱情是较时髦的爱情交往方式，但对我来说也不是理想式的。,走 进 婚姻 的 红 地毯 ， 携手共老 扶子偕老 能 永 浴 爱河 可 说 是 每 对 想 结婚 的 夫妻 所 梦寐以求 的 。 在 东方 社会 中 ， 在较 古老 的 方式 是 媒人 形式 ， 有 通过 亲戚 、 朋友 邻居 之类 的 介绍 ， 对 对方 有所 了解 。 而 较 近期 ， 电子 邮件 、 网结 朋友 出现 一网情深 这 类 爱情 ， 是 较 时髦 的 爱情 交往 方式 ， 但 对 我 来说 也 不 是 理想式 的 。,走 进 婚姻 的 红 地毯 ， 携手 共 老 扶子 偕老 能 永 浴 爱河 可 说 是 每 对 想 结婚 的 夫妻 所 梦寐以求 的 。 在 东方 社会 中 ， 在 较 古老 的 方式 是 媒人 形式 ， 有 通过 亲戚 、 朋友 邻居 之类 的 介绍 ， 对 对方 有所 了解 。 而 较 近期 ， 电子 邮件 、 网 结 朋友 出现 一网情深 这 类 爱情 ， 是 较 时髦 的 爱情 交往 方式 ， 但 对 我 来说 也 不 是 理想式 的 。,扶子偕老,扶子 / 偕老,13,17,扶子偕老,[],[15],[15],[],"The prediction inserts an extra boundary inside the gold token [扶子偕老], producing [扶子 / 偕老].",False,False,,2
973,P1,P1 Identical-character projection,over,走进婚姻的红地毯，携手共老扶子偕老能永浴爱河可说是每对想结婚的夫妻所梦寐以求的。在东方社会中，在较古老的方式是媒人形式，有通过亲戚、朋友邻居之类的介绍，对对方有所了解。而较近期，电子邮件、网结朋友出现一网情深这类爱情，是较时髦的爱情交往方式，但对我来说也不是理想式的。,走进婚姻的殿堂，执子之手，与子偕老和永浴爱河可以说是每对想结婚的情侣所梦寐以求的。在东方社会，比较古老的方式是媒人形式，通过亲戚、朋友、邻居之类的介绍来了解对方。而较近期，电子邮件、网络朋友的出现产生了一网情深这类爱情。虽然这类爱情是较时髦的爱情交往方式，但对我来说也不是理想式的。,走 进 婚姻 的 红 地毯 ， 携手共老 扶子偕老 能 永 浴 爱河 可 说 是 每 对 想 结婚 的 夫妻 所 梦寐以求 的 。 在 东方 社会 中 ， 在较 古老 的 方式 是 媒人 形式 ， 有 通过 亲戚 、 朋友 邻居 之类 的 介绍 ， 对 对方 有所 了解 。 而 较 近期 ， 电子 邮件 、 网结 朋友 出现 一网情深 这 类 爱情 ， 是 较 时髦 的 爱情 交往 方式 ， 但 对 我 来说 也 不 是 理想式 的 。,走 进 婚姻 的 红 地毯 ， 携手 共 老 扶子 偕老 能 永 浴 爱河 可 说 是 每 对 想 结婚 的 夫妻 所 梦寐以求 的 。 在 东方 社会 中 ， 在 较 古老 的 方式 是 媒人 形式 ， 有 通过 亲戚 、 朋友 邻居 之类 的 介绍 ， 对 对方 有所 了解 。 而 较 近期 ， 电子 邮件 、 网 结 朋友 出现 一网情深 这 类 爱情 ， 是 较 时髦 的 爱情 交往 方式 ， 但 对 我 来说 也 不 是 理想式 的 。,在较,在 / 较,47,49,在较,[],[48],[48],[],"The prediction inserts an extra boundary inside the gold token [在较], producing [在 / 较].",False,False,,3
973,P1,P1 Identical-character projection,over,走进婚姻的红地毯，携手共老扶子偕老能永浴爱河可说是每对想结婚的夫妻所梦寐以求的。在东方社会中，在较古老的方式是媒人形式，有通过亲戚、朋友邻居之类的介绍，对对方有所了解。而较近期，电子邮件、网结朋友出现一网情深这类爱情，是较时髦的爱情交往方式，但对我来说也不是理想式的。,走进婚姻的殿堂，执子之手，与子偕老和永浴爱河可以说是每对想结婚的情侣所梦寐以求的。在东方社会，比较古老的方式是媒人形式，通过亲戚、朋友、邻居之类的介绍来了解对方。而较近期，电子邮件、网络朋友的出现产生了一网情深这类爱情。虽然这类爱情是较时髦的爱情交往方式，但对我来说也不是理想式的。,走 进 婚姻 的 红 地毯 ， 携手共老 扶子偕老 能 永 浴 爱河 可 说 是 每 对 想 结婚 的 夫妻 所 梦寐以求 的 。 在 东方 社会 中 ， 在较 古老 的 方式 是 媒人 形式 ， 有 通过 亲戚 、 朋友 邻居 之类 的 介绍 ， 对 对方 有所 了解 。 而 较 近期 ， 电子 邮件 、 网结 朋友 出现 一网情深 这 类 爱情 ， 是 较 时髦 的 爱情 交往 方式 ， 但 对 我 来说 也 不 是 理想式 的 。,走 进 婚姻 的 红 地毯 ， 携手 共 老 扶子 偕老 能 永 浴 爱河 可 说 是 每 对 想 结婚 的 夫妻 所 梦寐以求 的 。 在 东方 社会 中 ， 在 较 古老 的 方式 是 媒人 形式 ， 有 通过 亲戚 、 朋友 邻居 之类 的 介绍 ， 对 对方 有所 了解 。 而 较 近期 ， 电子 邮件 、 网 结 朋友 出现 一网情深 这 类 爱情 ， 是 较 时髦 的 爱情 交往 方式 ， 但 对 我 来说 也 不 是 理想式 的 。,网结,网 / 结,94,96,网结,[],[95],[95],[],"The prediction inserts an extra boundary inside the gold token [网结], producing [网 / 结].",False,False,,4
974,P1,P1 Identical-character projection,under,不过，反说回来，虽然父母没有很多老师具有的角色，但我认为父母还是孩子的第一任老师，而且是孩子最重要的老师。父母和老师的最大责任不是提供学术方面的知识而是传思想观念和社会价值。在这方面，外面学校老师的作用少，因为学生很多，影响便少。,不过，话又说回来，虽然父母没有很多老师具有的角色，但我认为父母还是孩子的第一任老师，而且是孩子最重要的老师。父母和老师的最大责任不是提供学术方面的知识而是传播思想观念和社会价值。在这方面，外面学校老师的作用小，因为学生很多，影响便小。,不过 ， 反 说 回来 ， 虽然 父母 没有 很多 老师 具有 的 角色 ， 但 我 认为 父母 还 是 孩子 的 第一 任 老师 ， 而且 是 孩子 最 重要 的 老师 。 父母 和 老师 的 最 大 责任 不 是 提供 学术 方面 的 知识 而是 传 思想 观念 和 社会 价值 。 在 这 方面 ， 外面 学校 老师 的 作用 少 ， 因为 学生 很 多 ， 影响 便 少 。,不过 ， 反说 回来 ， 虽然 父母 没有 很多 老师 具有 的 角色 ， 但 我 认为 父母 还 是 孩子 的 第一 任 老师 ， 而且 是 孩子 最 重要 的 老师 。 父母 和 老师 的 最 大 责任 不 是 提供 学术 方面 的 知识 而是 传 思想 观念 和 社会 价值 。 在 这 方面 ， 外面 学校 老师 的 作用 少 ， 因为 学生 很 多 ， 影响 便 少 。,反 / 说,反说,3,5,反说,[4],[],[],[4],"The prediction misses the gold boundary between [反] and [说], merging them into [反说].",False,False,,1
985,P1,P1 Identical-character projection,over,但如果父母没有好好地教孩子，没有告诉他们辨别是非，什么应该做，什么不应该做，在社会怎么做人。可想而知，他们长大以后会遇到很多的麻烦，甚至不适应生活的，造成不甚后果。,但如果父母没有好好地教孩子，没有告诉他们怎么辨别是非，什么应该做，什么不应该做，在社会怎么做人。可想而知，他们长大以后会遇到很多的麻烦，甚至不适应生活，造成不好后果。,但 如果 父母 没有 好好 地 教 孩子 ， 没有 告诉 他们 辨别 是非 ， 什么 应该 做 ， 什么 不 应该 做 ， 在 社会 怎么 做人 。 可想而知 ， 他们 长大 以后 会 遇到 很多 的 麻烦 ， 甚至 不 适应 生活 的 ， 造成 不甚 后果 。,但 如果 父母 没有 好好 地 教 孩子 ， 没有 告诉 他们 辨别 是非 ， 什么 应该 做 ， 什么 不 应该 做 ， 在 社会 怎么 做人 。 可想而知 ， 他们 长大 以后 会 遇到 很多 的 麻烦 ， 甚至 不 适应 生活 的 ， 造成 不 甚 后果 。,不甚,不 / 甚,77,79,不甚,[],[78],[78],[],"The prediction inserts an extra boundary inside the gold token [不甚], producing [不 / 甚].",False,False,,1
992,P1,P1 Identical-character projection,under,我厌倦张华得很多。而且有一天，他使我惊奋。在白莱河的旁边我们走着，张华照样自吹自擂。忽然我们看见一只狗。它似乎淹死呢。张华马上弹跳河，救了它。,我厌倦张华。但是有一天，他使我震惊。我们走在白莱河的旁边，张华照样自吹自擂。忽然我们看见一只狗。它似乎快要淹死了。张华马上跳进河里，救了它。,我 厌倦 张华 得 很 多 。 而且 有 一 天 ， 他 使 我 惊奋 。 在 白莱河 的 旁边 我们 走 着 ， 张华 照样 自吹自擂 。 忽然 我们 看见 一 只 狗 。 它 似乎 淹 死 呢 。 张华 马上 弹 跳 河 ， 救 了 它 。,我 厌倦 张华 得 很多 。 而且 有 一 天 ， 他 使 我 惊奋 。 在 白莱河 的 旁边 我们 走 着 ， 张华 照样 自吹自擂 。 忽然 我们 看见 一 只 狗 。 它 似乎 淹 死 呢 。 张华 马上 弹跳 河 ， 救 了 它 。,很 / 多,很多,6,8,很多,[7],[],[],[7],"The prediction misses the gold boundary between [很] and [多], merging them into [很多].",False,True,,1
992,P1,P1 Identical-character projection,under,我厌倦张华得很多。而且有一天，他使我惊奋。在白莱河的旁边我们走着，张华照样自吹自擂。忽然我们看见一只狗。它似乎淹死呢。张华马上弹跳河，救了它。,我厌倦张华。但是有一天，他使我震惊。我们走在白莱河的旁边，张华照样自吹自擂。忽然我们看见一只狗。它似乎快要淹死了。张华马上跳进河里，救了它。,我 厌倦 张华 得 很 多 。 而且 有 一 天 ， 他 使 我 惊奋 。 在 白莱河 的 旁边 我们 走 着 ， 张华 照样 自吹自擂 。 忽然 我们 看见 一 只 狗 。 它 似乎 淹 死 呢 。 张华 马上 弹 跳 河 ， 救 了 它 。,我 厌倦 张华 得 很多 。 而且 有 一 天 ， 他 使 我 惊奋 。 在 白莱河 的 旁边 我们 走 着 ， 张华 照样 自吹自擂 。 忽然 我们 看见 一 只 狗 。 它 似乎 淹 死 呢 。 张华 马上 弹跳 河 ， 救 了 它 。,弹 / 跳,弹跳,63,65,弹跳,[64],[],[],[64],"The prediction misses the gold boundary between [弹] and [跳], merging them into [弹跳].",False,True,,2
1001,P1,P1 Identical-character projection,over,有人说，流行歌只会喜欢受高中生，可是我认为流行歌会影响到文化市场。如果不发达文化市场怎么会出来周杰论？从周杰伦的力量来看，他常常在舞台的时候，很多电视台和各种媒体都转播他的一切，然而他是成为了一个文化的代表。,有人说，流行歌只会受高中生喜爱，可是我认为流行歌会影响到文化市场。如果文化不发达，怎么会出现周杰伦这样的人？从周杰伦的影响力来看，他在舞台上的时候，很多电视台和各种媒体都会转播他的一切，所以他成为了一种文化的代表。,有人 说 ， 流行歌 只 会 喜欢 受 高中生 ， 可是 我 认为 流行歌 会 影响 到 文化 市场 。 如果 不 发达 文化 市场 怎么 会 出来 周杰论 ？ 从 周杰伦 的 力量 来 看 ， 他 常常 在 舞台 的 时候 ， 很多 电视台 和 各种 媒体 都 转播 他 的 一切 ， 然而 他 是 成为 了 一个 文化 的 代表 。,有人 说 ， 流行歌 只 会 喜欢 受 高中生 ， 可是 我 认为 流行歌 会 影响 到 文化 市场 。 如果 不 发达 文化 市场 怎么 会 出来 周杰 论 ？ 从 周杰伦 的 力量 来 看 ， 他 常常 在 舞台 的 时候 ， 很多 电视台 和 各种 媒体 都 转播 他 的 一切 ， 然而 他 是 成为 了 一个 文化 的 代表 。,周杰论,周杰 / 论,47,50,周杰论,[],[49],[49],[],"The prediction inserts an extra boundary inside the gold token [周杰论], producing [周杰 / 论].",False,False,,1
1003,P1,P1 Identical-character projection,over,但我也不是那么地喜欢流行歌曲，虽然凡是歌曲我就喜欢听，但我特别对流行歌曲的评价低。因为不多数流行歌曲都很吵，实在是不能让人通过听音乐来感受到那种清净又舒服的感觉。,但我也不是那么地喜欢流行歌曲，虽然凡是歌曲我都喜欢听，但我特别地对流行歌曲的评价低。因为大多数流行歌曲都很吵，实在是不能让人通过听音乐来感受到那种清净又舒服的感觉。,但 我 也 不 是 那么 地 喜欢 流行 歌曲 ， 虽然 凡是 歌曲 我 就 喜欢 听 ， 但 我 特别 对 流行 歌曲 的 评价 低 。 因为 不多数 流行 歌曲 都 很 吵 ， 实在 是 不 能 让 人 通过 听 音乐 来 感受 到 那种 清净 又 舒服 的 感觉 。,但 我 也 不 是 那么 地 喜欢 流行 歌曲 ， 虽然 凡是 歌曲 我 就 喜欢 听 ， 但 我 特别 对 流行 歌曲 的 评价 低 。 因为 不 多数 流行 歌曲 都 很 吵 ， 实在 是 不 能 让 人 通过 听 音乐 来 感受 到 那种 清净 又 舒服 的 感觉 。,不多数,不 / 多数,43,46,不多数,[],[44],[44],[],"The prediction inserts an extra boundary inside the gold token [不多数], producing [不 / 多数].",False,False,,1
1008,P1,P1 Identical-character projection,over,不过一分二为来看，地球上很多人还是因饥饿而痛苦。,不过一分为二来看，地球上很多人还是因饥饿而痛苦。,不过 一分二为 来 看 ， 地球 上 很多 人 还是 因 饥饿 而 痛苦 。,不过 一分二 为 来 看 ， 地球 上 很多 人 还是 因 饥饿 而 痛苦 。,一分二为,一分二 / 为,2,6,一分二为,[],[5],[5],[],"The prediction inserts an extra boundary inside the gold token [一分二为], producing [一分二 / 为].",False,True,,1
1016,P1,P1 Identical-character projection,over,我喜欢汉吾果！我在大学，有上三课。下午我在大学点课。星期三我很忙。,我喜欢汉语课！我在大学，上午有三节课。下午我在大学上课。星期三我很忙。,我 喜欢 汉吾果 ！ 我 在 大学 ， 有 上 三 课 。 下午 我 在 大学 点课 。 星期三 我 很 忙 。,我 喜欢 汉吾果 ！ 我 在 大学 ， 有 上 三 课 。 下午 我 在 大学 点 课 。 星期三 我 很 忙 。,点课,点 / 课,23,25,点课,[],[24],[24],[],"The prediction inserts an extra boundary inside the gold token [点课], producing [点 / 课].",False,True,,1
1020,P1,P1 Identical-character projection,under,我是七月跟我长久知己的几个好朋友坐日本飞机去的美国。我们没有在参加游览组的帮助下旅行，所以我们主要的问题就是住宿，饮食当然花的钱。我们去到了纽约的时候，就是跟见的美国人都用英文说的，可是好像我们说的很不怎么样，因为他们都用日文回答，所以跟他们一起互相玩笑，很有意思。,我是七月跟我认识了很久的几个好朋友坐日本飞机去的美国。我们没有在旅游团的帮助下旅行，所以我们主要的问题就是住宿、饮食上花的钱。我们去到了纽约的时候，跟见面美国人都用英语交流，可是好像我们说得很不怎么样，因为他们都用日语回答，所以跟他们一起互相开玩笑，很有意思。,我 是 七月 跟 我 长久 知己 的 几 个 好 朋友 坐 日本 飞机 去 的 美国 。 我们 没有 在 参加 游览组 的 帮助 下 旅行 ， 所以 我们 主要 的 问题 就 是 住宿 ， 饮食 当然 花 的 钱 。 我们 去 到 了 纽约 的 时候 ， 就 是 跟 见 的 美国 人 都 用 英文 说 的 ， 可是 好像 我们 说 的 很 不怎么样 ， 因为 他们 都 用 日文 回答 ， 所以 跟 他们 一起 互相 玩笑 ， 很 有意思 。,我 是 七月 跟 我 长久 知己 的 几 个 好 朋友 坐 日本 飞机 去 的 美国 。 我们 没有 在 参加 游览组 的 帮助 下 旅行 ， 所以 我们 主要 的 问题 就 是 住宿 ， 饮食 当然 花 的 钱 。 我们 去 到 了 纽约 的 时候 ， 就是 跟 见 的 美国 人 都 用 英文 说 的 ， 可是 好像 我们 说 的 很 不怎么样 ， 因为 他们 都 用 日文 回答 ， 所以 跟 他们 一起 互相 玩笑 ， 很 有意思 。,就 / 是,就是,76,78,就是,[77],[],[],[77],"The prediction misses the gold boundary between [就] and [是], merging them into [就是].",False,False,,1
1035,P1,P1 Identical-character projection,over,日本有这谚话“没有父母也孩子能成大”。,日本有句谚语：“没有父母的孩子也能长大。”,日本 有 这 谚话 “ 没有 父母 也 孩子 能 成大 ” 。,日本 有 这 谚话 “ 没有 父母 也 孩子 能 成 大 ” 。,成大,成 / 大,15,17,成大,[],[16],[16],[],"The prediction inserts an extra boundary inside the gold token [成大], producing [成 / 大].",True,True,,1
1046,P1,P1 Identical-character projection,over,据我所知，现在韩国、中国的烟制工厂都是国家安排的，如果国家要让人民禁止抽烟，那么国家先停止那个工厂。我的说话当然听起来很奇怪，但是我觉得真正的方法都是这样。到目前为止不但老人、中年人抽烟而且青少人也抽烟。,据我所知，现在韩国、中国的制烟工厂都是国家安排的，如果国家要禁止人民抽烟，那么国家得先关停那个工厂。我说的话听起来很奇怪，但是我觉得真正有用的方法就是这样。到目前为止，不但老人、中年人抽烟，青少年也抽烟。,据 我 所 知 ， 现在 韩国 、 中国 的 烟制 工厂 都 是 国家 安排 的 ， 如果 国家 要 让 人民 禁止 抽烟 ， 那么 国家 先 停止 那个 工厂 。 我 的 说话 当然 听 起来 很 奇怪 ， 但是 我 觉得 真正 的 方法 都 是 这样 。 到 目前 为止 不但 老人 、 中年人 抽烟 而且 青少人 也 抽烟 。,据 我 所 知 ， 现在 韩国 、 中国 的 烟制 工厂 都 是 国家 安排 的 ， 如果 国家 要 让 人民 禁止 抽烟 ， 那么 国家 先 停止 那个 工厂 。 我 的 说话 当然 听 起来 很 奇怪 ， 但是 我 觉得 真正 的 方法 都 是 这样 。 到 目前 为止 不但 老人 、 中年人 抽烟 而且 青少 人 也 抽烟 。,青少人,青少 / 人,95,98,青少人,[],[97],[97],[],"The prediction inserts an extra boundary inside the gold token [青少人], producing [青少 / 人].",False,False,,1
1055,P1,P1 Identical-character projection,under,但是给张华，西菜她部喜欢。她很少有机会吃西菜，所以她非常爱吃欧洲的菜。,但是对于张华，西菜她很喜欢。她很少有机会吃西菜，但是她非常爱吃欧洲的菜。,但是 给 张华 ， 西菜 她 部 喜欢 。 她 很 少 有 机会 吃 西菜 ， 所以 她 非常 爱 吃 欧洲 的 菜 。,但是 给 张华 ， 西菜 她部 喜欢 。 她 很 少 有 机会 吃 西菜 ， 所以 她 非常 爱 吃 欧洲 的 菜 。,她 / 部,她部,8,10,她部,[9],[],[],[9],"The prediction misses the gold boundary between [她] and [部], merging them into [她部].",False,True,,1
1058,P1,P1 Identical-character projection,under,我喜欢我的旅行，虽然太阳没照。天汽没要变，天空没蓝蓝的。,我喜欢我的旅行，虽然太阳没出来，天气没变，天空也不蓝。,我 喜欢 我 的 旅行 ， 虽然 太阳 没 照 。 天汽 没 要 变 ， 天空 没 蓝蓝的 。,我 喜欢 我 的 旅行 ， 虽然 太阳 没照 。 天汽 没 要 变 ， 天空 没 蓝蓝的 。,没 / 照,没照,12,14,没照,[13],[],[],[13],"The prediction misses the gold boundary between [没] and [照], merging them into [没照].",False,True,,1
1061,P1,P1 Identical-character projection,over,这个时候学到东西，这个小时候的记忆，长大以后也不会忘掉，一直放在自己的心里面，遵守下去。每一个有小时候从父母学到的东西。,这个时候学到的东西，这个时候的记忆，长大以后也不会忘掉，一直放在自己的心里面，遵守下去。每一个人都有小时候从父母身上学到的东西。,这个 时候 学 到 东西 ， 这个 小时候 的 记忆 ， 长大 以后 也 不 会 忘掉 ， 一直 放在 自己 的 心里面 ， 遵守 下去 。 每 一个 有 小时候 从 父母 学 到 的 东西 。,这个 时候 学 到 东西 ， 这个 小时候 的 记忆 ， 长大 以后 也 不 会 忘掉 ， 一直 放 在 自己 的 心里面 ， 遵守 下去 。 每 一个 有 小时候 从 父母 学 到 的 东西 。,放在,放 / 在,30,32,放在,[],[31],[31],[],"The prediction inserts an extra boundary inside the gold token [放在], producing [放 / 在].",False,True,,1
1062,P1,P1 Identical-character projection,over,那个时候我认为不可能打太鼓、因为我从来没有打过鼓、也不了解日本传统的音乐、还有没有足够体力。,那个时候我认为自己不可能打太鼓，因为我从来没有打过鼓，也不了解日本的传统音乐，还没有足够的体力。,那个 时候 我 认为 不 可能 打 太鼓 、 因为 我 从来 没有 打 过 鼓 、 也 不 了解 日本 传统 的 音乐 、 还有 没有 足够 体力 。,那个 时候 我 认为 不 可能 打 太鼓 、 因为 我 从来 没有 打 过 鼓 、 也 不 了解 日本 传统 的 音乐 、 还 有 没有 足够 体力 。,还有,还 / 有,37,39,还有,[],[38],[38],[],"The prediction inserts an extra boundary inside the gold token [还有], producing [还 / 有].",False,True,,1
1078,P1,P1 Identical-character projection,under,在三亚机中国人可以说英语，因为在那里有很多游者。我觉得三亚是一个非常票连得城市，但海口没有意思。,在三亚，中国人可以说英语，因为那里有很多游者。我觉得三亚是一个非常漂亮的城市，但海口没有意思。,在 三亚 机 中国 人 可以 说 英语 ， 因为 在 那里 有 很多 游者 。 我 觉得 三亚 是 一个 非常 票连 得 城市 ， 但 海口 没有 意思 。,在 三亚机 中国 人 可以 说 英语 ， 因为 在 那里 有 很多 游者 。 我 觉得 三亚 是 一个 非常 票 连 得 城市 ， 但 海口 没有 意思 。,三亚 / 机,三亚机,1,4,三亚机,[3],[],[],[3],"The prediction misses the gold boundary between [三亚] and [机], merging them into [三亚机].",False,True,,1
1078,P1,P1 Identical-character projection,over,在三亚机中国人可以说英语，因为在那里有很多游者。我觉得三亚是一个非常票连得城市，但海口没有意思。,在三亚，中国人可以说英语，因为那里有很多游者。我觉得三亚是一个非常漂亮的城市，但海口没有意思。,在 三亚 机 中国 人 可以 说 英语 ， 因为 在 那里 有 很多 游者 。 我 觉得 三亚 是 一个 非常 票连 得 城市 ， 但 海口 没有 意思 。,在 三亚机 中国 人 可以 说 英语 ， 因为 在 那里 有 很多 游者 。 我 觉得 三亚 是 一个 非常 票 连 得 城市 ， 但 海口 没有 意思 。,票连,票 / 连,34,36,票连,[],[35],[35],[],"The prediction inserts an extra boundary inside the gold token [票连], producing [票 / 连].",False,True,,2
1080,P1,P1 Identical-character projection,under,这次在韩国发生的事情，有一个城市里边来了好几个歌手，那个城市里的人几乎都要看他们，从儿童到奶奶和爷爷都要先走看他们。,这次在韩国发生的事情，是有一个城市里边来了好几个歌手，那个城市里的人几乎都要看他们，从儿童到奶奶和爷爷都要去看他们。,这次 在 韩国 发生 的 事情 ， 有 一个 城市 里边 来 了 好几 个 歌手 ， 那个 城市 里 的 人 几乎 都 要 看 他们 ， 从 儿童 到 奶奶 和 爷爷 都 要 先 走 看 他们 。,这次 在 韩国 发生 的 事情 ， 有 一个 城市 里边 来 了 好几 个 歌手 ， 那个 城市 里 的 人 几乎 都 要 看 他们 ， 从 儿童 到 奶奶 和 爷爷 都 要 先 走看 他们 。,走 / 看,走看,53,55,走看,[54],[],[],[54],"The prediction misses the gold boundary between [走] and [看], merging them into [走看].",False,True,,1
1085,P1,P1 Identical-character projection,over,我很喜欢跳舞，所以每个星期一、星期二、星期三星期五跳舞。我也当演员，唱哥，画画。我有一个男朋友，他很内向可是很好心。他跟我跳舞。,我很喜欢跳舞，所以我每个星期一、星期二、星期三和星期五跳舞。我也喜欢当演员，唱歌，画画。我有一个男朋友，他很内向可是很善良。他跟我跳舞。,我 很 喜欢 跳舞 ， 所以 每个 星期一 、 星期二 、 星期三 星期五 跳舞 。 我 也 当 演员 ， 唱哥 ， 画画 。 我 有 一个 男朋友 ， 他 很 内向 可是 很 好心 。 他 跟 我 跳舞 。,我 很 喜欢 跳舞 ， 所以 每个 星期一 、 星期二 、 星期三 星期五 跳舞 。 我 也 当 演员 ， 唱 哥 ， 画画 。 我 有 一个 男朋友 ， 他 很 内向 可是 很 好心 。 他 跟 我 跳舞 。,唱哥,唱 / 哥,34,36,唱哥,[],[35],[35],[],"The prediction inserts an extra boundary inside the gold token [唱哥], producing [唱 / 哥].",False,True,,1
1086,P1,P1 Identical-character projection,over,在公共场所来老弱男女。在公共场所吸抽就意味着，不抽烟者都被吸呼烟。,在公共场所有男女老幼，所以在公共场所抽烟就意味着这些不抽烟者都得被迫吸烟。,在 公共场所 来 老弱男女 。 在 公共场所 吸抽 就 意味着 ， 不抽烟者 都 被 吸 呼 烟 。,在 公共场所 来 老 弱 男女 。 在 公共场所 吸 抽 就 意味着 ， 不抽烟者 都 被 吸呼烟 。,老弱男女,老 / 弱 / 男女,6,10,老弱男女,[],"[7, 8]","[7, 8]",[],"The prediction inserts an extra boundary inside the gold token [老弱男女], producing [老 / 弱 / 男女].",False,True,,1
1086,P1,P1 Identical-character projection,over,在公共场所来老弱男女。在公共场所吸抽就意味着，不抽烟者都被吸呼烟。,在公共场所有男女老幼，所以在公共场所抽烟就意味着这些不抽烟者都得被迫吸烟。,在 公共场所 来 老弱男女 。 在 公共场所 吸抽 就 意味着 ， 不抽烟者 都 被 吸 呼 烟 。,在 公共场所 来 老 弱 男女 。 在 公共场所 吸 抽 就 意味着 ， 不抽烟者 都 被 吸呼烟 。,吸抽,吸 / 抽,16,18,吸抽,[],[17],[17],[],"The prediction inserts an extra boundary inside the gold token [吸抽], producing [吸 / 抽].",False,True,,2
1086,P1,P1 Identical-character projection,under,在公共场所来老弱男女。在公共场所吸抽就意味着，不抽烟者都被吸呼烟。,在公共场所有男女老幼，所以在公共场所抽烟就意味着这些不抽烟者都得被迫吸烟。,在 公共场所 来 老弱男女 。 在 公共场所 吸抽 就 意味着 ， 不抽烟者 都 被 吸 呼 烟 。,在 公共场所 来 老 弱 男女 。 在 公共场所 吸 抽 就 意味着 ， 不抽烟者 都 被 吸呼烟 。,吸 / 呼 / 烟,吸呼烟,29,32,吸呼烟,"[30, 31]",[],[],"[30, 31]","The prediction misses the gold boundary between [吸] and [呼], merging them into [吸呼烟].",False,True,,3
1090,P1,P1 Identical-character projection,under,星期五中午十二点钟我上汉语果。晚上我有约会跟朋友。,星期五中午十二点钟我上汉语课，晚上我跟朋友有约会。,星期五 中午 十二点钟 我 上 汉语 果 。 晚上 我 有 约会 跟 朋友 。,星期五 中午 十二点钟 我 上 汉语果 。 晚上 我 有 约会 跟 朋友 。,汉语 / 果,汉语果,11,14,汉语果,[13],[],[],[13],"The prediction misses the gold boundary between [汉语] and [果], merging them into [汉语果].",False,True,,1
1093,P1,P1 Identical-character projection,over,是在非洲中有名种名样的地方，差不多都是风景区，是很安静。你们可以一边放松一边玩儿。,在非洲中有各种各样的地方，差不多都是风景区，都很安静。你们可以一边放松一边玩儿。,是 在 非洲 中 有 名种名样 的 地方 ， 差不多 都 是 风景区 ， 是 很 安静 。 你们 可以 一边 放松 一边 玩儿 。,是 在 非洲 中 有 名种 名样 的 地方 ， 差不多 都 是 风景区 ， 是 很 安静 。 你们 可以 一边 放松 一边 玩儿 。,名种名样,名种 / 名样,6,10,名种名样,[],[8],[8],[],"The prediction inserts an extra boundary inside the gold token [名种名样], producing [名种 / 名样].",False,True,,1
1107,P1,P1 Identical-character projection,over,总得来说，对孩子的教育父母有第一责任的。,总的来说，对孩子的教育父母是有第一责任的。,总得来说 ， 对 孩子 的 教育 父母 有 第一 责任 的 。,总得 来说 ， 对 孩子 的 教育 父母 有 第一 责任 的 。,总得来说,总得 / 来说,0,4,总得来说,[],[2],[2],[],"The prediction inserts an extra boundary inside the gold token [总得来说], producing [总得 / 来说].",True,True,,1
1115,P1,P1 Identical-character projection,over,吸烟者觉得没有吸烟得话不能休息精神。,吸烟者觉得没有吸烟的话不能放松精神。,吸烟者 觉得 没有 吸烟 得话 不 能 休息 精神 。,吸烟者 觉得 没有 吸烟 得 话 不 能 休息 精神 。,得话,得 / 话,9,11,得话,[],[10],[10],[],"The prediction inserts an extra boundary inside the gold token [得话], producing [得 / 话].",True,False,,1
1118,P1,P1 Identical-character projection,under,我学中文，因为我想学写中文字和明白中国的文化。中国历使有意思。我很喜欢也很开心，学中文，因为有很多人问我为什么我不会看或者学中文。现在我会一点点了阿！,我学中文，因为我想学写汉字和了解中国的文化。中国历史很有意思。我很喜欢也很开心学中文，因为以前有很多人问我为什么我不会看或者写中文。现在我会一点点了啊！,我 学 中文 ， 因为 我 想 学 写 中文 字 和 明白 中国 的 文化 。 中国 历使 有意思 。 我 很 喜欢 也 很 开心 ， 学 中文 ， 因为 有 很多 人 问 我 为什么 我 不 会 看 或者 学 中文 。 现在 我 会 一点点 了 阿 ！,我 学 中文 ， 因为 我 想 学 写 中文字 和 明白 中国 的 文化 。 中国 历使 有意思 。 我 很 喜欢 也 很 开心 ， 学 中文 ， 因为 有 很多 人 问 我 为什么 我 不 会 看 或者 学 中文 。 现在 我 会 一点点 了 阿 ！,中文 / 字,中文字,11,14,中文字,[13],[],[],[13],"The prediction misses the gold boundary between [中文] and [字], merging them into [中文字].",False,True,,1
1125,P1,P1 Identical-character projection,over,女孩比男孩也早开始工作，但是她们的收人低。,虽然女孩比男孩早开始工作，但是她们的收入低。,女孩 比 男孩 也 早 开始 工作 ， 但是 她们 的 收人 低 。,女孩 比 男孩 也 早 开始 工作 ， 但是 她们 的 收 人 低 。,收人,收 / 人,17,19,收人,[],[18],[18],[],"The prediction inserts an extra boundary inside the gold token [收人], producing [收 / 人].",False,True,,1
1137,P1,P1 Identical-character projection,drift,孩子也是有固有性个的一个人。,孩子也是有固有个性的一个人。,孩子 也 是 有 固有 性个 的 一个 人 。,孩子 也 是 有 固有性 个 的 一个 人 。,固有 / 性个,固有性 / 个,5,9,固有性个,[7],[8],[8],[7],"The prediction places a boundary at offset [8] instead of the gold offset [7], resulting in a shifted local segmentation.",True,True,,1
22,P2,P2 Similarity-based projection,under,所以我从小到现在在这些快餐吃饭的机会很少。对我来说每次饭都很重要。,所以我从小到现在在这些快餐店吃饭的机会很少。对我来说每顿饭都很重要。,所以 我 从小 到 现在 在 这些 快餐 吃饭 的 机会 很 少 。 对 我 来说 每 次 饭 都 很 重要 。,所以 我 从小 到 现在 在 这些 快餐 吃饭 的 机会 很 少 。 对 我 来说 每次 饭 都 很 重要 。,每 / 次,每次,25,27,每次,[26],[],[],[26],"The prediction misses the gold boundary between [每] and [次], merging them into [每次].",False,True,,1
28,P2,P2 Similarity-based projection,under,随着时代的潮流，流行歌曲对年轻的一代特别喜欢，甚至连歌星的名字都能刻在记忆上。每一首歌的曲子，谁唱的也顺口说出。这见得流行歌曲对现代的青年真是一种渴求的音乐。,随着时代的潮流，年轻的一代对流行歌曲特别喜欢，甚至连歌星的名字都能刻在记忆上。每一首歌的曲子，谁唱的也顺口说出。这足以见得流行歌曲对现代的青年来说真是一种渴求的音乐。,随着 时代 的 潮流 ， 流行歌曲 对 年轻 的 一代 特别 喜欢 ， 甚至 连 歌星 的 名字 都 能 刻 在 记忆 上 。 每 一 首 歌 的 曲子 ， 谁 唱 的 也 顺口 说 出 。 这 见 得 流行歌曲 对 现代 的 青年 真是 一 种 渴求 的 音乐 。,随着 时代 的 潮流 ， 流行歌曲 对 年轻 的 一代 特别 喜欢 ， 甚至 连 歌星 的 名字 都 能 刻 在 记忆 上 。 每 一 首 歌 的 曲子 ， 谁 唱 的 也 顺口 说 出 。 这 见得 流行歌曲 对 现代 的 青年 真 是 一 种 渴求 的 音乐 。,见 / 得,见得,57,59,见得,[58],[],[],[58],"The prediction misses the gold boundary between [见] and [得], merging them into [见得].",False,True,,1
28,P2,P2 Similarity-based projection,over,随着时代的潮流，流行歌曲对年轻的一代特别喜欢，甚至连歌星的名字都能刻在记忆上。每一首歌的曲子，谁唱的也顺口说出。这见得流行歌曲对现代的青年真是一种渴求的音乐。,随着时代的潮流，年轻的一代对流行歌曲特别喜欢，甚至连歌星的名字都能刻在记忆上。每一首歌的曲子，谁唱的也顺口说出。这足以见得流行歌曲对现代的青年来说真是一种渴求的音乐。,随着 时代 的 潮流 ， 流行歌曲 对 年轻 的 一代 特别 喜欢 ， 甚至 连 歌星 的 名字 都 能 刻 在 记忆 上 。 每 一 首 歌 的 曲子 ， 谁 唱 的 也 顺口 说 出 。 这 见 得 流行歌曲 对 现代 的 青年 真是 一 种 渴求 的 音乐 。,随着 时代 的 潮流 ， 流行歌曲 对 年轻 的 一代 特别 喜欢 ， 甚至 连 歌星 的 名字 都 能 刻 在 记忆 上 。 每 一 首 歌 的 曲子 ， 谁 唱 的 也 顺口 说 出 。 这 见得 流行歌曲 对 现代 的 青年 真 是 一 种 渴求 的 音乐 。,真是,真 / 是,69,71,真是,[],[70],[70],[],"The prediction inserts an extra boundary inside the gold token [真是], producing [真 / 是].",False,True,,2
30,P2,P2 Similarity-based projection,under,若说要把她们关起来，二十四小时根本没接触到一个男人的话，她们会少了很多知识，也会追不上不断改变的社会，让她们落在别的国家的后头。还有，如果说一名女士要和另外一间公司谈生意，而对方的公司派出一名男士，那么那位女士不是会感到非常地紧张，一句话都说不出？若这件事件真的发生的话，那么那名女士的公司就会谈不到很多生意吗？,若要把她们关起来，二十四小时根本没接触到一个男人的话，她们会少了很多知识，也会追不上不断改变的社会，让她们落在国家的后头。还有，如果说一名女士要和另外一家公司谈生意，而对方的公司派出一名男士，那么这位女士不是会感到非常地紧张，一句话都说不出吗？若这个事件真的发生的话，那么这名女士的公司不就会谈不到很多生意吗？,若 说 要 把 她们 关 起来 ， 二十四 小时 根本 没 接触 到 一个 男人 的话 ， 她们 会 少 了 很多 知识 ， 也 会 追 不 上 不断 改变 的 社会 ， 让 她们 落 在 别的 国家 的 后头 。 还有 ， 如果 说 一 名 女士 要 和 另外 一 间 公司 谈 生意 ， 而 对方 的 公司 派出 一 名 男士 ， 那么 那 位 女士 不 是 会 感到 非常 地 紧张 ， 一 句 话 都 说 不 出 ？ 若 这 件 事件 真的 发生 的话 ， 那么 那 名 女士 的 公司 就 会 谈 不 到 很多 生意 吗 ？,若 说 要 把 她们 关 起来 ， 二十四 小时 根本 没 接触 到 一个 男人 的话 ， 她们 会 少 了 很多 知识 ， 也 会 追 不 上 不断 改变 的 社会 ， 让 她们 落 在 别的 国家 的 后头 。 还有 ， 如果 说 一 名 女士 要 和 另外 一 间 公司 谈 生意 ， 而 对方 的 公司 派出 一 名 男士 ， 那么 那位 女士 不 是 会 感到 非常 地 紧张 ， 一 句 话 都 说 不 出 ？ 若 这 件 事件 真的 发生 的话 ， 那么 那 名 女士 的 公司 就 会 谈 不 到 很多 生意 吗 ？,那 / 位,那位,101,103,那位,[102],[],[],[102],"The prediction misses the gold boundary between [那] and [位], merging them into [那位].",False,False,,1
33,P2,P2 Similarity-based projection,over,在越南，人的外观非常重要。夫妇使用数万元郎筹备自己的婚礼，就像向对方展示竞争，固需要一袭很贵的婚纱，伴娘和伴郎漂亮礼服，预设的雅仪式，狠的餐饮服务商等等。一切都必须是完美的，地给我们一生中最快乐的一天。,在越南，人的外观非常重要。夫妇使用数万元筹备自己的婚礼，就像与对方竞争，比如需要一袭很贵的婚纱，伴娘和伴郎漂亮的礼服，预设的典雅仪式，好的餐饮服务商等等。一切都必须是完美的，以便给我们一生中最快乐的一天。,在 越南 ， 人 的 外观 非常 重要 。 夫妇 使用 数万 元郎 筹备 自己 的 婚礼 ， 就 像 向 对方 展示 竞争 ， 固 需要 一 袭 很 贵 的 婚纱 ， 伴娘 和 伴郎 漂亮 礼服 ， 预设 的 雅 仪式 ， 狠 的 餐饮 服务商 等等 。 一切 都 必须 是 完美 的 ， 地 给 我们 一生 中 最 快乐 的 一 天 。,在 越南 ， 人 的 外观 非常 重要 。 夫妇 使用 数万 元 郎 筹备 自己 的 婚礼 ， 就 像 向 对方 展示 竞争 ， 固 需要 一 袭 很 贵 的 婚纱 ， 伴娘 和 伴郎 漂亮 礼服 ， 预设 的 雅 仪式 ， 狠 的 餐饮 服务商 等等 。 一切 都 必须 是 完美 的 ， 地 给 我们 一生 中 最 快乐 的 一 天 。,元郎,元 / 郎,19,21,元郎,[],[20],[20],[],"The prediction inserts an extra boundary inside the gold token [元郎], producing [元 / 郎].",False,False,,1
40,P2,P2 Similarity-based projection,over,最近注意点吸烟的人越来越多了，大家都是这样的文化思想要求高等生活水平的。在公共场所规定再多严厉要的话，必须做为了青少年和所有人的健康，我希望一定好生活的改变的环境。,最近注意到吸烟的人越来越多了，大家都是有文化思想和高等生活水平的人。在公共场所制定更多严厉的规定是必须要做的。为了青少年和所有人的健康，我希望生活环境一定要被改善。,最近 注意 点 吸烟 的 人 越来越 多 了 ， 大家 都 是 这样 的 文化 思想 要求 高等 生活 水平 的 。 在 公共场所 规定 再 多 严厉 要 的话 ， 必须 做 为了 青少年 和 所有 人 的 健康 ， 我 希望 一定 好 生活 的 改变 的 环境 。,最近 注意 点 吸烟 的 人 越来越 多 了 ， 大家 都 是 这样 的 文化 思想 要求 高等 生活 水平 的 。 在 公共场所 规定 再 多 严厉 要 的 话 ， 必须 做为了 青少年 和 所有 人 的 健康 ， 我 希望 一定 好 生活 的 改变 的 环境 。,的话,的 / 话,48,50,的话,[],[49],[49],[],"The prediction inserts an extra boundary inside the gold token [的话], producing [的 / 话].",False,False,,1
40,P2,P2 Similarity-based projection,under,最近注意点吸烟的人越来越多了，大家都是这样的文化思想要求高等生活水平的。在公共场所规定再多严厉要的话，必须做为了青少年和所有人的健康，我希望一定好生活的改变的环境。,最近注意到吸烟的人越来越多了，大家都是有文化思想和高等生活水平的人。在公共场所制定更多严厉的规定是必须要做的。为了青少年和所有人的健康，我希望生活环境一定要被改善。,最近 注意 点 吸烟 的 人 越来越 多 了 ， 大家 都 是 这样 的 文化 思想 要求 高等 生活 水平 的 。 在 公共场所 规定 再 多 严厉 要 的话 ， 必须 做 为了 青少年 和 所有 人 的 健康 ， 我 希望 一定 好 生活 的 改变 的 环境 。,最近 注意 点 吸烟 的 人 越来越 多 了 ， 大家 都 是 这样 的 文化 思想 要求 高等 生活 水平 的 。 在 公共场所 规定 再 多 严厉 要 的 话 ， 必须 做为了 青少年 和 所有 人 的 健康 ， 我 希望 一定 好 生活 的 改变 的 环境 。,做 / 为了,做为了,53,56,做为了,[54],[],[],[54],"The prediction misses the gold boundary between [做] and [为了], merging them into [做为了].",False,False,,2
41,P2,P2 Similarity-based projection,under,而每一代的年轻时代都有不同的音乐调。,而每一代的年轻时代都有不同的音乐曲调。,而 每 一代 的 年轻 时代 都 有 不同 的 音乐 调 。,而 每 一代 的 年轻 时代 都 有 不同 的 音乐调 。,音乐 / 调,音乐调,14,17,音乐调,[16],[],[],[16],"The prediction misses the gold boundary between [音乐] and [调], merging them into [音乐调].",True,True,,1
45,P2,P2 Similarity-based projection,over,我自眼看见了：为了孩了。父母什么都作。,我亲眼看见了：为了孩子，父母什么都做。,我 自眼 看见 了 ： 为了 孩了 。 父母 什么 都 作 。,我 自眼 看见 了 ： 为了 孩 了 。 父母 什么 都 作 。,孩了,孩 / 了,9,11,孩了,[],[10],[10],[],"The prediction inserts an extra boundary inside the gold token [孩了], producing [孩 / 了].",True,True,,1
46,P2,P2 Similarity-based projection,over,生物質能利用光合的现象。囤积的有机物是农场开发的。地热能在于抽取地面里的来创造热气电力。,生物质能是农场的植物利用光合作用囤积的有机物中含有的能量。地热能是由地壳抽取的以热力形式存在的能量，并且可用来创造电力。,生物質能 利用 光合 的 现象 。 囤积 的 有机物 是 农场 开发 的 。 地热能 在于 抽取 地面 里 的 来 创造 热气 电力 。,生物 質 能 利用 光合 的 现象 。 囤积 的 有机物 是 农场 开 发 的 。 地热能 在于 抽取 地面 里 的 来 创造 热气 电力 。,生物質能,生物 / 質 / 能,0,4,生物質能,[],"[2, 3]","[2, 3]",[],"The prediction inserts an extra boundary inside the gold token [生物質能], producing [生物 / 質 / 能].",False,True,,1
46,P2,P2 Similarity-based projection,over,生物質能利用光合的现象。囤积的有机物是农场开发的。地热能在于抽取地面里的来创造热气电力。,生物质能是农场的植物利用光合作用囤积的有机物中含有的能量。地热能是由地壳抽取的以热力形式存在的能量，并且可用来创造电力。,生物質能 利用 光合 的 现象 。 囤积 的 有机物 是 农场 开发 的 。 地热能 在于 抽取 地面 里 的 来 创造 热气 电力 。,生物 質 能 利用 光合 的 现象 。 囤积 的 有机物 是 农场 开 发 的 。 地热能 在于 抽取 地面 里 的 来 创造 热气 电力 。,开发,开 / 发,21,23,开发,[],[22],[22],[],"The prediction inserts an extra boundary inside the gold token [开发], producing [开 / 发].",False,True,,2
49,P2,P2 Similarity-based projection,over,我高中同学之间有一些根本没有和女孩子讲过话，现在他们太不好意思讲，因此会出现同性恋这一类问题。实事上我高中同学之间的同性率算较高。,我高中同学之中有一些根本没有和女孩子讲过话的，现在他们也不太好意思讲，因此会出现同性恋这一类问题。事实上，我高中同学之中的同性恋率确实算是较高的。,我 高中 同学 之间 有 一些 根本 没有 和 女孩子 讲 过 话 ， 现在 他们 太 不好意思 讲 ， 因此 会 出现 同性恋 这 一 类 问题 。 实事上 我 高中 同学 之间 的 同性率 算 较 高 。,我 高中 同学 之间 有 一些 根本 没有 和 女孩子 讲 过 话 ， 现在 他们 太 不好意思 讲 ， 因此 会 出现 同性恋 这 一 类 问题 。 实事 上 我 高中 同学 之间 的 同性率 算 较 高 。,实事上,实事 / 上,47,50,实事上,[],[49],[49],[],"The prediction inserts an extra boundary inside the gold token [实事上], producing [实事 / 上].",False,True,,1
68,P2,P2 Similarity-based projection,under,这些歌曲，在一定程度上，给人予教育的作用。,这些歌曲，在一定程度上，给人以教育的作用。,这些 歌曲 ， 在 一定 程度 上 ， 给 人 予 教育 的 作用 。,这些 歌曲 ， 在 一定 程度 上 ， 给 人予 教育 的 作用 。,人 / 予,人予,13,15,人予,[14],[],[],[14],"The prediction misses the gold boundary between [人] and [予], merging them into [人予].",False,True,,1
70,P2,P2 Similarity-based projection,under,对公众利益产生的影响也不能忽视。有关调查表明，间接吸烟对身康的危害比吸烟者严重得多。因此，吸烟者为了保护非吸烟者的健康尽量不应该在非吸烟者面前抽烟。,对公众利益产生的影响也不能忽视。有关调查表明，间接吸烟对身体健康的危害比对吸烟者的严重得多。因此，吸烟者为了保护非吸烟者的健康不应该在非吸烟者面前抽烟。,对 公众 利益 产生 的 影响 也 不能 忽视 。 有关 调查 表明 ， 间接 吸烟 对 身 康 的 危害 比 吸烟者 严重 得 多 。 因此 ， 吸烟者 为了 保护 非吸烟者 的 健康 尽量 不 应该 在 非吸烟者 面前 抽烟 。,对 公众 利益 产生 的 影响 也 不能 忽视 。 有关 调查 表明 ， 间接 吸烟 对 身康 的 危害 比 吸烟者 严重 得 多 。 因此 ， 吸烟者 为了 保护 非吸烟者 的 健康 尽量 不 应该 在 非吸烟者 面前 抽烟 。,身 / 康,身康,28,30,身康,[29],[],[],[29],"The prediction misses the gold boundary between [身] and [康], merging them into [身康].",False,False,,1
72,P2,P2 Similarity-based projection,under,一听说贵公司正在征聘导游，本人便有意思想加入。,一听说贵公司正在征聘导游，本人便有意愿加入。,一 听说 贵公司 正在 征聘 导游 ， 本人 便 有 意思 想 加入 。,一 听说 贵公司 正在 征聘 导游 ， 本人 便 有 意思想 加入 。,意思 / 想,意思想,17,20,意思想,[19],[],[],[19],"The prediction misses the gold boundary between [意思] and [想], merging them into [意思想].",False,True,,1
75,P2,P2 Similarity-based projection,under,要是他们的感情能经历数十多年的时间，那一定也能再渡过多几十年的时间海。,要是他们的感情能经历数十年的时间，那一定也能再渡过几十年的时间。,要是 他们 的 感情 能 经历 数十 多 年 的 时间 ， 那 一定 也 能 再 渡过 多 几十 年 的 时间 海 。,要是 他们 的 感情 能 经历 数十 多 年 的 时间 ， 那 一定 也 能 再 渡过 多 几十 年 的 时间海 。,时间 / 海,时间海,31,34,时间海,[33],[],[],[33],"The prediction misses the gold boundary between [时间] and [海], merging them into [时间海].",False,True,,1
92,P2,P2 Similarity-based projection,under,再次，很好的恋爱可以向上年轻人的精神。,第二，良好的恋爱可以鼓舞年轻人的精神。,再次 ， 很 好 的 恋爱 可以 向上 年轻人 的 精神 。,再次 ， 很好 的 恋爱 可以 向上 年轻人 的 精神 。,很 / 好,很好,3,5,很好,[4],[],[],[4],"The prediction misses the gold boundary between [很] and [好], merging them into [很好].",True,True,,1
93,P2,P2 Similarity-based projection,over,我很喜欢去外国，因为我觉得去看没见过的风景，跟有和我们的思想不一样的人说，很有意思。离城市的污染离得秀远的地方又有新鲜的空气，又有漂亮的植物，例如报春花、百合、素等等，而且在那些幽美的地方感觉沉静。所以对我来说最好的旅行就是在大自然参观。,我很喜欢去外国，因为我觉得去看没见过的风景，跟和我们的思想不一样的人聊天，很有意思。离城市的污染远的地方又有新鲜的空气，又有漂亮的植物，例如报春花、百合、紫苏等等，而且在那些幽美的地方让人感觉沉静。所以对我来说最好的旅行就是在大自然里参观。,我 很 喜欢 去 外国 ， 因为 我 觉得 去 看 没 见 过 的 风景 ， 跟 有 和 我们 的 思想 不 一样 的 人 说 ， 很 有意思 。 离 城市 的 污染 离 得 秀远 的 地方 又 有 新鲜 的 空气 ， 又 有 漂亮 的 植物 ， 例如 报春花 、 百合 、 素 等等 ， 而且 在 那些 幽美 的 地方 感觉 沉静 。 所以 对 我 来说 最 好 的 旅行 就 是 在 大自然 参观 。,我 很 喜欢 去 外国 ， 因为 我 觉得 去 看 没 见 过 的 风景 ， 跟 有 和 我们 的 思想 不 一样 的 人 说 ， 很 有意思 。 离 城市 的 污染 离 得 秀 远 的 地方 又 有 新鲜 的 空气 ， 又 有 漂亮 的 植物 ， 例如 报春花 、 百合 、 素 等等 ， 而且 在 那些 幽美 的 地方 感觉 沉静 。 所以 对 我 来说 最 好 的 旅行 就 是 在 大自然 参观 。,秀远,秀 / 远,50,52,秀远,[],[51],[51],[],"The prediction inserts an extra boundary inside the gold token [秀远], producing [秀 / 远].",False,False,,1
105,P2,P2 Similarity-based projection,under,那就是因为浪费金钱特意购买毒品。我对中国人的吸烟不太清楚，但是，说起日本人，吸烟的理由有三个：第一，青年为了装酷抽的坏习惯。第二，为了得到轻松的吸烟。,那就是为了浪费金钱特意购买毒品。我对中国人吸烟的理由不太清楚，但是，说起日本人，吸烟的理由有三个：第一，青年为了装酷养成抽烟的坏习惯。第二，为了得到轻松而吸烟。,那 就 是 因为 浪费 金钱 特意 购买 毒品 。 我 对 中国 人 的 吸烟 不 太 清楚 ， 但是 ， 说 起 日本 人 ， 吸烟 的 理由 有 三 个 ： 第一 ， 青年 为了 装 酷 抽 的 坏 习惯 。 第二 ， 为了 得到 轻松 的 吸烟 。,那 就 是 因为 浪费 金钱 特意 购买 毒品 。 我 对 中国 人 的 吸烟 不 太 清楚 ， 但是 ， 说 起 日本 人 ， 吸烟 的 理由 有 三 个 ： 第一 ， 青年 为了 装酷 抽 的 坏 习惯 。 第二 ， 为了 得到 轻松 的 吸烟 。,装 / 酷,装酷,54,56,装酷,[55],[],[],[55],"The prediction misses the gold boundary between [装] and [酷], merging them into [装酷].",False,False,,1
106,P2,P2 Similarity-based projection,under,还有想作为好老师的话，不能给孩子一个答案。,还有，想做好老师的话，不能只给孩子一个答案。,还有 想 作为 好 老师 的 话 ， 不 能 给 孩子 一个 答案 。,还有 想 作为 好 老师 的话 ， 不 能 给 孩子 一个 答案 。,的 / 话,的话,8,10,的话,[9],[],[],[9],"The prediction misses the gold boundary between [的] and [话], merging them into [的话].",False,True,,1
109,P2,P2 Similarity-based projection,over,父母的一举一动，品格、人格态度足而影响他们的孩子。,父母的一举一动、品格和人格态度足以影响他们的孩子一生。,父母 的 一举一动 ， 品格 、 人格 态度 足而 影响 他们 的 孩子 。,父母 的 一举一动 ， 品格 、 人格 态度 足 而 影响 他们 的 孩子 。,足而,足 / 而,15,17,足而,[],[16],[16],[],"The prediction inserts an extra boundary inside the gold token [足而], producing [足 / 而].",False,True,,1
111,P2,P2 Similarity-based projection,under,她有两个姐姐、一个妹妹和西个哥哥。但是，在她的家只有西个养：父母、妹妹和她。他们有四个猫。,她有两个姐姐、一个妹妹和四个哥哥。但是，在她的家里只有四个人养猫：父母、妹妹和她。他们有四只猫。,她 有 两 个 姐姐 、 一个 妹妹 和 西 个 哥哥 。 但是 ， 在 她 的 家 只 有 西 个 养 ： 父母 、 妹妹 和 她 。 他们 有 四 个 猫 。,她 有 两 个 姐姐 、 一个 妹妹 和 西 个 哥哥 。 但是 ， 在 她 的 家 只 有 西 个养 ： 父母 、 妹妹 和 她 。 他们 有 四 个 猫 。,个 / 养,个养,27,29,个养,[28],[],[],[28],"The prediction misses the gold boundary between [个] and [养], merging them into [个养].",False,True,,1
137,P2,P2 Similarity-based projection,over,抱着自足自己的情况，像耕农田似的，人们默默地培养自己的人生。,抱着自给自足的心态，像耕农田似的，人们默默地耕耘自己的人生。,抱 着 自足自己 的 情况 ， 像 耕 农田 似的 ， 人们 默默 地 培养 自己 的 人生 。,抱 着 自足 自己 的 情况 ， 像 耕 农田 似的 ， 人们 默默 地 培养 自己 的 人生 。,自足自己,自足 / 自己,2,6,自足自己,[],[4],[4],[],"The prediction inserts an extra boundary inside the gold token [自足自己], producing [自足 / 自己].",False,True,,1
143,P2,P2 Similarity-based projection,under,这些问题不宜一概而论，也是一言难尽的，绿色食品虽然已经普及了人们的生活中，但是假如没有添加剂的话，我们原来能吃到的东西，都吃不了了，所以添加剂是不可缺少的，也是功不可没的。问题是不仅仅添加剂，化肥和农药也是一个问题，它们虽然带来农作物的增产，但是也带来的化学污染和伤害人们的健康。所以说农药和化肥这些问题一不宜概而论，也可以说各有千秋吧，人们已经认识了它们好处和坏处。,这些问题不宜一概而论，也是一言难尽的，绿色食品虽然已经普及到了人们的生活中，但是假如没有添加剂的话，我们原来能吃到的东西，都吃不了了，所以添加剂是不可缺少的，也是功不可没的。问题是不仅仅是添加剂，化肥和农药也是一个问题，它们虽然带来农作物的增产，但是也带来化学污染并且伤害了人们的健康。所以说农药和化肥这些问题不宜一概而论，也可以说各有千秋吧，人们已经认识了它们的好处和坏处。,这些 问题 不宜 一概而论 ， 也 是 一言难尽 的 ， 绿色 食品 虽然 已经 普及 了 人们 的 生活 中 ， 但是 假如 没有 添加剂 的话 ， 我们 原来 能 吃 到 的 东西 ， 都 吃 不 了 了 ， 所以 添加剂 是 不可 缺少 的 ， 也 是 功不可没 的 。 问题 是 不仅仅 添加剂 ， 化肥 和 农药 也 是 一个 问题 ， 它们 虽然 带来 农作物 的 增产 ， 但是 也 带来 的 化学 污染 和 伤害 人们 的 健康 。 所以 说 农药 和 化肥 这些 问题 一 不宜 概而论 ， 也 可以 说 各有千秋 吧 ， 人们 已经 认识 了 它们 好处 和 坏处 。,这些 问题 不宜 一概而论 ， 也 是 一言难尽 的 ， 绿色 食品 虽然 已经 普及 了 人们 的 生活 中 ， 但是 假如 没有 添加剂 的话 ， 我们 原来 能 吃 到 的 东西 ， 都 吃 不 了 了 ， 所以 添加剂 是 不可 缺少 的 ， 也 是 功不可没 的 。 问题 是 不仅仅 添加剂 ， 化肥 和 农药 也 是 一个 问题 ， 它们 虽然 带来 农作物 的 增产 ， 但是 也 带来 的 化学 污染 和 伤害 人们 的 健康 。 所以 说 农药 和 化肥 这些 问题 一不宜概而论 ， 也 可以 说 各有千秋 吧 ， 人们 已经 认识 了 它们 好处 和 坏处 。,一 / 不宜 / 概而论,一不宜概而论,152,158,一不宜概而论,"[153, 155]",[],[],"[153, 155]","The prediction misses the gold boundary between [一] and [不宜], merging them into [一不宜概而论].",False,False,,1
153,P2,P2 Similarity-based projection,over,久后，我不想是律师。律师有多收入，但是我不喜欢法学。我不想做这个工作，因为我不想多收入。我想做好工作。有人说：金钱难买幸福，但它不无小補。,日后，我不想做律师。律师有高收入，但是我不喜欢法学。我不想做这个工作，因为我不想要高收入，我只想做好工作，然而有人说：“金钱难买幸福，但它不无作用。”,久后 ， 我 不 想 是 律师 。 律师 有 多 收入 ， 但是 我 不 喜欢 法学 。 我 不 想 做 这个 工作 ， 因为 我 不 想 多 收入 。 我 想 做 好 工作 。 有 人 说 ： 金钱 难 买 幸福 ， 但 它 不无 小補 。,久后 ， 我 不 想 是 律师 。 律师 有 多 收入 ， 但是 我 不 喜欢 法学 。 我 不 想 做 这个 工作 ， 因为 我 不 想 多 收入 。 我 想 做 好 工作 。 有 人 说 ： 金钱 难 买 幸福 ， 但 它 不无 小 補 。,小補,小 / 補,66,68,小補,[],[67],[67],[],"The prediction inserts an extra boundary inside the gold token [小補], producing [小 / 補].",False,True,,1
158,P2,P2 Similarity-based projection,over,所以人们为了保持自身健康做出新的主意了，那就是最在市场上活跃的“绿色食品”。,所以人们为了保持自身健康想出新的主意，那就是在市场上最活跃的“绿色食品”。,所以 人们 为了 保持 自身 健康 做出 新 的 主意 了 ， 那 就 是 最 在 市场 上 活跃 的 “ 绿色 食品 ” 。,所以 人们 为了 保持 自身 健康 做 出 新 的 主意 了 ， 那 就 是 最 在 市场 上 活跃 的 “ 绿色 食品 ” 。,做出,做 / 出,12,14,做出,[],[13],[13],[],"The prediction inserts an extra boundary inside the gold token [做出], producing [做 / 出].",False,True,,1
160,P2,P2 Similarity-based projection,under,但是人们只能看农药的不好处。,但是人们只能看到农药的不好之处。,但是 人们 只能 看 农药 的 不好 处 。,但是 人们 只能 看 农药 的 不好处 。,不好 / 处,不好处,10,13,不好处,[12],[],[],[12],"The prediction misses the gold boundary between [不好] and [处], merging them into [不好处].",True,True,,1
167,P2,P2 Similarity-based projection,over,特别家长，有些歌曲对学生是有好处的，但毕竟流行歌曲是成年人的产物，难免有情和爱在里面，所以家长们非常排斥流行音乐。但不应该阻止他们去听，应该和他们一起了解流行音乐，分辨好坏，好的就要鼓励他们去听，不要盲目的阻止他们，因传媒的发展不是光阻止就可以不让他们去听的。,特别是某些家长。有些歌曲对学生是有好处的，但毕竟流行歌曲是成年人的产物，难免有情和爱在里面，所以家长们非常排斥流行音乐。但不应该阻止学生们去听，应该和他们一起了解流行音乐，分辨好坏，好的就要鼓励他们去听，不要盲目地阻止他们，因为传媒方式在不断发展，不是光阻止就可以不让他们去听的。,特别 家长 ， 有些 歌曲 对 学生 是 有 好处 的 ， 但 毕竟 流行 歌曲 是 成年人 的 产物 ， 难免 有 情 和 爱 在 里面 ， 所以 家长 们 非常 排斥 流行 音乐 。 但 不 应该 阻止 他们 去 听 ， 应该 和 他们 一起 了解 流行 音乐 ， 分辨 好坏 ， 好 的 就 要 鼓励 他们 去 听 ， 不要 盲目 的 阻止 他们 ， 因 传媒 的 发展 不 是 光 阻止 就 可以 不 让 他们 去 听 的 。,特别 家长 ， 有些 歌曲 对 学生 是 有 好处 的 ， 但 毕竟 流行 歌曲 是 成年人 的 产物 ， 难免 有 情 和 爱 在 里面 ， 所以 家长 们 非常 排斥 流行 音乐 。 但 不 应该 阻止 他 们 去 听 ， 应该 和 他们 一起 了解 流行 音乐 ， 分辨 好坏 ， 好 的 就要 鼓励 他们 去 听 ， 不要 盲目 的 阻止 他们 ， 因 传媒 的 发展 不 是 光 阻止 就 可以 不 让 他们 去 听 的 。,他们,他 / 们,63,65,他们,[],[64],[64],[],"The prediction inserts an extra boundary inside the gold token [他们], producing [他 / 们].",False,False,,1
167,P2,P2 Similarity-based projection,under,特别家长，有些歌曲对学生是有好处的，但毕竟流行歌曲是成年人的产物，难免有情和爱在里面，所以家长们非常排斥流行音乐。但不应该阻止他们去听，应该和他们一起了解流行音乐，分辨好坏，好的就要鼓励他们去听，不要盲目的阻止他们，因传媒的发展不是光阻止就可以不让他们去听的。,特别是某些家长。有些歌曲对学生是有好处的，但毕竟流行歌曲是成年人的产物，难免有情和爱在里面，所以家长们非常排斥流行音乐。但不应该阻止学生们去听，应该和他们一起了解流行音乐，分辨好坏，好的就要鼓励他们去听，不要盲目地阻止他们，因为传媒方式在不断发展，不是光阻止就可以不让他们去听的。,特别 家长 ， 有些 歌曲 对 学生 是 有 好处 的 ， 但 毕竟 流行 歌曲 是 成年人 的 产物 ， 难免 有 情 和 爱 在 里面 ， 所以 家长 们 非常 排斥 流行 音乐 。 但 不 应该 阻止 他们 去 听 ， 应该 和 他们 一起 了解 流行 音乐 ， 分辨 好坏 ， 好 的 就 要 鼓励 他们 去 听 ， 不要 盲目 的 阻止 他们 ， 因 传媒 的 发展 不 是 光 阻止 就 可以 不 让 他们 去 听 的 。,特别 家长 ， 有些 歌曲 对 学生 是 有 好处 的 ， 但 毕竟 流行 歌曲 是 成年人 的 产物 ， 难免 有 情 和 爱 在 里面 ， 所以 家长 们 非常 排斥 流行 音乐 。 但 不 应该 阻止 他 们 去 听 ， 应该 和 他们 一起 了解 流行 音乐 ， 分辨 好坏 ， 好 的 就要 鼓励 他们 去 听 ， 不要 盲目 的 阻止 他们 ， 因 传媒 的 发展 不 是 光 阻止 就 可以 不 让 他们 去 听 的 。,就 / 要,就要,89,91,就要,[90],[],[],[90],"The prediction misses the gold boundary between [就] and [要], merging them into [就要].",False,False,,2
168,P2,P2 Similarity-based projection,over,我其次看政府说的两个目的发布这规定得到不得到。,其次，我想看政府说的这两个目的通过发布这项规定能不能达到。,我 其次 看 政府 说 的 两 个 目的 发布 这 规定 得到 不 得到 。,我 其次 看 政府 说 的 两 个 目的 发布 这 规定 得到 不 得 到 。,得到,得 / 到,20,22,得到,[],[21],[21],[],"The prediction inserts an extra boundary inside the gold token [得到], producing [得 / 到].",False,False,,1
172,P2,P2 Similarity-based projection,over,不是请假，而且不上课、不上班、没有学习、没有工作那样的人是一种病。,不只请假，而且不上课、不上班、不学习、没有工作那样的人是一种病。,不是 请假 ， 而且 不 上课 、 不 上班 、 没有 学习 、 没有 工作 那样 的 人 是 一 种 病 。,不 是 请假 ， 而且 不 上课 、 不 上班 、 没有 学习 、 没有 工作 那样 的 人 是 一 种 病 。,不是,不 / 是,0,2,不是,[],[1],[1],[],"The prediction inserts an extra boundary inside the gold token [不是], producing [不 / 是].",False,True,,1
174,P2,P2 Similarity-based projection,over,我要介绍我的最的朋友。她是一个中国人，我们有共同语言，我们都喜欢做得饭，喜欢常客，喜欢看书和看电影。她性格内向，可是她很幽默。一般来说，我们常常不见面，因为她住在洛桑，但是我们每个晚上打电话。我希望她是我的永远朋友。,我要介绍我最好的朋友。她是一个中国人，我们有共同语言，我们都喜欢做饭，喜欢唱歌，喜欢看书和看电影。她性格内向，可是她很幽默。一般来说，我们不常常见面，因为她住在洛桑，但是我们每个晚上都打电话。我希望她会是我永远的朋友。,我 要 介绍 我 的 最 的 朋友 。 她 是 一个 中国 人 ， 我们 有 共同语言 ， 我们 都 喜欢 做得饭 ， 喜欢 常客 ， 喜欢 看 书 和 看 电影 。 她 性格 内向 ， 可是 她 很 幽默 。 一般来说 ， 我们 常常 不 见面 ， 因为 她 住 在 洛桑 ， 但是 我们 每个 晚上 打电话 。 我 希望 她 是 我 的 永远 朋友 。,我 要 介绍 我 的 最 的 朋友 。 她 是 一个 中国 人 ， 我们 有 共同语言 ， 我们 都 喜欢 做 得 饭 ， 喜欢 常客 ， 喜欢 看 书 和 看 电影 。 她 性格 内向 ， 可是 她 很 幽默 。 一般来说 ， 我们 常常 不 见面 ， 因为 她 住 在 洛桑 ， 但是 我们 每个 晚上 打电话 。 我 希望 她 是 我 的 永远 朋友 。,做得饭,做 / 得 / 饭,32,35,做得饭,[],"[33, 34]","[33, 34]",[],"The prediction inserts an extra boundary inside the gold token [做得饭], producing [做 / 得 / 饭].",False,False,,1
176,P2,P2 Similarity-based projection,under,照我的看法，当我们选择要看之书籍时，首先选一些适合我们学历范围内的书籍，不要太枯燥，一目了然，这样我们对书本的内容、情节就很快看懂，就养成我们喜欢阅读的爱好。平时在看书时我们能一边看一边念，这样能增加我们对书内之内容更深刻更地理解，也能帮助我们说出一口流利的语言。无论在社会上的那个角落，如果我们已掌握好阅读之能力，对我们都有很大的帮助，无论在职业上、交际上，生活中，都能帮助我们决解难题。,按照我的看法，当我们选择要看的书籍时，首先选一些在我们学历范围内的书籍，不要太枯燥，一目了然，这样我们很快就能看懂书本的内容、情节，培养我们喜欢阅读的爱好。平时在看书时，我们一边看一边念，这样能增加我们对书本的内容的理解，也能帮助我们说出一口流利的语言。无论在社会上的那个角落，如果我们掌握好阅读的能力，对我们都有很大的帮助，无论在职业上、交际上，还是在生活中，都能帮助我们解决难题。,照 我 的 看法 ， 当 我们 选择 要 看 之 书籍 时 ， 首先 选 一些 适合 我们 学历 范围 内 的 书籍 ， 不要 太 枯燥 ， 一目了然 ， 这样 我们 对 书本 的 内容 、 情节 就 很快 看 懂 ， 就 养成 我们 喜欢 阅读 的 爱好 。 平时 在 看 书 时 我们 能 一边 看 一边 念 ， 这样 能 增加 我们 对 书 内 之 内容 更 深刻 更 地 理解 ， 也 能 帮助 我们 说 出 一 口 流利 的 语言 。 无论 在 社会 上 的 那个 角落 ， 如果 我们 已 掌握 好 阅读 之 能力 ， 对 我们 都 有 很 大 的 帮助 ， 无论 在 职业 上 、 交际 上 ， 生活 中 ， 都 能 帮助 我们 决解 难题 。,照 我 的 看法 ， 当 我们 选择 要 看 之 书籍 时 ， 首先 选 一些 适合 我们 学历 范围 内 的 书籍 ， 不要 太 枯燥 ， 一目了然 ， 这样 我们 对 书本 的 内容 、 情节 就 很快 看 懂 ， 就 养成 我们 喜欢 阅读 的 爱好 。 平时 在 看 书 时 我们 能 一边 看 一边 念 ， 这样 能 增加 我们 对 书内 之 内容 更 深刻 更 地 理解 ， 也 能 帮助 我们 说 出 一 口 流利 的 语言 。 无论 在 社会 上 的 那个 角落 ， 如果 我们 已 掌握 好 阅读 之 能力 ， 对 我们 都 有 很 大 的 帮助 ， 无论 在 职业 上 、 交际 上 ， 生活 中 ， 都 能 帮助 我们 决解 难题 。,书 / 内,书内,103,105,书内,[104],[],[],[104],"The prediction misses the gold boundary between [书] and [内], merging them into [书内].",False,False,,1
178,P2,P2 Similarity-based projection,over,现在电视上很多明星为了当成一位流行歌手奋斗着。他们一律唱着所谓流行歌曲。什么叫流行歌曲？那就是被很多人受欢迎的歌曲。,现在电视上很多明星为了当一位流行歌手而奋斗。他们一律唱着所谓的流行歌曲。什么叫流行歌曲？那就是被很多人喜欢的歌曲。,现在 电视 上 很多 明星 为了 当成 一 位 流行歌手 奋斗 着 。 他们 一律 唱 着 所谓 流行 歌曲 。 什么 叫 流行 歌曲 ？ 那 就是 被 很多 人 受 欢迎 的 歌曲 。,现在 电视 上 很多 明星 为了 当成 一 位 流行 歌手 奋斗 着 。 他们 一律 唱 着 所谓 流行 歌曲 。 什么 叫 流行 歌曲 ？ 那 就 是 被 很多 人 受 欢迎 的 歌曲 。,流行歌手,流行 / 歌手,15,19,流行歌手,[],[17],[17],[],"The prediction inserts an extra boundary inside the gold token [流行歌手], producing [流行 / 歌手].",False,True,,1
178,P2,P2 Similarity-based projection,over,现在电视上很多明星为了当成一位流行歌手奋斗着。他们一律唱着所谓流行歌曲。什么叫流行歌曲？那就是被很多人受欢迎的歌曲。,现在电视上很多明星为了当一位流行歌手而奋斗。他们一律唱着所谓的流行歌曲。什么叫流行歌曲？那就是被很多人喜欢的歌曲。,现在 电视 上 很多 明星 为了 当成 一 位 流行歌手 奋斗 着 。 他们 一律 唱 着 所谓 流行 歌曲 。 什么 叫 流行 歌曲 ？ 那 就是 被 很多 人 受 欢迎 的 歌曲 。,现在 电视 上 很多 明星 为了 当成 一 位 流行 歌手 奋斗 着 。 他们 一律 唱 着 所谓 流行 歌曲 。 什么 叫 流行 歌曲 ？ 那 就 是 被 很多 人 受 欢迎 的 歌曲 。,就是,就 / 是,45,47,就是,[],[46],[46],[],"The prediction inserts an extra boundary inside the gold token [就是], producing [就 / 是].",False,True,,2
199,P2,P2 Similarity-based projection,under,如果不抽烟的人跟抽烟的人一段时间一起生活，癌症等发病率不抽烟的人比抽烟的人高。要是抽烟的人为了抽烟损坏自己的健康，是自己的责任。但是不抽烟的人为了别人的烟损坏健康的话，怎么办？在公共场所有的人抽烟，会损坏很多人的健康，所以我觉得“在公共场所边走边抽的人将被罚款”这个措施是很好的。,如果不抽烟的人跟抽烟的人一起生活一段时间，癌症等发病率不抽烟的人比抽烟的人高。要是抽烟的人因为抽烟损害自己的健康，是自己的责任。但是不抽烟的人因为别人的烟损坏健康的话，怎么办？在公共场所有的人抽烟，会损害很多人的健康，所以我觉得“在公共场所边走边抽的人将被罚款”这个措施是很好的。,如果 不 抽烟 的 人 跟 抽烟 的 人 一 段 时间 一起 生活 ， 癌症 等 发病率 不 抽烟 的 人 比 抽烟 的 人 高 。 要是 抽烟 的 人 为了 抽烟 损坏 自己 的 健康 ， 是 自己 的 责任 。 但是 不 抽烟 的 人 为了 别人 的 烟 损坏 健康 的 话 ， 怎么办 ？ 在 公共场所 有 的 人 抽烟 ， 会 损坏 很多 人 的 健康 ， 所以 我 觉得 “ 在 公共场所 边 走 边 抽 的 人 将 被 罚款 ” 这个 措施 是 很 好 的 。,如果 不 抽烟 的 人 跟 抽烟 的 人 一 段 时间 一起 生活 ， 癌症 等 发病率 不 抽烟 的 人 比 抽烟 的 人 高 。 要是 抽烟 的 人 为了 抽烟 损坏 自己 的 健康 ， 是 自己 的 责任 。 但是 不 抽烟 的 人 为了 别人 的 烟 损坏 健康 的话 ， 怎么办 ？ 在 公共场所 有 的 人 抽烟 ， 会 损坏 很多 人 的 健康 ， 所以 我 觉得 “ 在 公共场所 边 走 边 抽 的 人 将 被 罚款 ” 这个 措施 是 很 好 的 。,的 / 话,的话,81,83,的话,[82],[],[],[82],"The prediction misses the gold boundary between [的] and [话], merging them into [的话].",False,False,,1
209,P2,P2 Similarity-based projection,under,所以，如果你要流利地谈外语话，你必该练习口语。,所以，如果你要流利地说外语，你必须练习口语。,所以 ， 如果 你 要 流利 地 谈 外语 话 ， 你 必该 练习 口语 。,所以 ， 如果 你 要 流利 地 谈 外语话 ， 你 必该 练习 口语 。,外语 / 话,外语话,11,14,外语话,[13],[],[],[13],"The prediction misses the gold boundary between [外语] and [话], merging them into [外语话].",False,True,,1
211,P2,P2 Similarity-based projection,over,交朋友的时后，很可能会碰到矛盾。那么在这段时间我们就可以知道这两个人真不真是朋友。如果能过这个矛盾，那么就是真正的朋友。,交朋友的时候，很可能会碰到矛盾。那么在这段时间我们就可以知道这两个人是不是真朋友。如果能解决这个矛盾，那么就是真正的朋友。,交 朋友 的 时后 ， 很 可能 会 碰到 矛盾 。 那么 在 这 段 时间 我们 就 可以 知道 这 两 个 人 真 不 真 是 朋友 。 如果 能 过 这个 矛盾 ， 那么 就 是 真正 的 朋友 。,交 朋友 的 时 后 ， 很 可能 会 碰到 矛盾 。 那么 在 这 段 时间 我们 就 可以 知道 这 两 个 人 真 不 真 是 朋友 。 如果 能 过 这个 矛盾 ， 那么 就 是 真正 的 朋友 。,时后,时 / 后,4,6,时后,[],[5],[5],[],"The prediction inserts an extra boundary inside the gold token [时后], producing [时 / 后].",False,True,,1
222,P2,P2 Similarity-based projection,over,我是学士。因此我还没有职业。但是，我想一定因该学习。好工作要好学历。,我是学生，因此我还没有工作。但是，我想一定要好好学习，因为好工作需要好学历。,我 是 学士 。 因此 我 还 没有 职业 。 但是 ， 我 想 一定 因该 学习 。 好 工作 要 好 学历 。,我 是 学士 。 因此 我 还 没有 职业 。 但是 ， 我 想 一定 因 该 学习 。 好 工作 要 好 学历 。,因该,因 / 该,21,23,因该,[],[22],[22],[],"The prediction inserts an extra boundary inside the gold token [因该], producing [因 / 该].",False,True,,1
226,P2,P2 Similarity-based projection,over,如此来看，这岂不是解决不了问题，还制造了些问题吗？,如此看来，这岂不是解决不了问题，还制造了些问题吗？,如此 来看 ， 这 岂 不 是 解决 不 了 问题 ， 还 制造 了 些 问题 吗 ？,如此 来 看 ， 这 岂 不 是 解决 不 了 问题 ， 还 制造 了 些 问题 吗 ？,来看,来 / 看,2,4,来看,[],[3],[3],[],"The prediction inserts an extra boundary inside the gold token [来看], producing [来 / 看].",False,True,,1
232,P2,P2 Similarity-based projection,under,昨天下雨很多。,昨天下了很多雨。,昨天 下雨 很 多 。,昨天 下雨 很多 。,很 / 多,很多,4,6,很多,[5],[],[],[5],"The prediction misses the gold boundary between [很] and [多], merging them into [很多].",True,True,,1
249,P2,P2 Similarity-based projection,under,对待男人和女人的问题上，我觉得男人应该有男人午点，有责任感，有安全感，有事业心。,对待男人和女人的问题上，我觉得男人应该有男人味点，有责任感，有安全感，有事业心。,对待 男人 和 女人 的 问题 上 ， 我 觉得 男人 应该 有 男人 午 点 ， 有 责任感 ， 有 安全感 ， 有 事业心 。,对待 男人 和 女人 的 问题 上 ， 我 觉得 男人 应该 有 男人 午点 ， 有 责任感 ， 有 安全感 ， 有 事业心 。,午 / 点,午点,22,24,午点,[23],[],[],[23],"The prediction misses the gold boundary between [午] and [点], merging them into [午点].",False,True,,1
257,P2,P2 Similarity-based projection,under,第一天我只写了一个句子话：“今天，我开写汉语日记本。”,第一天我只写了一个句子：“今天，我开始写汉语日记本。”,第一 天 我 只 写 了 一个 句子 话 ： “ 今天 ， 我 开 写 汉语 日记本 。 ”,第一 天 我 只 写 了 一个 句子 话 ： “ 今天 ， 我 开写 汉语 日记本 。 ”,开 / 写,开写,18,20,开写,[19],[],[],[19],"The prediction misses the gold boundary between [开] and [写], merging them into [开写].",False,True,,1
258,P2,P2 Similarity-based projection,over,但是，从公众利益的角度来看，首先要考虑的是大家，其次就是个人。大家都想追求身体健康的情况下，吸烟受一定的限制也是当然的。,但是，从公众利益的角度来看，首先要考虑的是大家，其次才是个人。在大家都想追求身体健康的情况下，吸烟受到一定的限制也是必然的。,但是 ， 从 公众 利益 的 角度 来 看 ， 首先 要 考虑 的 是 大家 ， 其次 就是 个人 。 大家 都 想 追求 身体 健康 的 情况 下 ， 吸烟 受 一定 的 限制 也 是 当然 的 。,但是 ， 从 公众 利益 的 角度 来 看 ， 首先 要 考虑 的 是 大家 ， 其次 就 是 个人 。 大家 都 想 追求 身体 健康 的 情况 下 ， 吸烟 受 一定 的 限制 也 是 当然 的 。,就是,就 / 是,26,28,就是,[],[27],[27],[],"The prediction inserts an extra boundary inside the gold token [就是], producing [就 / 是].",False,False,,1
263,P2,P2 Similarity-based projection,over,"因为所有的烟一般很容易买得到（可以说在大城市差不多每个十字路口有""名烟名酒""类似商店），所以青少年抽烟的问题基本并不是在公共场所吸烟的习惯。无论在哪里，中国和例如欧洲的问题就烟太便宜。","因为所有的烟一般很容易买得到（可以说在大城市差不多每个十字路口都有""名烟名酒""一类的商店），所以青少年抽烟的问题基本并不是在公共场所吸烟的习惯。无论在哪里，例如中国和欧洲的问题就是烟太便宜。","因为 所有 的 烟 一般 很 容易 买 得 到 （ 可以 说 在 大 城市 差不多 每个 十字路口 有 "" 名烟 名酒 "" 类似 商店 ） ， 所以 青少年 抽烟 的 问题 基本 并 不 是 在 公共场所 吸烟 的 习惯 。 无论 在 哪里 ， 中国 和 例如 欧洲 的 问题 就 烟 太 便宜 。","因为 所有 的 烟 一般 很 容易 买 得 到 （ 可以 说 在 大 城市 差不多 每个 十字路口 有 "" 名烟 名酒 "" 类 似 商店 ） ， 所以 青少年 抽烟 的 问题 基本 并 不 是 在 公共场所 吸烟 的 习惯 。 无论 在 哪里 ， 中国 和 例如 欧洲 的 问题 就 烟 太 便宜 。",类似,类 / 似,38,40,类似,[],[39],[39],[],"The prediction inserts an extra boundary inside the gold token [类似], producing [类 / 似].",False,False,,1
264,P2,P2 Similarity-based projection,over,因为要是在学习方面，女生比男生好，女生会努力学，但男生不那么努力，只有少些男生会努力。那是说他们有没有自己的目标，要是有的话，他们会努力学习，实现目标，但是很少。要是家长害怕学生有早恋，可以把自己的经验告诉学生。,因为要是在学习方面，女生比男生好，女生会努力学，但男生不那么努力，只有少数男生会努力。那就是说他们有没有自己的目标，要是有的话，他们会努力学习，实现目标，但是很少。要是家长害怕学生早恋，可以把自己的经验告诉学生。,因为 要是 在 学习 方面 ， 女生 比 男生 好 ， 女生 会 努力 学 ， 但 男生 不 那么 努力 ， 只有 少 些 男生 会 努力 。 那是说 他们 有 没 有 自己 的 目标 ， 要是 有 的话 ， 他们 会 努力 学习 ， 实现 目标 ， 但是 很 少 。 要是 家长 害怕 学生 有 早恋 ， 可以 把 自己 的 经验 告诉 学生 。,因为 要是 在 学习 方面 ， 女生 比 男生 好 ， 女生 会 努力 学 ， 但 男生 不 那么 努力 ， 只有 少 些 男生 会 努力 。 那 是 说 他们 有 没 有 自己 的 目标 ， 要是 有 的话 ， 他们 会 努力 学习 ， 实现 目标 ， 但是 很 少 。 要是 家长 害怕 学生 有 早恋 ， 可以 把 自己 的 经验 告诉 学生 。,那是说,那 / 是 / 说,43,46,那是说,[],"[44, 45]","[44, 45]",[],"The prediction inserts an extra boundary inside the gold token [那是说], producing [那 / 是 / 说].",False,False,,1
279,P2,P2 Similarity-based projection,under,重要的是我们全家人类应该解决这个问题。,重要的是我们全家人应该解决这个问题。,重要 的 是 我们 全家 人类 应该 解决 这个 问题 。,重要 的 是 我们 全家人类 应该 解决 这个 问题 。,全家 / 人类,全家人类,6,10,全家人类,[8],[],[],[8],"The prediction misses the gold boundary between [全家] and [人类], merging them into [全家人类].",True,True,,1
298,P2,P2 Similarity-based projection,under,众所之知，吸烟对人类健康弊于和大的不良习惯。目前市政府决定禁止在公共场所上的吸烟行为，我积极的赞成。,众所周知，吸烟是对人类健康弊大于利的不良习惯。目前市政府决定禁止在公共场所吸烟，我积极地赞成这项决定。,众所之知 ， 吸烟 对 人类 健康 弊 于 和 大 的 不良 习惯 。 目前 市政府 决定 禁止 在 公共场所 上 的 吸烟 行为 ， 我 积极 的 赞成 。,众所之知 ， 吸烟 对 人类 健康 弊于 和 大 的 不良 习惯 。 目前 市政府 决定 禁止 在 公共场所 上 的 吸烟 行为 ， 我 积极 的 赞成 。,弊 / 于,弊于,12,14,弊于,[13],[],[],[13],"The prediction misses the gold boundary between [弊] and [于], merging them into [弊于].",False,False,,1
299,P2,P2 Similarity-based projection,under,吸烟就有如慢性自杀，在烧烟的同时，其实是在烧毁自己的健康。,吸烟就有如慢性自杀，在吸烟的同时，其实是在烧毁自己的健康。,吸烟 就 有如 慢性 自杀 ， 在 烧 烟 的 同时 ， 其实 是 在 烧毁 自己 的 健康 。,吸烟 就 有如 慢性 自杀 ， 在 烧烟 的 同时 ， 其实 是 在 烧毁 自己 的 健康 。,烧 / 烟,烧烟,11,13,烧烟,[12],[],[],[12],"The prediction misses the gold boundary between [烧] and [烟], merging them into [烧烟].",False,False,,1
303,P2,P2 Similarity-based projection,under,职业的选择很重要，要接照自己的人生计划，生活的目标或本身对某些事情的爱好，能力来下決定将来要走的路。但是，问题是这样：什么是好职业？,职业的选择很重要，要按照自己的人生计划，生活的目标或本身对某些事情的爱好、能力来決定将来要走的路。但是，问题是：什么是好职业？,职业 的 选择 很 重要 ， 要 接照 自己 的 人生 计划 ， 生活 的 目标 或 本身 对 某些 事情 的 爱好 ， 能力 来 下 決定 将来 要 走 的 路 。 但是 ， 问题 是 这样 ： 什么 是 好 职业 ？,职业 的 选择 很 重要 ， 要 接照 自己 的 人生 计划 ， 生活 的 目标 或 本身 对 某些 事情 的 爱好 ， 能力 来 下決定 将来 要 走 的 路 。 但是 ， 问题 是 这样 ： 什么 是 好 职业 ？,下 / 決定,下決定,40,43,下決定,[41],[],[],[41],"The prediction misses the gold boundary between [下] and [決定], merging them into [下決定].",False,True,,1
306,P2,P2 Similarity-based projection,over,一个塑料瓶，你随便它的时候，有可能要等几下年，它才会自然地灭掉。,一个塑料瓶，你随便扔它的时候，有可能要等好几年，它才会自然地毁灭掉。,一个 塑料瓶 ， 你 随便 它 的 时候 ， 有 可能 要 等 几下 年 ， 它 才 会 自然 地 灭 掉 。,一个 塑料瓶 ， 你 随便 它 的 时候 ， 有 可能 要 等 几 下 年 ， 它 才 会 自然 地 灭 掉 。,几下,几 / 下,19,21,几下,[],[20],[20],[],"The prediction inserts an extra boundary inside the gold token [几下], producing [几 / 下].",False,True,,1
310,P2,P2 Similarity-based projection,under,但以前听说过，早恋引起了不好事。,但以前听说过，早恋带来了不好的事。,但 以前 听说 过 ， 早恋 引起 了 不好 事 。,但 以前 听说 过 ， 早恋 引起 了 不好事 。,不好 / 事,不好事,12,15,不好事,[14],[],[],[14],"The prediction misses the gold boundary between [不好] and [事], merging them into [不好事].",True,True,,1
354,P2,P2 Similarity-based projection,over,在流行歌曲里我不能找到音乐的美丽，歌词的魅力，听它的时候我没什么感觉，只有人造的无议音调。,我不能在流行歌曲里找到音乐的美丽，歌词的魅力，所以听它的时候我没什么感觉，感觉只有人造的无意义的音调。,在 流行 歌曲 里 我 不 能 找到 音乐 的 美丽 ， 歌词 的 魅力 ， 听 它 的 时候 我 没 什么 感觉 ， 只有 人造 的 无 议 音调 。,在 流行 歌曲 里 我 不 能 找到 音乐 的 美丽 ， 歌词 的 魅力 ， 听 它 的 时候 我 没 什么 感觉 ， 只 有 人造 的 无议 音调 。,只有,只 / 有,35,37,只有,[],[36],[36],[],"The prediction inserts an extra boundary inside the gold token [只有], producing [只 / 有].",False,True,,1
354,P2,P2 Similarity-based projection,under,在流行歌曲里我不能找到音乐的美丽，歌词的魅力，听它的时候我没什么感觉，只有人造的无议音调。,我不能在流行歌曲里找到音乐的美丽，歌词的魅力，所以听它的时候我没什么感觉，感觉只有人造的无意义的音调。,在 流行 歌曲 里 我 不 能 找到 音乐 的 美丽 ， 歌词 的 魅力 ， 听 它 的 时候 我 没 什么 感觉 ， 只有 人造 的 无 议 音调 。,在 流行 歌曲 里 我 不 能 找到 音乐 的 美丽 ， 歌词 的 魅力 ， 听 它 的 时候 我 没 什么 感觉 ， 只 有 人造 的 无议 音调 。,无 / 议,无议,40,42,无议,[41],[],[],[41],"The prediction misses the gold boundary between [无] and [议], merging them into [无议].",False,True,,2
361,P2,P2 Similarity-based projection,over,过了几年，他真的变成大富大贵。有一天他的妻子看见他，现在很想跟他再复合。,过了几年，他真的变得大富大贵。有一天他的前妻看见他，很想跟他再复合。,过 了 几 年 ， 他 真 的 变成 大富大贵 。 有 一 天 他 的 妻子 看见 他 ， 现在 很 想 跟 他 再 复合 。,过 了 几 年 ， 他 真 的 变 成 大富大贵 。 有 一 天 他 的 妻子 看见 他 ， 现在 很 想 跟 他 再 复合 。,变成,变 / 成,8,10,变成,[],[9],[9],[],"The prediction inserts an extra boundary inside the gold token [变成], producing [变 / 成].",False,True,,1
373,P2,P2 Similarity-based projection,under,那我想注意自已的发言和行为，因为他们注意关注我。我应该当他你好的模范，任一个很好的老师。天天我努力实现这个目标，做生活，做工作。,我应该注意自已的发言和行为，因为他们关注我。我应该当你的好模范，当一个很好的老师。我要天天努力实现这个目标，过好生活，做好工作。,那 我 想 注意 自已 的 发言 和 行为 ， 因为 他们 注意 关注 我 。 我 应该 当 他 你 好 的 模范 ， 任 一个 很 好 的 老师 。 天天 我 努力 实现 这个 目标 ， 做 生活 ， 做 工作 。,那 我 想 注意 自已 的 发言 和 行为 ， 因为 他们 注意 关注 我 。 我 应该 当 他 你好 的 模范 ， 任 一个 很 好 的 老师 。 天天 我 努力 实现 这个 目标 ， 做 生活 ， 做 工作 。,你 / 好,你好,29,31,你好,[30],[],[],[30],"The prediction misses the gold boundary between [你] and [好], merging them into [你好].",False,True,,1
375,P2,P2 Similarity-based projection,under,我旅行的时候认识了很多的人，他们都住在别的国家。这有好点和不利，好点是：我可以拜訪他们，我只要飞机票，以后我可以在他们的家留，因为他们请我客。我跟他们可以参观有意思的地方。,我旅行的时候认识了很多的人，他们都住在别的国家。这有好处和坏处，好处是：我可以拜访他们，我只需要飞机票，之后我可以在他们的家住下，因为他们请我客。我可以跟他们参观有意思的地方。,我 旅行 的 时候 认识 了 很多 的 人 ， 他们 都 住 在 别的 国家 。 这 有 好点 和 不利 ， 好 点 是 ： 我 可以 拜訪 他们 ， 我 只 要 飞机票 ， 以后 我 可以 在 他们 的 家 留 ， 因为 他们 请 我 客 。 我 跟 他们 可以 参观 有意思 的 地方 。,我 旅行 的 时候 认识 了 很多 的 人 ， 他们 都 住 在 别的 国家 。 这 有 好点 和 不利 ， 好点 是 ： 我 可以 拜訪 他们 ， 我 只要 飞机票 ， 以后 我 可以 在 他们 的 家 留 ， 因为 他们 请 我 客 。 我 跟 他们 可以 参观 有意思 的 地方 。,好 / 点,好点,32,34,好点,[33],[],[],[33],"The prediction misses the gold boundary between [好] and [点], merging them into [好点].",False,False,,1
375,P2,P2 Similarity-based projection,under,我旅行的时候认识了很多的人，他们都住在别的国家。这有好点和不利，好点是：我可以拜訪他们，我只要飞机票，以后我可以在他们的家留，因为他们请我客。我跟他们可以参观有意思的地方。,我旅行的时候认识了很多的人，他们都住在别的国家。这有好处和坏处，好处是：我可以拜访他们，我只需要飞机票，之后我可以在他们的家住下，因为他们请我客。我可以跟他们参观有意思的地方。,我 旅行 的 时候 认识 了 很多 的 人 ， 他们 都 住 在 别的 国家 。 这 有 好点 和 不利 ， 好 点 是 ： 我 可以 拜訪 他们 ， 我 只 要 飞机票 ， 以后 我 可以 在 他们 的 家 留 ， 因为 他们 请 我 客 。 我 跟 他们 可以 参观 有意思 的 地方 。,我 旅行 的 时候 认识 了 很多 的 人 ， 他们 都 住 在 别的 国家 。 这 有 好点 和 不利 ， 好点 是 ： 我 可以 拜訪 他们 ， 我 只要 飞机票 ， 以后 我 可以 在 他们 的 家 留 ， 因为 他们 请 我 客 。 我 跟 他们 可以 参观 有意思 的 地方 。,只 / 要,只要,45,47,只要,[46],[],[],[46],"The prediction misses the gold boundary between [只] and [要], merging them into [只要].",False,False,,2
385,P2,P2 Similarity-based projection,over,老板批评其他的经理，说他们画饼充饥，只清谈，不无实际，互相吹捧。,老板批评其他的经理，说他们画饼充饥，只空谈，不切实际，互相吹捧。,老板 批评 其他 的 经理 ， 说 他们 画饼充饥 ， 只 清谈 ， 不无实际 ， 互相 吹捧 。,老板 批评 其他 的 经理 ， 说 他们 画饼充饥 ， 只 清谈 ， 不无 实际 ， 互相 吹捧 。,不无实际,不无 / 实际,22,26,不无实际,[],[24],[24],[],"The prediction inserts an extra boundary inside the gold token [不无实际], producing [不无 / 实际].",False,True,,1
390,P2,P2 Similarity-based projection,over,在我的家我们没有宠動，因为我爸爸过敏。我两个妈奶还在，但是我两个爷爷去世了。我有一些爱好。我喜欢跳舞、看画、跑步和看书。我是锡兰人，印地语是我的本话。,在我的家我们没有养宠物，因为我爸爸过敏。我两个奶妈还在，但是我两个爷爷去世了。我有一些爱好。我喜欢跳舞、画画、跑步和看书。我是锡兰人，印地语是我的母语。,在 我 的 家 我们 没有 宠動 ， 因为 我 爸爸 过敏 。 我 两 个 妈奶 还 在 ， 但是 我 两 个 爷爷 去世 了 。 我 有 一些 爱好 。 我 喜欢 跳舞 、 看 画 、 跑步 和 看 书 。 我 是 锡兰人 ， 印地语 是 我 的 本话 。,在 我 的 家 我们 没有 宠 動 ， 因为 我 爸爸 过敏 。 我 两 个 妈奶 还 在 ， 但是 我 两 个 爷爷 去世 了 。 我 有 一些 爱好 。 我 喜欢 跳舞 、 看 画 、 跑步 和 看 书 。 我 是 锡兰人 ， 印地语 是 我 的 本话 。,宠動,宠 / 動,8,10,宠動,[],[9],[9],[],"The prediction inserts an extra boundary inside the gold token [宠動], producing [宠 / 動].",False,True,,1
391,P2,P2 Similarity-based projection,over,我在大学学中文、俄文和日文。因为我应该毕业的时候为个单身汉，我很紧张这个学期的时候。为轻松一黑儿，我很喜欢跟我朋友们比赛一下，做动。,我在大学学中文、俄文和日文。因为我毕业的时候应该是个单身汉，所以这个学期我很紧张。为了放松一会儿，我很喜欢跟我朋友们比试一下，做运动。,我 在 大学 学 中文 、 俄文 和 日文 。 因为 我 应该 毕业 的 时候 为 个 单身汉 ， 我 很 紧张 这个 学期 的 时候 。 为 轻松 一黑儿 ， 我 很 喜欢 跟 我 朋友 们 比赛 一下 ， 做 动 。,我 在 大学 学 中文 、 俄文 和 日文 。 因为 我 应该 毕业 的 时候 为 个 单身汉 ， 我 很 紧张 这个 学期 的 时候 。 为 轻松 一 黑儿 ， 我 很 喜欢 跟 我 朋友 们 比赛 一下 ， 做 动 。,一黑儿,一 / 黑儿,45,48,一黑儿,[],[46],[46],[],"The prediction inserts an extra boundary inside the gold token [一黑儿], producing [一 / 黑儿].",False,True,,1
415,P2,P2 Similarity-based projection,over,从小的时候，妈妈独自养家我和我的哥哥。他一直鼓励我们做理想的工作。我告诉她我想成为口译的时候，她别笑了，她只告诉我：要是你要学习汉语和日语，就试一试。,从我小的时候，妈妈就独自抚养我和我哥哥。她一直鼓励我们做理想中的工作。当我告诉她我想成为口译员的时候，她笑了，她告诉我：“要是你想学习汉语和日语，就试一试。”,从小 的 时候 ， 妈妈 独自 养家 我 和 我 的 哥哥 。 他 一直 鼓励 我们 做 理想 的 工作 。 我 告诉 她 我 想 成为 口译 的 时候 ， 她 别 笑 了 ， 她 只 告诉 我 ： 要是 你 要 学习 汉语 和 日语 ， 就 试 一 试 。,从 小 的 时候 ， 妈妈 独自 养 家 我 和 我 的 哥哥 。 他 一直 鼓励 我们 做 理想 的 工作 。 我 告诉 她 我 想 成为 口译 的 时候 ， 她 别 笑 了 ， 她 只 告诉 我 ： 要是 你 要 学习 汉语 和 日语 ， 就 试 一 试 。,从小,从 / 小,0,2,从小,[],[1],[1],[],"The prediction inserts an extra boundary inside the gold token [从小], producing [从 / 小].",False,True,,1
415,P2,P2 Similarity-based projection,over,从小的时候，妈妈独自养家我和我的哥哥。他一直鼓励我们做理想的工作。我告诉她我想成为口译的时候，她别笑了，她只告诉我：要是你要学习汉语和日语，就试一试。,从我小的时候，妈妈就独自抚养我和我哥哥。她一直鼓励我们做理想中的工作。当我告诉她我想成为口译员的时候，她笑了，她告诉我：“要是你想学习汉语和日语，就试一试。”,从小 的 时候 ， 妈妈 独自 养家 我 和 我 的 哥哥 。 他 一直 鼓励 我们 做 理想 的 工作 。 我 告诉 她 我 想 成为 口译 的 时候 ， 她 别 笑 了 ， 她 只 告诉 我 ： 要是 你 要 学习 汉语 和 日语 ， 就 试 一 试 。,从 小 的 时候 ， 妈妈 独自 养 家 我 和 我 的 哥哥 。 他 一直 鼓励 我们 做 理想 的 工作 。 我 告诉 她 我 想 成为 口译 的 时候 ， 她 别 笑 了 ， 她 只 告诉 我 ： 要是 你 要 学习 汉语 和 日语 ， 就 试 一 试 。,养家,养 / 家,10,12,养家,[],[11],[11],[],"The prediction inserts an extra boundary inside the gold token [养家], producing [养 / 家].",False,True,,2
418,P2,P2 Similarity-based projection,over,因为流动歌曲很容易学会，而且歌曲里面可以看到我们的生活。,因为流行歌曲很容易学会，而且从歌曲里面可以看到我们的生活。,因为 流动歌曲 很 容易 学会 ， 而且 歌曲 里面 可以 看到 我们 的 生活 。,因为 流动 歌曲 很 容易 学会 ， 而且 歌曲 里面 可以 看到 我们 的 生活 。,流动歌曲,流动 / 歌曲,2,6,流动歌曲,[],[4],[4],[],"The prediction inserts an extra boundary inside the gold token [流动歌曲], producing [流动 / 歌曲].",False,True,,1
419,P2,P2 Similarity-based projection,under,在风头上，年轻人非常暴露。因为他们很会被受影响。风头对酒类饮料的生产者是非常重要的。在我们国家，酒精实业每年为风头花四千两百万元。这种行为是不负责任的。企业引人民，特别是年轻人，有危性的行为。助长危性的行为是无道理的。,在广告上，年轻人非常暴露。因为他们很容易受到影响。广告对酒类饮料的生产者是非常重要的。在我们国家，酒精实业每年为广告花四千两百万元。这种行为是不负责任的。企业引导人民，特别是年轻人，做出危险性的行为。助长危险性的行为是没有道理的。,在 风头 上 ， 年轻人 非常 暴露 。 因为 他们 很 会 被 受 影响 。 风头 对 酒类 饮料 的 生产者 是 非常 重要 的 。 在 我们 国家 ， 酒精 实业 每年 为 风头 花 四千两百万 元 。 这种 行为 是 不 负 责任 的 。 企业 引 人民 ， 特别 是 年轻人 ， 有 危性 的 行为 。 助长 危性 的 行为 是 无 道理 的 。,在 风头 上 ， 年轻人 非常 暴露 。 因为 他们 很 会 被 受 影响 。 风头 对 酒类 饮料 的 生产者 是 非常 重要 的 。 在 我们 国家 ， 酒精 实业 每年 为 风头 花 四千两百万 元 。 这种 行为 是 不 负 责任 的 。 企业 引 人民 ， 特别 是 年轻人 ， 有 危性 的 行为 。 助长 危性 的 行为 是 无道理 的 。,无 / 道理,无道理,104,107,无道理,[105],[],[],[105],"The prediction misses the gold boundary between [无] and [道理], merging them into [无道理].",False,False,,1
428,P2,P2 Similarity-based projection,under,决定去住古巴的外国人一年比一年多。在古巴里，经济的机会越来越大。另外古巴的房产的市场有为极了。虽然，因为了行政的问题，买房还非常复杂，但是房子的价格不必别的国家的。一个小房子的平均的价格差不多三千欧洲货币。,决定去古巴住的外国人一年比一年多。在古巴，经济发展的机会越来越多。另外古巴的房产的市场繁荣极了。虽然，因为行政的问题，买房还非常复杂，但是房子的价格不比别的国家的高。一个小房子的平均的价格差不多三千欧元。,决定 去 住 古巴 的 外国人 一 年 比 一 年 多 。 在 古巴 里 ， 经济 的 机会 越来越 大 。 另外 古巴 的 房产 的 市场 有为 极了 。 虽然 ， 因为 了 行政 的 问题 ， 买房 还 非常 复杂 ， 但是 房子 的 价格 不 必 别的 国家 的 。 一个 小 房子 的 平均 的 价格 差不多 三千 欧洲 货币 。,决定 去 住 古巴 的 外国人 一 年 比 一 年 多 。 在 古巴里 ， 经济 的 机会 越来越 大 。 另外 古巴 的 房产 的 市场 有 为 极了 。 虽然 ， 因为了 行政 的 问题 ， 买房 还 非常 复杂 ， 但是 房子 的 价格 不必别的 国家 的 。 一个 小 房子 的 平均 的 价格 差不多 三千 欧洲 货币 。,古巴 / 里,古巴里,18,21,古巴里,[20],[],[],[20],"The prediction misses the gold boundary between [古巴] and [里], merging them into [古巴里].",False,False,,1
428,P2,P2 Similarity-based projection,over,决定去住古巴的外国人一年比一年多。在古巴里，经济的机会越来越大。另外古巴的房产的市场有为极了。虽然，因为了行政的问题，买房还非常复杂，但是房子的价格不必别的国家的。一个小房子的平均的价格差不多三千欧洲货币。,决定去古巴住的外国人一年比一年多。在古巴，经济发展的机会越来越多。另外古巴的房产的市场繁荣极了。虽然，因为行政的问题，买房还非常复杂，但是房子的价格不比别的国家的高。一个小房子的平均的价格差不多三千欧元。,决定 去 住 古巴 的 外国人 一 年 比 一 年 多 。 在 古巴 里 ， 经济 的 机会 越来越 大 。 另外 古巴 的 房产 的 市场 有为 极了 。 虽然 ， 因为 了 行政 的 问题 ， 买房 还 非常 复杂 ， 但是 房子 的 价格 不 必 别的 国家 的 。 一个 小 房子 的 平均 的 价格 差不多 三千 欧洲 货币 。,决定 去 住 古巴 的 外国人 一 年 比 一 年 多 。 在 古巴里 ， 经济 的 机会 越来越 大 。 另外 古巴 的 房产 的 市场 有 为 极了 。 虽然 ， 因为了 行政 的 问题 ， 买房 还 非常 复杂 ， 但是 房子 的 价格 不必别的 国家 的 。 一个 小 房子 的 平均 的 价格 差不多 三千 欧洲 货币 。,有为,有 / 为,42,44,有为,[],[43],[43],[],"The prediction inserts an extra boundary inside the gold token [有为], producing [有 / 为].",False,False,,2
428,P2,P2 Similarity-based projection,under,决定去住古巴的外国人一年比一年多。在古巴里，经济的机会越来越大。另外古巴的房产的市场有为极了。虽然，因为了行政的问题，买房还非常复杂，但是房子的价格不必别的国家的。一个小房子的平均的价格差不多三千欧洲货币。,决定去古巴住的外国人一年比一年多。在古巴，经济发展的机会越来越多。另外古巴的房产的市场繁荣极了。虽然，因为行政的问题，买房还非常复杂，但是房子的价格不比别的国家的高。一个小房子的平均的价格差不多三千欧元。,决定 去 住 古巴 的 外国人 一 年 比 一 年 多 。 在 古巴 里 ， 经济 的 机会 越来越 大 。 另外 古巴 的 房产 的 市场 有为 极了 。 虽然 ， 因为 了 行政 的 问题 ， 买房 还 非常 复杂 ， 但是 房子 的 价格 不 必 别的 国家 的 。 一个 小 房子 的 平均 的 价格 差不多 三千 欧洲 货币 。,决定 去 住 古巴 的 外国人 一 年 比 一 年 多 。 在 古巴里 ， 经济 的 机会 越来越 大 。 另外 古巴 的 房产 的 市场 有 为 极了 。 虽然 ， 因为了 行政 的 问题 ， 买房 还 非常 复杂 ， 但是 房子 的 价格 不必别的 国家 的 。 一个 小 房子 的 平均 的 价格 差不多 三千 欧洲 货币 。,因为 / 了,因为了,50,53,因为了,[52],[],[],[52],"The prediction misses the gold boundary between [因为] and [了], merging them into [因为了].",False,False,,3
428,P2,P2 Similarity-based projection,under,决定去住古巴的外国人一年比一年多。在古巴里，经济的机会越来越大。另外古巴的房产的市场有为极了。虽然，因为了行政的问题，买房还非常复杂，但是房子的价格不必别的国家的。一个小房子的平均的价格差不多三千欧洲货币。,决定去古巴住的外国人一年比一年多。在古巴，经济发展的机会越来越多。另外古巴的房产的市场繁荣极了。虽然，因为行政的问题，买房还非常复杂，但是房子的价格不比别的国家的高。一个小房子的平均的价格差不多三千欧元。,决定 去 住 古巴 的 外国人 一 年 比 一 年 多 。 在 古巴 里 ， 经济 的 机会 越来越 大 。 另外 古巴 的 房产 的 市场 有为 极了 。 虽然 ， 因为 了 行政 的 问题 ， 买房 还 非常 复杂 ， 但是 房子 的 价格 不 必 别的 国家 的 。 一个 小 房子 的 平均 的 价格 差不多 三千 欧洲 货币 。,决定 去 住 古巴 的 外国人 一 年 比 一 年 多 。 在 古巴里 ， 经济 的 机会 越来越 大 。 另外 古巴 的 房产 的 市场 有 为 极了 。 虽然 ， 因为了 行政 的 问题 ， 买房 还 非常 复杂 ， 但是 房子 的 价格 不必别的 国家 的 。 一个 小 房子 的 平均 的 价格 差不多 三千 欧洲 货币 。,不 / 必 / 别的,不必别的,74,78,不必别的,"[75, 76]",[],[],"[75, 76]","The prediction misses the gold boundary between [不] and [必], merging them into [不必别的].",False,False,,4
430,P2,P2 Similarity-based projection,under,愚公是英雄因为就是他九十岁了，他开始动起手来，一个月干下来，都没有什么变化，他不矢去信心。当智叟开始笑话他，愚公继续搬。,愚公是英雄。因为即使他九十岁了，还是动手搬山，一个月干下来，就算山没有什么变化，他也不失去信心。当智叟开始笑话他，愚公还是继续搬山。,愚公 是 英雄 因为 就 是 他 九十 岁 了 ， 他 开始 动 起 手 来 ， 一个 月 干 下来 ， 都 没有 什么 变化 ， 他 不 矢去 信心 。 当 智叟 开始 笑话 他 ， 愚公 继续 搬 。,愚公 是 英雄 因为 就 是 他 九十 岁 了 ， 他 开始 动起 手 来 ， 一个 月 干 下来 ， 都 没有 什么 变化 ， 他 不 矢去 信心 。 当 智叟 开始 笑话 他 ， 愚公 继续 搬 。,动 / 起,动起,18,20,动起,[19],[],[],[19],"The prediction misses the gold boundary between [动] and [起], merging them into [动起].",False,True,,1
432,P2,P2 Similarity-based projection,drift,那么谁给我们知识呢，大大概的情况下父母教我们最基本的东西。,那么谁给我们知识呢，大概率的情况下是父母教我们最基本的东西。,那么 谁 给 我们 知识 呢 ， 大 大概 的 情况 下 父母 教 我们 最 基本 的 东西 。,那么 谁 给 我们 知识 呢 ， 大大 概 的 情况 下 父母 教 我们 最 基本 的 东西 。,大 / 大概,大大 / 概,10,13,大大概,[11],[12],[12],[11],"The prediction places a boundary at offset [12] instead of the gold offset [11], resulting in a shifted local segmentation.",False,True,,1
449,P2,P2 Similarity-based projection,under,其次，流行歌曲帮助父母和孩子之间的关系。一同坐在沙发上，一起看电视机的音乐节目，有笑有聊的话，父母和孩子的关系更加亲密，还有父母能够理解孩子，孩子也会理解父母的看法、做法等。,其次，流行歌曲帮助父母和孩子之间建立关系。一同坐在沙发上，一起看电视机里的音乐节目，有笑有聊的谈话，父母和孩子的关系更加亲密，还有父母能够理解孩子，孩子也会理解父母的看法、做法等。,其次 ， 流行歌曲 帮助 父母 和 孩子 之间 的 关系 。 一同 坐 在 沙发 上 ， 一起 看 电视机 的 音乐 节目 ， 有 笑 有 聊 的 话 ， 父母 和 孩子 的 关系 更加 亲密 ， 还有 父母 能够 理解 孩子 ， 孩子 也 会 理解 父母 的 看法 、 做法 等 。,其次 ， 流行歌曲 帮助 父母 和 孩子 之间 的 关系 。 一同 坐 在 沙发 上 ， 一起 看 电视机 的 音乐 节目 ， 有 笑 有 聊 的话 ， 父母 和 孩子 的 关系 更加 亲密 ， 还有 父母 能够 理解 孩子 ， 孩子 也 会 理解 父母 的 看法 、 做法 等 。,的 / 话,的话,44,46,的话,[45],[],[],[45],"The prediction misses the gold boundary between [的] and [话], merging them into [的话].",False,False,,1
455,P2,P2 Similarity-based projection,under,第一个是如果她常常模着自己的前发，她想有距离自己从对方。,第一个是如果她常常摸着自己的前发，她想自己跟对方保持距离。,第一 个 是 如果 她 常常 模 着 自己 的 前 发 ， 她 想 有 距离 自己 从 对方 。,第一 个 是 如果 她 常常 模 着 自己 的 前发 ， 她 想 有 距离 自己 从 对方 。,前 / 发,前发,14,16,前发,[15],[],[],[15],"The prediction misses the gold boundary between [前] and [发], merging them into [前发].",False,True,,1
457,P2,P2 Similarity-based projection,over,这些理由对流行歌曲的人合适，但是也有些人不喜欢流行歌曲，甚至还有非常蔑视流行歌曲。我认为人们的趣味各种各样，所以有这样人也有那样人。我会了解他们的看法。不过如果他们只不喜欢流行歌的理由是他们认为流行歌曲很脏，很复杂……这样的理由的话，我不会了解。但是他们一直不喜欢流行歌曲的话，我不得不承认，因为这是他们的想法和自由。,这些理由对喜欢流行歌曲的人合适，但是也有些人不喜欢流行歌曲，甚至还有人非常蔑视流行歌曲。我认为人们的趣味各种各样，所以有这样人，也有那样人。我会理解他们的看法。不过如果他们不喜欢流行歌的理由只是他们认为流行歌曲很脏，很复杂……这样的理由的话，我不会理解。但是他们一直不喜欢流行歌曲的话，我不得不承认这件事，因为这是他们的想法和自由。,这些 理由 对 流行 歌曲 的 人 合适 ， 但是 也 有些 人 不 喜欢 流行 歌曲 ， 甚至 还有 非常 蔑视 流行 歌曲 。 我 认为 人们 的 趣味 各种各样 ， 所以 有 这样 人 也 有 那样 人 。 我 会 了解 他们 的 看法 。 不过 如果 他们 只 不 喜欢 流行歌 的 理由 是 他们 认为 流行 歌曲 很 脏 ， 很 复杂 …… 这样 的 理由 的话 ， 我 不 会 了解 。 但是 他们 一直 不 喜欢 流行 歌曲 的 话 ， 我 不得不 承认 ， 因为 这 是 他们 的 想法 和 自由 。,这些 理由 对 流行 歌曲 的 人 合适 ， 但是 也 有些 人 不 喜欢 流行 歌曲 ， 甚至 还 有 非常 蔑视 流行 歌曲 。 我 认为 人们 的 趣味 各种各样 ， 所以 有 这样 人 也 有 那样 人 。 我 会 了解 他们 的 看法 。 不过 如果 他们 只 不 喜欢 流行歌 的 理由 是 他们 认为 流行 歌曲 很 脏 ， 很 复杂 …… 这样 的 理由 的话 ， 我 不 会 了解 。 但是 他们 一直 不 喜欢 流行 歌曲 的 话 ， 我 不得不 承认 ， 因为 这 是 他们 的 想法 和 自由 。,还有,还 / 有,30,32,还有,[],[31],[31],[],"The prediction inserts an extra boundary inside the gold token [还有], producing [还 / 有].",False,False,,1
459,P2,P2 Similarity-based projection,over,她除其她事项外看着一个正在洗净衣服的、非常胖也非难看的老女人。,她除了要做其他事情，还要照看那个正在洗衣服的、非常胖也非常难看的老女人。,她 除 其她 事项 外 看 着 一个 正在 洗 净 衣服 的 、 非常 胖 也 非 难看 的 老 女人 。,她 除 其 她 事项 外 看 着 一个 正在 洗 净 衣服 的 、 非常 胖 也 非 难看 的 老 女人 。,其她,其 / 她,2,4,其她,[],[3],[3],[],"The prediction inserts an extra boundary inside the gold token [其她], producing [其 / 她].",False,True,,1
460,P2,P2 Similarity-based projection,under,对不起，我没看你的新写字。,对不起，我没看你新写的字。,对不起 ， 我 没 看 你 的 新 写 字 。,对不起 ， 我 没 看 你 的 新 写字 。,写 / 字,写字,10,12,写字,[11],[],[],[11],"The prediction misses the gold boundary between [写] and [字], merging them into [写字].",True,True,,1
474,P2,P2 Similarity-based projection,drift,旅行营会把所有的景点、交通和住宿都安排好了。所以自己不能决定哪里去。而且参加旅行营会跟很多不认识的人一起旅行。碰到讨厌的人就没办法，一定要跟他们在一起。所以我喜欢自己一个人旅行。这一样就自由多了。,旅行营会把所有的景点、交通和住宿都安排好，所以自己不能决定去哪里。而且参加旅行营会跟很多不认识的人一起旅行，碰到讨厌的人就没办法，一定要跟他们在一起。所以我喜欢自己一个人旅行，这一来就自由多了。,旅行营 会 把 所有 的 景点 、 交通 和 住宿 都 安排 好 了 。 所以 自己 不 能 决定 哪里 去 。 而且 参加 旅行营 会 跟 很多 不 认识 的 人 一起 旅行 。 碰到 讨厌 的 人 就 没 办法 ， 一定 要 跟 他们 在 一起 。 所以 我 喜欢 自己 一个 人 旅行 。 这 一样 就 自由 多 了 。,旅行营 会 把 所有 的 景点 、 交通 和 住宿 都 安排 好 了 。 所以 自己 不 能 决定 哪里 去 。 而且 参加 旅行营 会 跟 很多 不 认识 的 人 一起 旅行 。 碰到 讨厌 的 人 就 没 办法 ， 一定 要 跟 他们 在 一起 。 所以 我 喜欢 自己 一个 人 旅行 。 这一 样 就 自由 多 了 。,这 / 一样,这一 / 样,89,92,这一样,[90],[91],[91],[90],"The prediction places a boundary at offset [91] instead of the gold offset [90], resulting in a shifted local segmentation.",False,False,,1
485,P2,P2 Similarity-based projection,over,青少年的健康也应该得到社会的注意。这是又涉及到一个敏感的问题，既要是家有青少年父母是否有义务保持一个对身体健康的环境，是否也该限制父母在孩子当前抽烟。国家在什么情况下干预家庭的内事？,青少年的健康也应该得到社会的注意。这又涉及到一个敏感的问题，即家有青少年的父母是否有义务保持一个对身体健康的环境，是否也该限制父母在孩子面前抽烟。国家在什么情况下可以干预家庭内的事？,青少年 的 健康 也 应该 得到 社会 的 注意 。 这 是 又 涉及 到 一个 敏感 的 问题 ， 既 要是 家 有 青少年 父母 是否 有 义务 保持 一个 对 身体 健康 的 环境 ， 是否 也 该 限制 父母 在 孩子 当前 抽烟 。 国家 在 什么 情况 下 干预 家庭 的 内事 ？,青少年 的 健康 也 应该 得到 社会 的 注意 。 这 是 又 涉及 到 一个 敏感 的 问题 ， 既 要 是 家 有 青少年 父母 是否 有 义务 保持 一个 对 身体 健康 的 环境 ， 是否 也 该 限制 父母 在 孩子 当前 抽烟 。 国家 在 什么 情况 下 干预 家庭 的 内事 ？,要是,要 / 是,32,34,要是,[],[33],[33],[],"The prediction inserts an extra boundary inside the gold token [要是], producing [要 / 是].",False,False,,1
495,P2,P2 Similarity-based projection,under,我的女朋友姓白。出生于1989年2月12日，她22岁。我周末只见她。她有一个妹妹。在大学学医学。她很高，但是比我矮。她会说挪威语。,我的女朋友姓白，出生于1989年2月12日，她22岁。我周末会见她。她有一个妹妹，在大学学医学。她很高，但是比我矮。她会说挪威语。,我 的 女朋友 姓 白 。 出生 于 1989年 2月 12日 ， 她 22 岁 。 我 周末 只 见 她 。 她 有 一个 妹妹 。 在 大学 学 医学 。 她 很 高 ， 但是 比 我 矮 。 她 会 说 挪威语 。,我 的 女朋友 姓 白 。 出生 于 1989年 2月 12日 ， 她 22 岁 。 我 周末 只见 她 。 她 有 一个 妹妹 。 在 大学 学 医学 。 她 很 高 ， 但是 比 我 矮 。 她 会 说 挪威语 。,只 / 见,只见,30,32,只见,[31],[],[],[31],"The prediction misses the gold boundary between [只] and [见], merging them into [只见].",False,True,,1
511,P2,P2 Similarity-based projection,over,冲绳是一个非常美丽的地方，天蓝蓝的，海水清淤见地，鱼特别新鲜，水果尝尝鲜。腓力和我夜夜下班以后，去了翘首美丽的星空。,冲绳是一个非常美丽的地方，天蓝蓝的，海水清澈见底，鱼特别新鲜，水果也很新鲜。腓力和我每夜下班以后，都会去仰望美丽的星空。,冲绳 是 一个 非常 美丽 的 地方 ， 天 蓝蓝的 ， 海水 清淤见地 ， 鱼 特别 新鲜 ， 水果 尝尝 鲜 。 腓力 和 我 夜夜 下班 以后 ， 去 了 翘首 美丽 的 星空 。,冲绳 是 一个 非常 美丽 的 地方 ， 天 蓝蓝的 ， 海水 清 淤 见 地 ， 鱼 特别 新鲜 ， 水果 尝尝鲜 。 腓力 和 我 夜夜 下班 以后 ， 去 了 翘首 美丽 的 星空 。,清淤见地,清 / 淤 / 见 / 地,20,24,清淤见地,[],"[21, 22, 23]","[21, 22, 23]",[],"The prediction inserts an extra boundary inside the gold token [清淤见地], producing [清 / 淤 / 见 / 地].",False,True,,1
511,P2,P2 Similarity-based projection,under,冲绳是一个非常美丽的地方，天蓝蓝的，海水清淤见地，鱼特别新鲜，水果尝尝鲜。腓力和我夜夜下班以后，去了翘首美丽的星空。,冲绳是一个非常美丽的地方，天蓝蓝的，海水清澈见底，鱼特别新鲜，水果也很新鲜。腓力和我每夜下班以后，都会去仰望美丽的星空。,冲绳 是 一个 非常 美丽 的 地方 ， 天 蓝蓝的 ， 海水 清淤见地 ， 鱼 特别 新鲜 ， 水果 尝尝 鲜 。 腓力 和 我 夜夜 下班 以后 ， 去 了 翘首 美丽 的 星空 。,冲绳 是 一个 非常 美丽 的 地方 ， 天 蓝蓝的 ， 海水 清 淤 见 地 ， 鱼 特别 新鲜 ， 水果 尝尝鲜 。 腓力 和 我 夜夜 下班 以后 ， 去 了 翘首 美丽 的 星空 。,尝尝 / 鲜,尝尝鲜,33,36,尝尝鲜,[35],[],[],[35],"The prediction misses the gold boundary between [尝尝] and [鲜], merging them into [尝尝鲜].",False,True,,2
512,P2,P2 Similarity-based projection,under,孩子并不是不聪明，就是没有经验！无论有什么问题孩子不仅解决不了，而而也解释不了（因为还没学会语言了）。,孩子并不是不聪明，而是没有经验！无论是什么问题，孩子不但解决不了，而且也解释不了（因为他们还没学会语言）。,孩子 并 不 是 不 聪明 ， 就 是 没有 经验 ！ 无论 有 什么 问题 孩子 不仅 解决 不 了 ， 而而 也 解释 不 了 （ 因为 还 没 学会 语言 了 ） 。,孩子 并 不 是 不 聪明 ， 就是 没有 经验 ！ 无论 有 什么 问题 孩子 不仅 解决 不 了 ， 而而 也 解释 不 了 （ 因为 还 没 学会 语言 了 ） 。,就 / 是,就是,9,11,就是,[10],[],[],[10],"The prediction misses the gold boundary between [就] and [是], merging them into [就是].",False,True,,1
525,P2,P2 Similarity-based projection,under,不要乱垃圾！我不穿毛皮的衣服，因为对动物非常的不好。一件外套能包括二十个免毛皮。,不要乱扔垃圾！我不穿毛皮的衣服，因为对动物非常不好。一件外套能包括二十个免子的毛皮。,不要 乱 垃圾 ！ 我 不 穿 毛皮 的 衣服 ， 因为 对 动物 非常 的 不好 。 一 件 外套 能 包括 二十 个 免 毛皮 。,不要 乱 垃圾 ！ 我 不 穿 毛皮 的 衣服 ， 因为 对 动物 非常 的 不好 。 一 件 外套 能 包括 二十 个 免毛皮 。,免 / 毛皮,免毛皮,36,39,免毛皮,[37],[],[],[37],"The prediction misses the gold boundary between [免] and [毛皮], merging them into [免毛皮].",False,True,,1
530,P2,P2 Similarity-based projection,under,所以人们唱流行歌曲可以表出自己的感情和思想。,所以人们唱流行歌曲可以表达出自己的感情和思想。,所以 人们 唱 流行歌曲 可以 表 出 自己 的 感情 和 思想 。,所以 人们 唱 流行歌曲 可以 表出 自己 的 感情 和 思想 。,表 / 出,表出,11,13,表出,[12],[],[],[12],"The prediction misses the gold boundary between [表] and [出], merging them into [表出].",False,True,,1
534,P2,P2 Similarity-based projection,over,世界上常常提到吸烟对个人健康而我们社会有不良的影响，但吸烟者的比重还是高。对吸烟者来说，以吸烟为保持自己的心情稳定，而可以提高自己的力量。对于未成人，吸烟是一种打扮自己。,人们常常提到吸烟对个人健康以及我们社会有不良的影响，但吸烟者的比重还是很高。对吸烟者来说，吸烟能保持自己的心情稳定，可以提高自己的力量。对于未成年人，吸烟是一种表现自己的方式。,世界 上 常常 提到 吸烟 对 个人 健康 而 我们 社会 有 不良 的 影响 ， 但 吸烟者 的 比重 还是 高 。 对 吸烟者 来说 ， 以 吸烟 为 保持 自己 的 心情 稳定 ， 而 可以 提高 自己 的 力量 。 对于 未成人 ， 吸烟 是 一 种 打扮 自己 。,世界 上 常常 提到 吸烟 对 个人 健康 而 我们 社会 有 不良 的 影响 ， 但 吸烟者 的 比重 还是 高 。 对 吸烟者 来说 ， 以 吸烟 为 保持 自己 的 心情 稳定 ， 而 可以 提高 自己 的 力量 。 对于 未 成人 ， 吸烟 是 一 种 打扮 自己 。,未成人,未 / 成人,71,74,未成人,[],[72],[72],[],"The prediction inserts an extra boundary inside the gold token [未成人], producing [未 / 成人].",False,False,,1
539,P2,P2 Similarity-based projection,over,所以我们对下一代的教育也应该很重视这一点。古今中外的学者勤学读书，是我们学习的榜样。我们要活到老，学到老，成为有学问的人，为社会贡献自己的才能，为下一代的未来光明的前途奉献自己的青春，才不辜负先辈的教导，成为社会上有用的人。,所以我们对下一代的教育也应该要重视这一点。古今中外的学者勤学苦读，是我们学习的榜样。我们要活到老，学到老，成为有学问的人，为社会贡献自己的才能，为下一代未来光明的前途奉献自己的青春，这样才不辜负先辈的教导，成为社会上有用的人。,所以 我们 对 下一代 的 教育 也 应该 很 重视 这 一 点 。 古今中外 的 学者 勤学读书 ， 是 我们 学习 的 榜样 。 我们 要 活到老 ， 学到老 ， 成为 有 学问 的 人 ， 为 社会 贡献 自己 的 才能 ， 为 下一代 的 未来 光明 的 前途 奉献 自己 的 青春 ， 才 不 辜负 先辈 的 教导 ， 成为 社会 上 有用 的 人 。,所以 我们 对 下一代 的 教育 也 应该 很 重视 这 一 点 。 古今中外 的 学者 勤 学 读书 ， 是 我们 学习 的 榜样 。 我们 要 活到老 ， 学到老 ， 成为 有 学问 的 人 ， 为 社会 贡献 自己 的 才能 ， 为 下一代 的 未来 光明 的 前途 奉献 自己 的 青春 ， 才 不 辜负 先辈 的 教导 ， 成为 社会 上 有用 的 人 。,勤学读书,勤 / 学 / 读书,28,32,勤学读书,[],"[29, 30]","[29, 30]",[],"The prediction inserts an extra boundary inside the gold token [勤学读书], producing [勤 / 学 / 读书].",False,False,,1
542,P2,P2 Similarity-based projection,under,但最使人想要做导游的原因是因为我非常和人交谈，从交谈中吸取新的知识。我认为互相交谈不但能够增加自己的朋友，也能够取得从书上从不能提供的知识。比如经验、外国的习俗习惯等等。,但最使我想要做导游的原因是我非常喜欢和人交谈，从交谈中吸取新的知识。我认为互相交谈不但能够增加自己的朋友，也能够取得书上不能提供的知识。比如经验、外国的习俗习惯等等。,但 最 使 人 想 要 做 导游 的 原因 是 因为 我 非常 和 人 交谈 ， 从 交谈 中 吸取 新 的 知识 。 我 认为 互相 交谈 不但 能够 增加 自己 的 朋友 ， 也 能够 取得 从 书 上 从 不 能 提供 的 知识 。 比如 经验 、 外国 的 习俗 习惯 等等 。,但 最 使 人 想 要 做 导游 的 原因 是 因为 我 非常 和 人 交谈 ， 从 交谈 中 吸取 新 的 知识 。 我 认为 互相 交谈 不但 能够 增加 自己 的 朋友 ， 也 能够 取得 从 书 上 从不 能 提供 的 知识 。 比如 经验 、 外国 的 习俗 习惯 等等 。,从 / 不,从不,61,63,从不,[62],[],[],[62],"The prediction misses the gold boundary between [从] and [不], merging them into [从不].",False,False,,1
548,P2,P2 Similarity-based projection,over,总之，吸烟是不仅是对身体不好还会影响别人，所以如果以已经吸烟的人要吸烟时也不要在公共场所吸烟。如果还没吸烟的青少年请远离开烟。,总之，吸烟不仅对身体不好，还会影响别人。所以吸烟的人如果要吸烟，也不要在公共场所吸；如果是还没吸过烟的青少年，请远离香烟。,总之 ， 吸烟 是 不仅 是 对 身体 不好 还 会 影响 别人 ， 所以 如果 以 已经 吸烟 的 人 要 吸烟 时 也 不要 在 公共场所 吸烟 。 如果 还 没 吸烟 的 青少年 请 远离开 烟 。,总之 ， 吸烟 是 不仅 是 对 身体 不好 还 会 影响 别人 ， 所以 如果 以 已经 吸烟 的 人 要 吸烟 时 也 不要 在 公共场所 吸烟 。 如果 还 没 吸烟 的 青少年 请 远离 开 烟 。,远离开,远离 / 开,58,61,远离开,[],[60],[60],[],"The prediction inserts an extra boundary inside the gold token [远离开], producing [远离 / 开].",False,False,,1
550,P2,P2 Similarity-based projection,under,我认为不挨饿比“绿色食品”重要。我想如果不用化肥和农药生产“绿色食品”的话，虽然对健康好，但是不够产量，很多人要挨饿了。,我认为不挨饿比“绿色食品”重要。我想如果不用化肥和农药生产“绿色食品”的话，虽然对健康好，但是产量不够，很多人要挨饿了。,我 认为 不 挨饿 比 “ 绿色 食品 ” 重要 。 我 想 如果 不 用 化肥 和 农药 生产 “ 绿色 食品 ” 的话 ， 虽然 对 健康 好 ， 但是 不 够 产量 ， 很多 人 要 挨饿 了 。,我 认为 不 挨饿 比 “ 绿色 食品 ” 重要 。 我 想 如果 不 用 化肥 和 农药 生产 “ 绿色 食品 ” 的话 ， 虽然 对 健康 好 ， 但是 不够 产量 ， 很多 人 要 挨饿 了 。,不 / 够,不够,47,49,不够,[48],[],[],[48],"The prediction misses the gold boundary between [不] and [够], merging them into [不够].",False,True,,1
554,P2,P2 Similarity-based projection,over,我非常喜欢旅游，从小就根我爸妈去参观世界。到我离开出家以前，我们每年都去中国上海看看家庭。,我非常喜欢旅游，从小就跟我爸妈去游览世界。到我离开家以前，我们家庭每年都去中国上海看看。,我 非常 喜欢 旅游 ， 从小 就 根 我 爸妈 去 参观 世界 。 到 我 离开 出家 以前 ， 我们 每年 都 去 中国 上海 看看 家庭 。,我 非常 喜欢 旅游 ， 从小 就 根 我 爸 妈 去 参观 世界 。 到 我 离开 出家 以前 ， 我们 每年 都 去 中国 上海 看看 家庭 。,爸妈,爸 / 妈,13,15,爸妈,[],[14],[14],[],"The prediction inserts an extra boundary inside the gold token [爸妈], producing [爸 / 妈].",False,True,,1
560,P2,P2 Similarity-based projection,over,当今最热门歌手，不说，喜欢流行歌曲的朋友来说多半是“周董”周杰伦，说到这位歌手有趣的“不清楚”歌法，是很喜费玉清而不喜欢流行歌曲的长辈们所厌恶。,当今最热门的歌手，不得不说，对喜欢流行歌曲的朋友来说多半是“周董”周杰伦。说到这位歌手，他有趣的“不清楚”的歌词受很多喜欢费玉清但不喜欢流行歌曲的长辈们厌恶。,当今 最 热门 歌手 ， 不说 ， 喜欢 流行 歌曲 的 朋友 来说 多半 是 “ 周董 ” 周杰伦 ， 说 到 这 位 歌手 有趣 的 “ 不 清楚 ” 歌法 ， 是 很 喜 费玉清 而 不 喜欢 流行 歌曲 的 长辈 们 所 厌恶 。,当今 最 热门 歌手 ， 不 说 ， 喜欢 流行 歌曲 的 朋友 来说 多半 是 “ 周董 ” 周杰伦 ， 说 到 这 位 歌手 有趣 的 “ 不 清楚 ” 歌法 ， 是 很 喜 费玉清 而 不 喜欢 流行 歌曲 的 长辈 们 所 厌恶 。,不说,不 / 说,8,10,不说,[],[9],[9],[],"The prediction inserts an extra boundary inside the gold token [不说], producing [不 / 说].",False,True,,1
568,P2,P2 Similarity-based projection,over,我出生于在奥地利。高中毕业后我选只来到瑞士。对于奥地利人来说，出法语区的地方念大学，不是很正常。首于对于我来说，成尺年景后的事是去看世界。在日内瓦大学我宣告汉学系和阿拉拔语。,我出生在奥地利。高中毕业后我选择来到瑞士。对于奥地利人来说，去法语区念大学不是很常见。首先对于我来说，成年后的事是去看世界。在日内瓦大学我学习汉学和阿拉伯语。,我 出生 于 在 奥地利 。 高中 毕业 后 我 选只 来到 瑞士 。 对于 奥地利人 来说 ， 出 法语区 的 地方 念 大学 ， 不 是 很 正常 。 首于 对于 我 来说 ， 成 尺 年景 后 的 事 是 去 看 世界 。 在 日内瓦 大学 我 宣告 汉学系 和 阿拉拔语 。,我 出生 于 在 奥地利 。 高中 毕业 后 我 选 只 来到 瑞士 。 对于 奥地利人 来说 ， 出 法语区 的 地方 念 大学 ， 不 是 很 正常 。 首于 对于 我 来说 ， 成尺 年景 后 的 事 是 去 看 世界 。 在 日内瓦 大学 我 宣告 汉学系 和 阿拉拔语 。,选只,选 / 只,15,17,选只,[],[16],[16],[],"The prediction inserts an extra boundary inside the gold token [选只], producing [选 / 只].",False,False,,1
568,P2,P2 Similarity-based projection,under,我出生于在奥地利。高中毕业后我选只来到瑞士。对于奥地利人来说，出法语区的地方念大学，不是很正常。首于对于我来说，成尺年景后的事是去看世界。在日内瓦大学我宣告汉学系和阿拉拔语。,我出生在奥地利。高中毕业后我选择来到瑞士。对于奥地利人来说，去法语区念大学不是很常见。首先对于我来说，成年后的事是去看世界。在日内瓦大学我学习汉学和阿拉伯语。,我 出生 于 在 奥地利 。 高中 毕业 后 我 选只 来到 瑞士 。 对于 奥地利人 来说 ， 出 法语区 的 地方 念 大学 ， 不 是 很 正常 。 首于 对于 我 来说 ， 成 尺 年景 后 的 事 是 去 看 世界 。 在 日内瓦 大学 我 宣告 汉学系 和 阿拉拔语 。,我 出生 于 在 奥地利 。 高中 毕业 后 我 选 只 来到 瑞士 。 对于 奥地利人 来说 ， 出 法语区 的 地方 念 大学 ， 不 是 很 正常 。 首于 对于 我 来说 ， 成尺 年景 后 的 事 是 去 看 世界 。 在 日内瓦 大学 我 宣告 汉学系 和 阿拉拔语 。,成 / 尺,成尺,56,58,成尺,[57],[],[],[57],"The prediction misses the gold boundary between [成] and [尺], merging them into [成尺].",False,False,,2
578,P2,P2 Similarity-based projection,over,而且它再不能作售品卖了。,而且它再也不能作为售品卖了。,而且 它 再不能 作 售品 卖 了 。,而且 它 再 不 能 作 售品 卖 了 。,再不能,再 / 不 / 能,3,6,再不能,[],"[4, 5]","[4, 5]",[],"The prediction inserts an extra boundary inside the gold token [再不能], producing [再 / 不 / 能].",True,True,,1
584,P2,P2 Similarity-based projection,over,目前在我国的流行歌曲越多越发展。差不多每个星期一两次举行流行歌曲会。,目前我国的流行歌曲发展的越来越多，差不多每个星期举行一两次流行歌曲会。,目前 在 我国 的 流行歌曲 越多越 发展 。 差不多 每个 星期 一两 次 举行 流行歌曲 会 。,目前 在 我国 的 流行歌曲 越 多 越 发展 。 差不多 每个 星期一两 次 举行 流行歌曲 会 。,越多越,越 / 多 / 越,10,13,越多越,[],"[11, 12]","[11, 12]",[],"The prediction inserts an extra boundary inside the gold token [越多越], producing [越 / 多 / 越].",False,True,,1
584,P2,P2 Similarity-based projection,under,目前在我国的流行歌曲越多越发展。差不多每个星期一两次举行流行歌曲会。,目前我国的流行歌曲发展的越来越多，差不多每个星期举行一两次流行歌曲会。,目前 在 我国 的 流行歌曲 越多越 发展 。 差不多 每个 星期 一两 次 举行 流行歌曲 会 。,目前 在 我国 的 流行歌曲 越 多 越 发展 。 差不多 每个 星期一两 次 举行 流行歌曲 会 。,星期 / 一两,星期一两,21,25,星期一两,[23],[],[],[23],"The prediction misses the gold boundary between [星期] and [一两], merging them into [星期一两].",False,True,,2
586,P2,P2 Similarity-based projection,over,我进来了。他们让我坐在椅了上然后开始了问我很多问题。,我进来了。他们让我坐在椅子上然后开始问我很多问题。,我 进来 了 。 他们 让 我 坐 在 椅了 上 然后 开始 了 问 我 很多 问题 。,我 进来 了 。 他们 让 我 坐 在 椅 了 上 然后 开始 了 问 我 很多 问题 。,椅了,椅 / 了,11,13,椅了,[],[12],[12],[],"The prediction inserts an extra boundary inside the gold token [椅了], producing [椅 / 了].",False,True,,1
592,P2,P2 Similarity-based projection,over,在韩国早有在公共场所或路上随便抽烟的话就要罚款。一开始进行这措施时，很少人知道，但是，慢慢开始很多人都谁熟这一措施。,在韩国早有在公共场所或路上随便抽烟的话就要罚款的措施。一开始进行这措施时，很少人知道，但是，慢慢开始很多人都熟悉这一措施。,在 韩国 早 有 在 公共场所 或 路上 随便 抽烟 的话 就要 罚款 。 一 开始 进行 这 措施 时 ， 很 少 人 知道 ， 但是 ， 慢慢 开始 很多 人 都 谁熟 这 一 措施 。,在 韩国 早 有 在 公共场所 或 路上 随便 抽烟 的话 就要 罚款 。 一 开始 进行 这 措施 时 ， 很 少 人 知道 ， 但是 ， 慢慢 开始 很多 人 都 谁 熟 这 一 措施 。,谁熟,谁 / 熟,51,53,谁熟,[],[52],[52],[],"The prediction inserts an extra boundary inside the gold token [谁熟], producing [谁 / 熟].",False,True,,1
597,P2,P2 Similarity-based projection,under,我认为愚公是一个英雄，因为没有超有超能力，以及成功的，由于他的毅力去实现他的目标超人。,我认为愚公是一个英雄，因为他没有超能力，然而他是成功的，由于他用毅力去实现了他的目标。,我 认为 愚公 是 一个 英雄 ， 因为 没有 超 有 超能力 ， 以及 成功 的 ， 由于 他 的 毅力 去 实现 他 的 目标 超人 。,我 认为 愚公 是 一个 英雄 ， 因为 没有 超有 超能力 ， 以及 成功 的 ， 由于 他 的 毅力 去 实现 他 的 目标 超人 。,超 / 有,超有,15,17,超有,[16],[],[],[16],"The prediction misses the gold boundary between [超] and [有], merging them into [超有].",False,True,,1
601,P2,P2 Similarity-based projection,over,即使这项规定有可能造成一个争论，不过站在青少年的立场上考虑此项规定是件很好措施。这可能是一个新的起点，我想，今后这样措施陆续出台，把我们的周围，生活环境调整一下，给不吸烟的人带来一个良好的生活空间，给像我这样吸烟人带来一个放弃不吸烟的环境。,即使这项规定有可能造成一次争论，不过站在青少年的立场上考虑此项规定是件很好的措施。这可能是一个新的起点，我想，今后像这样的措施陆续出台，把我们周围的生活环境调整一下，给不吸烟的人带来一个良好的生活空间，给像我这样吸烟的人带来一个放弃吸烟的环境。,即使 这项 规定 有 可能 造成 一个 争论 ， 不过 站 在 青少年 的 立场 上 考虑 此 项 规定 是 件 很 好 措施 。 这 可能 是 一个 新 的 起点 ， 我 想 ， 今后 这样 措施 陆续 出台 ， 把 我们 的 周围 ， 生活 环境 调整 一下 ， 给 不 吸烟 的 人 带来 一个 良好 的 生活 空间 ， 给 像 我 这样 吸烟 人 带来 一个 放弃 不 吸烟 的 环境 。,即使 这 项 规定 有 可能 造成 一 个 争论 ， 不过 站 在 青少年 的 立场 上 考虑 此 项 规定 是 件 很 好 措施 。 这 可能 是 一个 新 的 起点 ， 我 想 ， 今后 这样 措施 陆续 出台 ， 把 我们 的 周围 ， 生活 环境 调整 一下 ， 给 不 吸烟 的 人 带来 一个 良好 的 生活 空间 ， 给 像 我 这样 吸烟人 带来 一个 放弃 不 吸烟 的 环境 。,这项,这 / 项,2,4,这项,[],[3],[3],[],"The prediction inserts an extra boundary inside the gold token [这项], producing [这 / 项].",False,False,,1
601,P2,P2 Similarity-based projection,over,即使这项规定有可能造成一个争论，不过站在青少年的立场上考虑此项规定是件很好措施。这可能是一个新的起点，我想，今后这样措施陆续出台，把我们的周围，生活环境调整一下，给不吸烟的人带来一个良好的生活空间，给像我这样吸烟人带来一个放弃不吸烟的环境。,即使这项规定有可能造成一次争论，不过站在青少年的立场上考虑此项规定是件很好的措施。这可能是一个新的起点，我想，今后像这样的措施陆续出台，把我们周围的生活环境调整一下，给不吸烟的人带来一个良好的生活空间，给像我这样吸烟的人带来一个放弃吸烟的环境。,即使 这项 规定 有 可能 造成 一个 争论 ， 不过 站 在 青少年 的 立场 上 考虑 此 项 规定 是 件 很 好 措施 。 这 可能 是 一个 新 的 起点 ， 我 想 ， 今后 这样 措施 陆续 出台 ， 把 我们 的 周围 ， 生活 环境 调整 一下 ， 给 不 吸烟 的 人 带来 一个 良好 的 生活 空间 ， 给 像 我 这样 吸烟 人 带来 一个 放弃 不 吸烟 的 环境 。,即使 这 项 规定 有 可能 造成 一 个 争论 ， 不过 站 在 青少年 的 立场 上 考虑 此 项 规定 是 件 很 好 措施 。 这 可能 是 一个 新 的 起点 ， 我 想 ， 今后 这样 措施 陆续 出台 ， 把 我们 的 周围 ， 生活 环境 调整 一下 ， 给 不 吸烟 的 人 带来 一个 良好 的 生活 空间 ， 给 像 我 这样 吸烟人 带来 一个 放弃 不 吸烟 的 环境 。,一个,一 / 个,11,13,一个,[],[12],[12],[],"The prediction inserts an extra boundary inside the gold token [一个], producing [一 / 个].",False,False,,2
601,P2,P2 Similarity-based projection,under,即使这项规定有可能造成一个争论，不过站在青少年的立场上考虑此项规定是件很好措施。这可能是一个新的起点，我想，今后这样措施陆续出台，把我们的周围，生活环境调整一下，给不吸烟的人带来一个良好的生活空间，给像我这样吸烟人带来一个放弃不吸烟的环境。,即使这项规定有可能造成一次争论，不过站在青少年的立场上考虑此项规定是件很好的措施。这可能是一个新的起点，我想，今后像这样的措施陆续出台，把我们周围的生活环境调整一下，给不吸烟的人带来一个良好的生活空间，给像我这样吸烟的人带来一个放弃吸烟的环境。,即使 这项 规定 有 可能 造成 一个 争论 ， 不过 站 在 青少年 的 立场 上 考虑 此 项 规定 是 件 很 好 措施 。 这 可能 是 一个 新 的 起点 ， 我 想 ， 今后 这样 措施 陆续 出台 ， 把 我们 的 周围 ， 生活 环境 调整 一下 ， 给 不 吸烟 的 人 带来 一个 良好 的 生活 空间 ， 给 像 我 这样 吸烟 人 带来 一个 放弃 不 吸烟 的 环境 。,即使 这 项 规定 有 可能 造成 一 个 争论 ， 不过 站 在 青少年 的 立场 上 考虑 此 项 规定 是 件 很 好 措施 。 这 可能 是 一个 新 的 起点 ， 我 想 ， 今后 这样 措施 陆续 出台 ， 把 我们 的 周围 ， 生活 环境 调整 一下 ， 给 不 吸烟 的 人 带来 一个 良好 的 生活 空间 ， 给 像 我 这样 吸烟人 带来 一个 放弃 不 吸烟 的 环境 。,吸烟 / 人,吸烟人,104,107,吸烟人,[106],[],[],[106],"The prediction misses the gold boundary between [吸烟] and [人], merging them into [吸烟人].",False,False,,3
602,P2,P2 Similarity-based projection,over,北京的交通很挤，可是我一经对这个城市的环境很熟悉。我认为北京的天气不舒适，再说没有春天。我大学毕业一后要去中国工作。,北京的交通很拥挤，可是我已经对这个城市的环境很熟悉了。我认为北京的天气令人不舒适，而且没有春天。我大学毕业以后要去中国工作。,北京 的 交通 很 挤 ， 可是 我 一经 对 这个 城市 的 环境 很 熟悉 。 我 认为 北京 的 天气 不 舒适 ， 再说 没有 春天 。 我 大学 毕业 一后 要 去 中国 工作 。,北京 的 交通 很 挤 ， 可是 我 一经 对 这个 城市 的 环境 很 熟悉 。 我 认为 北京 的 天气 不 舒适 ， 再说 没有 春天 。 我 大学 毕业 一 后 要 去 中国 工作 。,一后,一 / 后,49,51,一后,[],[50],[50],[],"The prediction inserts an extra boundary inside the gold token [一后], producing [一 / 后].",False,True,,1
603,P2,P2 Similarity-based projection,over,吸烟的时候，因为香烟的有害物质，肝、肺等器官容易变坏，如果多吸烟的话，会得严重的病。特别是青少年吸烟的话，他们会受得成长障碍。,吸烟的时候，因为香烟的有害物质，肝、肺等器官容易变坏，如果多吸烟的话，会得严重的病。特别是青少年吸烟的话，他们的成长会受到阻碍。,吸烟 的 时候 ， 因为 香烟 的 有害 物质 ， 肝 、 肺 等 器官 容易 变 坏 ， 如果 多 吸烟 的话 ， 会 得 严重 的 病 。 特别 是 青少年 吸烟 的话 ， 他们 会 受得 成长 障碍 。,吸烟 的 时候 ， 因为 香烟 的 有害 物质 ， 肝 、 肺 等 器官 容易 变 坏 ， 如果 多 吸烟 的话 ， 会 得 严重 的 病 。 特别 是 青少年 吸烟 的话 ， 他们 会 受 得 成长 障碍 。,受得,受 / 得,56,58,受得,[],[57],[57],[],"The prediction inserts an extra boundary inside the gold token [受得], producing [受 / 得].",False,False,,1
612,P2,P2 Similarity-based projection,over,最近，一些音乐评论家发表轻视流星歌曲的一些观点，有些人以致蔑视流行歌曲。,最近，一些音乐评论家发表轻视流行歌曲的一些观点，以致于有些人蔑视流行歌曲。,最近 ， 一些 音乐 评论家 发表 轻视 流星歌曲 的 一些 观点 ， 有些 人 以致 蔑视 流行歌曲 。,最近 ， 一些 音乐 评论家 发表 轻视 流星 歌曲 的 一些 观点 ， 有些 人 以致 蔑视 流行歌曲 。,流星歌曲,流星 / 歌曲,14,18,流星歌曲,[],[16],[16],[],"The prediction inserts an extra boundary inside the gold token [流星歌曲], producing [流星 / 歌曲].",False,True,,1
617,P2,P2 Similarity-based projection,under,我觉得，这篇文章里政府出台的一项规定是将来对公众有利益的事情。,我觉得，这篇文章里政府出台的一项规定是将来对公众有利的事情。,我 觉得 ， 这 篇 文章 里 政府 出台 的 一 项 规定 是 将来 对 公众 有 利益 的 事情 。,我 觉得 ， 这 篇 文章 里 政府 出台 的 一 项 规定 是 将来 对 公众 有利益 的 事情 。,有 / 利益,有利益,24,27,有利益,[25],[],[],[25],"The prediction misses the gold boundary between [有] and [利益], merging them into [有利益].",False,False,,1
621,P2,P2 Similarity-based projection,under,当然大家都盼望自己的小孩成才，所以在你们小时候就对他们的教育严阵以待和处处管教，虽说不是坏事，但也因此使小孩失去了不少童年该有的快乐回忆，所以在小孩的生活中，父母不仅仅是养育者的身份，也是在扮演着老师的责任，而人的一生绝大部分关键都是在儿童时产生，所以在孩子上学前父母就是孩子的第一任老师。,当然大家都盼望自己的小孩成才。所以你们在他们小时候就对他们的教育进行严抓并处处管教，虽说不是坏事，但也因此使小孩失去了不少童年该有的快乐回忆。所以在小孩的生活中，父母不仅仅是养育者的身份，也是在扮演着老师的角色。而人的一生绝大部分关键思想都是在儿童时产生的，所以在孩子上学前，父母就是孩子的第一任老师。,当然 大家 都 盼望 自己 的 小孩 成才 ， 所以 在 你们 小时候 就 对 他们 的 教育 严阵以待 和 处处 管教 ， 虽说 不 是 坏事 ， 但 也 因 此 使 小孩 失去 了 不少 童年 该 有 的 快乐 回忆 ， 所以 在 小孩 的 生活 中 ， 父母 不仅仅 是 养育者 的 身份 ， 也 是 在 扮演 着 老师 的 责任 ， 而 人 的 一生 绝大部分 关键 都 是 在 儿童 时 产生 ， 所以 在 孩子 上学 前 父母 就 是 孩子 的 第一 任 老师 。,当然 大家 都 盼望 自己 的 小孩 成才 ， 所以 在 你们 小时候 就 对 他们 的 教育 严阵以待 和 处处 管教 ， 虽说 不 是 坏事 ， 但 也 因此 使 小孩 失去 了 不少 童年 该 有 的 快乐 回忆 ， 所以 在 小孩 的 生活 中 ， 父母 不仅仅 是 养育者 的 身份 ， 也 是 在 扮演 着 老师 的 责任 ， 而 人 的 一生 绝大部分 关键 都 是 在 儿童 时 产生 ， 所以 在 孩子 上学 前 父母 就 是 孩子 的 第一 任 老师 。,因 / 此,因此,49,51,因此,[50],[],[],[50],"The prediction misses the gold boundary between [因] and [此], merging them into [因此].",False,False,,1
628,P2,P2 Similarity-based projection,under,其实就按照我个人所经历过的学生时代来说吧，这男女分校好还是混合好倒是各有各的说法，赞成分校者谓说可以提防男女少年过于早熟早恋，甚至于“偷尝禁果”但个人认为多数实行分校制者实际上都是一些所谓比较“名牌”的学校因此为“名”而分者是更大的考量。,其实就按照我个人所经历过的学生时代来说吧，是男女分校好还是混合好倒是各有各的说法，赞成分校者认为分校可以提防男女少年过于早熟早恋，甚至“偷尝禁果”，但个人认为多数实行分校制者实际上都是一些所谓比较“名牌”的学校，“名”是更大的考量。,其实 就 按照 我 个人 所 经历 过 的 学生 时代 来说 吧 ， 这 男女 分校 好 还是 混合 好 倒是 各 有 各 的 说法 ， 赞成 分校 者 谓 说 可以 提防 男女 少年 过于 早熟 早恋 ， 甚至于 “ 偷尝 禁果 ” 但 个人 认为 多数 实行 分校制 者 实际上 都 是 一些 所谓 比较 “ 名牌 ” 的 学校 因此 为 “ 名 ” 而 分 者 是 更 大 的 考量 。,其实 就 按照 我 个人 所 经历 过 的 学生 时代 来说 吧 ， 这 男女 分校 好 还是 混合 好 倒是 各 有 各 的 说法 ， 赞成 分校 者 谓 说 可以 提防 男女 少年 过于 早熟 早恋 ， 甚至于 “ 偷尝 禁果 ” 但 个人 认为 多数 实行 分校制 者 实际上 都 是 一些 所谓 比较 “ 名牌 ” 的 学校 因此 为 “ 名 ” 而 分者 是 更 大 的 考量 。,分 / 者,分者,110,112,分者,[111],[],[],[111],"The prediction misses the gold boundary between [分] and [者], merging them into [分者].",False,False,,1
631,P2,P2 Similarity-based projection,over,所以我少就不理他了。,所以我就不理他了。,所以 我 少就 不 理 他 了 。,所以 我 少 就 不 理 他 了 。,少就,少 / 就,3,5,少就,[],[4],[4],[],"The prediction inserts an extra boundary inside the gold token [少就], producing [少 / 就].",True,True,,1
647,P2,P2 Similarity-based projection,drift,自古至今，男欢女爱，在东西方的眼中各有不同的看法。先说西方洋人喜欢追求浪漫、刺激的一见钟情，快熟式的恋爱方式，对我们中国人来说，可说是见怪不怪。,自古至今，男欢女爱，在东西方的眼中各有看法。先说西方洋人喜欢追求浪漫、刺激的一见钟情那样快餐式的恋爱方式，对我们中国人来说，可谓是见怪不怪。,自古至 今 ， 男 欢 女爱 ， 在 东西方 的 眼中 各 有 不同 的 看法 。 先 说 西方 洋人 喜欢 追求 浪漫 、 刺激 的 一见钟情 ， 快熟式 的 恋爱 方式 ， 对 我们 中国 人 来说 ， 可说 是 见怪不怪 。,自古至 今 ， 男 欢 女爱 ， 在 东西方 的 眼中 各 有 不同 的 看法 。 先 说 西方 洋人 喜欢 追求 浪漫 、 刺激 的 一见钟情 ， 快熟式 的 恋爱 方式 ， 对 我们 中国 人 来说 ， 可 说是 见怪不怪 。,可说 / 是,可 / 说是,64,67,可说是,[66],[65],[65],[66],"The prediction places a boundary at offset [65] instead of the gold offset [66], resulting in a shifted local segmentation.",False,True,,1
679,P2,P2 Similarity-based projection,under,我经常就把一本书带在身边，无论是在地铁里、公共汽车上，或是在飞机航途中，我都能随时打开手中的书，让自己漫游在书中的世界里。,我经常把一本书带在身边，无论是在地铁里、公共汽车上，还是在飞机航行途中，我都能随时打开手中的书，让自己漫游在书中的世界。,我 经常 就 把 一 本 书 带 在 身边 ， 无论是 在 地铁 里 、 公共 汽车 上 ， 或是 在 飞机 航 途 中 ， 我 都 能 随时 打开 手中 的 书 ， 让 自己 漫游 在 书 中 的 世界 里 。,我 经常 就 把 一 本 书 带 在 身边 ， 无论是 在 地铁 里 、 公共 汽车 上 ， 或是 在 飞机 航途中 ， 我 都 能 随时 打开 手中 的 书 ， 让 自己 漫游 在 书 中 的 世界 里 。,航 / 途 / 中,航途中,32,35,航途中,"[33, 34]",[],[],"[33, 34]","The prediction misses the gold boundary between [航] and [途], merging them into [航途中].",False,True,,1
683,P2,P2 Similarity-based projection,under,但当时我的对抽烟的想法打负了这个诱惑。我是个网球迷，从十五岁的时候开始打的球。对一个运动爱好者来说管理自己的健康应该十二分重视，我的想法也是一样。后来过了十多年了，社会的对抽烟的观念也发展到一样的方向了。,但当时我对抽烟的想法打败了这个诱惑。我是个网球迷，从十五岁的时候开始打网球。一个运动爱好者对管理自己的健康应该十二分重视，我的想法也是这样。后来过了十多年了，社会上对抽烟的观念也发展到一样的方向了。,但 当时 我 的 对 抽烟 的 想法 打负 了 这个 诱惑 。 我 是 个 网球迷 ， 从 十五 岁 的 时候 开始 打 的 球 。 对 一个 运动 爱好者 来说 管理 自己 的 健康 应该 十二 分 重视 ， 我 的 想法 也 是 一样 。 后来 过 了 十 多 年 了 ， 社会 的 对 抽烟 的 观念 也 发展 到 一样 的 方向 了 。,但 当时 我 的 对 抽烟 的 想法 打负 了 这个 诱惑 。 我 是 个 网球迷 ， 从 十五 岁 的 时候 开始 打 的 球 。 对 一个 运动 爱好者 来说 管理 自己 的 健康 应该 十二分 重视 ， 我 的 想法 也 是 一样 。 后来 过 了 十 多 年 了 ， 社会 的 对 抽烟 的 观念 也 发展 到 一样 的 方向 了 。,十二 / 分,十二分,58,61,十二分,[60],[],[],[60],"The prediction misses the gold boundary between [十二] and [分], merging them into [十二分].",False,False,,1
685,P2,P2 Similarity-based projection,over,向孩子表示模范、榜样是父母的责任。那么，如果父母不负责这个责任的话，如何影响孩子的成长呢？,成为孩子的模范、榜样是父母的责任。那么，如果父母不负起这个责任的话，如何促进孩子的成长呢？,向 孩子 表示 模范 、 榜样 是 父母 的 责任 。 那么 ， 如果 父母 不 负责 这个 责任 的话 ， 如何 影响 孩子 的 成长 呢 ？,向 孩子 表示 模范 、 榜样 是 父母 的 责任 。 那么 ， 如果 父母 不 负 责 这个 责任 的话 ， 如何 影响 孩子 的 成长 呢 ？,负责,负 / 责,25,27,负责,[],[26],[26],[],"The prediction inserts an extra boundary inside the gold token [负责], producing [负 / 责].",False,True,,1
689,P2,P2 Similarity-based projection,under,第二，人生中一定找个喜欢的运动。所以我从小开始去雪山滑滑雪，夏天的时候，去海岸游泳。这是我的爱好和喜欢的运动类。,第二，人生中一定要找个喜欢的运动。所以我从小开始去雪山滑雪，夏天的时候，去海岸游泳。这是我的爱好和喜欢的运动。,第二 ， 人生 中 一定 找 个 喜欢 的 运动 。 所以 我 从小 开始 去 雪山 滑滑雪 ， 夏天 的 时候 ， 去 海岸 游泳 。 这 是 我 的 爱好 和 喜欢 的 运动 类 。,第二 ， 人生 中 一定 找 个 喜欢 的 运动 。 所以 我 从小 开始 去 雪山 滑滑雪 ， 夏天 的 时候 ， 去 海岸 游泳 。 这 是 我 的 爱好 和 喜欢 的 运动类 。,运动 / 类,运动类,52,55,运动类,[54],[],[],[54],"The prediction misses the gold boundary between [运动] and [类], merging them into [运动类].",False,True,,1
701,P2,P2 Similarity-based projection,over,刚刚看了一下题目，心里禁不出笑了出来，我仔细地思考，难道吸烟不影响身体的哪里呢？尤其是肺，其次是嗓子，皮肤，骨，儿童发育，算我是一个久年的吸烟狂的经验来看，自从我吸烟之后，没有一天是活力十足的。,刚刚看了一下题目，不禁笑出声来。我仔细地思考，吸烟对身体的哪里不影响呢？尤其是肺，其次是嗓子、皮肤、骨，尤其是儿童发育，依我一个九年的吸烟狂的经验来看，自从我吸烟之后，没有一天是活力十足的。,刚刚 看 了 一下 题目 ， 心里 禁不出 笑 了 出来 ， 我 仔细 地 思考 ， 难道 吸烟 不 影响 身体 的 哪里 呢 ？ 尤其 是 肺 ， 其次 是 嗓子 ， 皮肤 ， 骨 ， 儿童 发育 ， 算 我 是 一个 久年 的 吸烟狂 的 经验 来 看 ， 自从 我 吸烟 之后 ， 没有 一 天 是 活力 十足 的 。,刚刚 看 了 一下 题目 ， 心里 禁 不 出 笑 了 出来 ， 我 仔细 地 思考 ， 难道 吸烟 不 影响 身体 的 哪里 呢 ？ 尤其 是 肺 ， 其次 是 嗓子 ， 皮肤 ， 骨 ， 儿童 发育 ， 算 我 是 一个 久年 的 吸烟狂 的 经验 来 看 ， 自从 我 吸烟 之后 ， 没有 一 天 是 活力 十足 的 。,禁不出,禁 / 不 / 出,11,14,禁不出,[],"[12, 13]","[12, 13]",[],"The prediction inserts an extra boundary inside the gold token [禁不出], producing [禁 / 不 / 出].",False,False,,1
708,P2,P2 Similarity-based projection,under,根据科学家的研究，吸烟给身体会带来坏处，还有对社会公众利益也带来了伤害。,根据科学家的研究，吸烟会给身体带来坏处，还有给社会公众利益也带来了伤害。,根据 科学家 的 研究 ， 吸烟 给 身体 会 带来 坏处 ， 还有 对 社会 公众 利益 也 带来 了 伤害 。,根据 科学家 的 研究 ， 吸烟 给 身体会 带来 坏处 ， 还有 对 社会 公众 利益 也 带来 了 伤害 。,身体 / 会,身体会,12,15,身体会,[14],[],[],[14],"The prediction misses the gold boundary between [身体] and [会], merging them into [身体会].",False,False,,1
715,P2,P2 Similarity-based projection,under,我觉得中国人的生活习惯一定是好的：他们爱吃菜，豆腐，不太爱吃肥肉等等。他们也爱作运动。大家都在公场一起联系。这个当然是好习惯。,我觉得中国人的生活习惯一定是好的，比如他们爱吃菜，豆腐，不太爱吃肥肉等等。他们也爱运动，大家都在公共场合一起练习。这些当然都是好习惯。,我 觉得 中国 人 的 生活 习惯 一定 是 好 的 ： 他们 爱 吃 菜 ， 豆腐 ， 不 太 爱 吃 肥肉 等等 。 他们 也 爱 作 运动 。 大家 都 在 公 场 一起 联系 。 这个 当然 是 好 习惯 。,我 觉得 中国 人 的 生活 习惯 一定 是 好 的 ： 他们 爱 吃 菜 ， 豆腐 ， 不 太 爱 吃 肥肉 等等 。 他们 也 爱 作 运动 。 大家 都 在 公场 一起 联系 。 这个 当然 是 好 习惯 。,公 / 场,公场,47,49,公场,[48],[],[],[48],"The prediction misses the gold boundary between [公] and [场], merging them into [公场].",False,True,,1
722,P2,P2 Similarity-based projection,under,在欧州，人们第一次抽烟是在西班牙开始的，他们从美国拿回来。从十六世纪开始，欧州人就抽烟。开始的时候只有有钱人可以抽，因为是奢侈品。开始时大多数男人抽烟，然后女人都抽。抽烟成为每天的必须品，有些人要每个小时出去抽，有些更多。,在欧洲，人们第一次抽烟是从西班牙开始的，他们从美国拿回来烟。从十六世纪开始，欧洲人就抽烟。开始的时候只有有钱人可以抽，因为是奢侈品。开始时是大多数男人抽烟，然后女人也抽。香烟成为每天的必需品，有些人要每个小时都出去抽，有些更多。,在 欧州 ， 人们 第一 次 抽烟 是 在 西班牙 开始 的 ， 他们 从 美国 拿 回来 。 从 十六 世纪 开始 ， 欧州 人 就 抽烟 。 开始 的 时候 只有 有钱 人 可以 抽 ， 因为 是 奢侈品 。 开始 时 大多数 男人 抽烟 ， 然后 女人 都 抽 。 抽烟 成为 每天 的 必须品 ， 有些 人 要 每个 小时 出去 抽 ， 有些 更 多 。,在 欧州 ， 人们 第一 次 抽烟 是 在 西班牙 开始 的 ， 他们 从 美国 拿 回来 。 从 十六 世纪 开始 ， 欧州人 就 抽烟 。 开始 的 时候 只有 有钱 人 可以 抽 ， 因为 是 奢侈品 。 开始 时 大多数 男人 抽烟 ， 然后 女人 都 抽 。 抽烟 成为 每天 的 必须品 ， 有些 人 要 每个 小时 出去 抽 ， 有些 更 多 。,欧州 / 人,欧州人,37,40,欧州人,[39],[],[],[39],"The prediction misses the gold boundary between [欧州] and [人], merging them into [欧州人].",False,False,,1
731,P2,P2 Similarity-based projection,under,而且，污染的农产品也可以用各种方法来减少对身体的危害，比如说，蔬菜呢，炒着吃不要吃生的，要是吃生的话，吃葡萄酒。,而且，对于被污染的农产品也可以用各种方法来减少其对身体的危害，比如说，蔬菜呢，炒着吃不要吃生的，要是生吃的话，先喝葡萄酒。,而且 ， 污染 的 农产品 也 可以 用 各种 方法 来 减少 对 身体 的 危害 ， 比如说 ， 蔬菜 呢 ， 炒 着 吃 不要 吃 生 的 ， 要是 吃 生 的话 ， 吃 葡萄酒 。,而且 ， 污染 的 农产品 也 可以 用 各种 方法 来 减少 对 身体 的 危害 ， 比如说 ， 蔬菜 呢 ， 炒 着 吃 不要 吃 生 的 ， 要是 吃生 的话 ， 吃 葡萄酒 。,吃 / 生,吃生,46,48,吃生,[47],[],[],[47],"The prediction misses the gold boundary between [吃] and [生], merging them into [吃生].",False,True,,1
733,P2,P2 Similarity-based projection,under,一般上通过介绍人介绍的异性多数会是害羞型且工作忙碌的一群，这批人多数有学问的基础他们的学历也高，又有经济基础，只要有足够的时间培养彼此的情趣，又能进一步去认识对方的品性修养、处世待人和嗜好，跟他们进一步的了解，你就能发现这样的异性是否适合你的要求标准。,一般通过介绍人介绍的异性多数会是害羞型且工作忙碌的一群人，这批人多数有学问的基础，他们的学历也高，又有经济基础，只要有足够的时间培养彼此的情趣，就能进一步去认识对方的品性修养、处世待人和嗜好，跟他们进一步地了解，你就能发现这样的异性是否适合你的要求标准。,一般 上 通过 介绍人 介绍 的 异性 多数 会 是 害羞型 且 工作 忙碌 的 一 群 ， 这 批 人 多数 有 学问 的 基础 他们 的 学历 也 高 ， 又 有 经济基础 ， 只要 有 足够 的 时间 培养 彼此 的 情趣 ， 又 能 进一步 去 认识 对方 的 品性 修养 、 处世 待人 和 嗜好 ， 跟 他们 进一步 的 了解 ， 你 就 能 发现 这样 的 异性 是否 适合 你 的 要求 标准 。,一般上 通过 介绍人 介绍 的 异性 多数 会 是 害羞型 且 工作 忙碌 的 一 群 ， 这 批 人 多数 有 学问 的 基础 他们 的 学历 也 高 ， 又 有 经济基础 ， 只要 有 足够 的 时间 培养 彼此 的 情趣 ， 又 能 进一步 去 认识 对方 的 品性 修养 、 处世 待人 和 嗜好 ， 跟 他们 进一步 的 了解 ， 你 就 能 发现 这样 的 异性 是否 适合 你 的 要求 标准 。,一般 / 上,一般上,0,3,一般上,[2],[],[],[2],"The prediction misses the gold boundary between [一般] and [上], merging them into [一般上].",False,False,,1
736,P2,P2 Similarity-based projection,over,就是说，这里，各课有tutorial。,就是说，这里各科都有tutorial。,就是说 ， 这里 ， 各课 有 tutorial 。,就是说 ， 这里 ， 各 课 有 tutorial 。,各课,各 / 课,7,9,各课,[],[8],[8],[],"The prediction inserts an extra boundary inside the gold token [各课], producing [各 / 课].",True,True,,1
740,P2,P2 Similarity-based projection,over,比如说中老年人大概是从30到50阶层的人们，青少年看他们抽烟，引起自己的好奇，后来试抽一次，再抽一次，已经瘾上了。,比如说中老年人大概是从30到50岁的人们，青少年看他们抽烟，引起了自己的好奇，后来试抽一次，再抽一次，就上瘾了。,比如说 中老年人 大概 是 从 30 到 50 阶层 的 人们 ， 青少年 看 他们 抽烟 ， 引起 自己 的 好奇 ， 后来 试 抽 一 次 ， 再 抽 一 次 ， 已经 瘾上 了 。,比如说 中老年人 大概 是 从 30 到 50 阶层 的 人们 ， 青少年 看 他们 抽烟 ， 引起 自己 的 好奇 ， 后来 试 抽 一 次 ， 再 抽 一 次 ， 已经 瘾 上 了 。,瘾上,瘾 / 上,53,55,瘾上,[],[54],[54],[],"The prediction inserts an extra boundary inside the gold token [瘾上], producing [瘾 / 上].",False,True,,1
741,P2,P2 Similarity-based projection,under,自己也知道对身体有坏处，可能会得肺癌。,自己也知道对身体有坏处，可能诱发肺癌。,自己 也 知道 对 身体 有 坏处 ， 可能 会 得 肺癌 。,自己 也 知道 对 身体 有 坏处 ， 可能 会得 肺癌 。,会 / 得,会得,14,16,会得,[15],[],[],[15],"The prediction misses the gold boundary between [会] and [得], merging them into [会得].",True,True,,1
745,P2,P2 Similarity-based projection,under,上菜的時候，一般先上涼菜，然后上热菜。上菜来以后，一般先要等最重要的或者年纪最大的客人开始吃，其他人才能跟着吃。后来，主人会鼓励客人们吃到饱，常常会说”多吃点”，”慢慢吃”等等。,上菜的时候，一般先上凉菜，然后上热菜。上菜了以后，一般要先等最重要的或者年纪最大的人开始吃，其他人才能跟着吃。而后，主人会鼓励客人们吃到饱，常常会说“多吃点”、“慢慢吃”等等。,上 菜 的 時候 ， 一般 先 上 涼 菜 ， 然后 上 热 菜 。 上 菜 来 以后 ， 一般 先 要 等 最 重要 的 或者 年纪 最 大 的 客人 开始 吃 ， 其他 人 才 能 跟着 吃 。 后来 ， 主人 会 鼓励 客人 们 吃 到 饱 ， 常常 会 说 ” 多 吃 点 ” ， ” 慢慢 吃 ” 等等 。,上 菜 的 時候 ， 一般 先 上 涼菜 ， 然后 上 热 菜 。 上 菜 来 以后 ， 一般 先 要 等 最 重要 的 或者 年纪 最 大 的 客人 开始 吃 ， 其他 人 才 能 跟着 吃 。 后来 ， 主人 会 鼓励 客人 们 吃 到 饱 ， 常常 会 说 ” 多 吃 点 ” ， ” 慢慢 吃 ” 等等 。,涼 / 菜,涼菜,10,12,涼菜,[11],[],[],[11],"The prediction misses the gold boundary between [涼] and [菜], merging them into [涼菜].",False,False,,1
746,P2,P2 Similarity-based projection,over,街上常常会看到吸烟者。现在在中国很多人吸烟，而大多数的人把吸好的烟扔掉地上。,在街上常常会看到吸烟者。现在在中国很多人吸烟，而大多数的人会把吸完的烟扔在地上。,街上 常常 会 看到 吸烟者 。 现在 在 中国 很多 人 吸烟 ， 而 大多数 的 人 把 吸 好 的 烟 扔掉 地上 。,街上 常常 会 看到 吸烟者 。 现在 在 中国 很多 人 吸烟 ， 而 大多数 的 人 把 吸 好 的 烟 扔 掉 地上 。,扔掉,扔 / 掉,33,35,扔掉,[],[34],[34],[],"The prediction inserts an extra boundary inside the gold token [扔掉], producing [扔 / 掉].",False,False,,1
752,P2,P2 Similarity-based projection,under,现在日本国家制提了更加对烟的税金。虽然日本国家要钱而且为国民的身体健的规律，可是买到烟的人越来越多着呢。,现在日本提高了对烟的税金。虽然日本要钱而且也是为了国民的身体健康，可是买烟的人却越来越多。,现在 日本 国家 制 提 了 更加 对 烟 的 税金 。 虽然 日本 国家 要 钱 而且 为 国民 的 身体 健 的 规律 ， 可是 买 到 烟 的 人 越来越 多 着 呢 。,现在 日本 国家 制提 了 更加 对 烟 的 税金 。 虽然 日本 国家 要 钱 而且 为 国民 的 身体 健 的 规律 ， 可是 买 到 烟 的 人 越来越 多 着 呢 。,制 / 提,制提,6,8,制提,[7],[],[],[7],"The prediction misses the gold boundary between [制] and [提], merging them into [制提].",False,False,,1
762,P2,P2 Similarity-based projection,over,但是，吸烟者也有吸烟权，这两个对立者问题如何解决呢？,但是，吸烟者也有吸烟权，这两个对立的问题该如何解决呢？,但是 ， 吸烟者 也 有 吸烟权 ， 这 两 个 对立者 问题 如何 解决 呢 ？,但是 ， 吸烟者 也 有 吸烟权 ， 这 两 个 对立 者 问题 如何 解决 呢 ？,对立者,对立 / 者,15,18,对立者,[],[17],[17],[],"The prediction inserts an extra boundary inside the gold token [对立者], producing [对立 / 者].",False,False,,1
766,P2,P2 Similarity-based projection,over,毕业以后，我打算继续读硕士。我的同学多部分都上大学了：有的学法律，有的学电脑，还有的学心理学。只有我学语言。,毕业以后，我打算继续读硕士。我的同学大部分都上大学了：有的学法律，有的学电脑，还有的学心理学，只有我学语言。,毕业 以后 ， 我 打算 继续 读 硕士 。 我 的 同学 多部分 都 上 大学 了 ： 有的 学 法律 ， 有的 学 电脑 ， 还有 的 学 心理学 。 只有 我 学 语言 。,毕业 以后 ， 我 打算 继续 读 硕士 。 我 的 同学 多 部分 都 上 大学 了 ： 有的 学 法律 ， 有的 学 电脑 ， 还有 的 学 心理学 。 只有 我 学 语言 。,多部分,多 / 部分,18,21,多部分,[],[19],[19],[],"The prediction inserts an extra boundary inside the gold token [多部分], producing [多 / 部分].",False,True,,1
772,P2,P2 Similarity-based projection,over,阅读也要按照自己的学历来进行，也不可凭着一时的兴趣而阅读一些水平太高，而不适合自己的书籍。最好先选一些容易理解的书来看，往后才慢慢提升。这样才会有效，我平人有一些见解是：阅读不在以快，而重点在于阅读以后所获得的效果。,阅读也要按照自己的学历来进行，不可凭着一时的兴趣而阅读一些水平太高而不适合自己的书籍。最好先选一些容易理解的书来看，往后再慢慢提升书籍的难度，这样阅读才会有效。我个人的一些见解是：阅读不在于快，重点在于阅读以后所获得的效果。,阅读 也 要 按照 自己 的 学历 来 进行 ， 也 不可 凭着 一时 的 兴趣 而 阅读 一些 水平 太 高 ， 而 不 适合 自己 的 书籍 。 最好 先 选 一些 容易 理解 的 书 来 看 ， 往后 才 慢慢 提升 。 这样 才 会 有效 ， 我 平人 有 一些 见解 是 ： 阅读 不 在以 快 ， 而 重点 在于 阅读 以后 所 获得 的 效果 。,阅读 也 要 按照 自己 的 学历 来 进行 ， 也 不可 凭着 一时 的 兴趣 而 阅读 一些 水平 太 高 ， 而 不 适合 自己 的 书籍 。 最好 先 选 一些 容易 理解 的 书 来 看 ， 往后 才 慢慢 提升 。 这样 才 会 有效 ， 我 平人 有 一些 见解 是 ： 阅读 不 在 以 快 ， 而 重点 在于 阅读 以后 所 获得 的 效果 。,在以,在 / 以,88,90,在以,[],[89],[89],[],"The prediction inserts an extra boundary inside the gold token [在以], producing [在 / 以].",False,False,,1
776,P2,P2 Similarity-based projection,under,她们在男的教师面前旁若无人地谈到月经的情况等话题，甚至在教室里卫生巾飞往飞来！我在大学生活中看到有的女同学还没脱出高中时代的这种习惯。我认为女的还是最好保持一些害羞的感觉，据说中国的大部分家长认为男女分班教育可以避免学生早恋，但我这不一定。混合教育也晚恋的人是晚恋，分班教育也早恋的学生是早恋。那为什么特地要用男女分班教育？,她们在男的教师面前旁若无人地谈到月经的情况等话题，甚至让卫生巾在教室里飞来飞去！我在大学生活中看到有的女同学还没改掉高中时代的这种习惯。我认为女的最好还是保持一些害羞的感觉，据说中国的大部分家长认为男女分班教育可以避免学生早恋，但我认为这不一定。混合教育也有晚恋的人，分班教育也有早恋的学生。那为什么还特地要用男女分班教育？,她们 在 男 的 教师 面前 旁若无人 地 谈 到 月经 的 情况 等 话题 ， 甚至 在 教室 里 卫生巾 飞往 飞来 ！ 我 在 大学 生活 中 看到 有的 女 同学 还 没 脱 出 高中 时代 的 这种 习惯 。 我 认为 女 的 还是 最 好 保持 一些 害羞 的 感觉 ， 据说 中国 的 大部分 家长 认为 男女 分 班 教育 可以 避免 学生 早恋 ， 但 我 这 不 一定 。 混合 教育 也 晚恋 的 人 是 晚恋 ， 分 班 教育 也 早恋 的 学生 是 早恋 。 那 为什么 特地 要 用 男女 分 班 教育 ？,她们 在 男 的 教师 面前 旁若无人 地 谈 到 月经 的 情况 等 话题 ， 甚至 在 教室 里 卫生巾 飞往 飞来 ！ 我 在 大学 生活 中 看到 有的 女 同学 还 没 脱出 高中 时代 的 这种 习惯 。 我 认为 女 的 还是 最 好 保持 一些 害羞 的 感觉 ， 据说 中国 的 大部分 家长 认为 男女 分 班 教育 可以 避免 学生 早恋 ， 但 我 这 不 一定 。 混合 教育 也 晚恋 的 人 是 晚恋 ， 分 班 教育 也 早恋 的 学生 是 早恋 。 那 为什么 特地 要 用 男女 分 班 教育 ？,脱 / 出,脱出,55,57,脱出,[56],[],[],[56],"The prediction misses the gold boundary between [脱] and [出], merging them into [脱出].",False,False,,1
781,P2,P2 Similarity-based projection,over,电子游戏让人变成孤僻、失去自己的质感、破坏自己的智力，失去好奇性。,电子游戏让人变得孤僻、失去自己的自制力、破坏自己的智力、失去好奇心。,电子游戏 让 人 变成 孤僻 、 失去 自己 的 质感 、 破坏 自己 的 智力 ， 失去 好奇性 。,电子游戏 让 人 变 成 孤僻 、 失去 自己 的 质感 、 破坏 自己 的 智力 ， 失去 好奇性 。,变成,变 / 成,6,8,变成,[],[7],[7],[],"The prediction inserts an extra boundary inside the gold token [变成], producing [变 / 成].",False,True,,1
795,P2,P2 Similarity-based projection,over,还有非声明的一点就是本人与许多家旅游公司、新加坡航空公司及几家租车行有连络往外，关系也相当密切，相信这对于我在贵旅行公司工作，必定会带来许多方便，也能与这些公司谈在本区域，甚至国外的合作。,还有要声明的一点就是本人与许多家旅游公司、新加坡航空公司及几家租车行有联络往来，关系也相当密切，相信这对于我在贵旅行公司工作，必定会带来许多方便，我也能与这些公司谈在本区域，甚至国外的合作。,还有 非 声明 的 一 点 就是 本人 与 许多 家 旅游 公司 、 新加坡 航空 公司 及 几 家 租车行 有 连络 往外 ， 关系 也 相当 密切 ， 相信 这 对于 我 在 贵 旅行 公司 工作 ， 必定 会 带来 许多 方便 ， 也 能 与 这些 公司 谈 在 本 区域 ， 甚至 国外 的 合作 。,还有 非 声明 的 一 点 就是 本人 与 许多 家 旅游 公司 、 新加坡 航空 公司 及 几 家 租车行 有 连络 往 外 ， 关系 也 相当 密切 ， 相信 这 对于 我 在 贵 旅行 公司 工作 ， 必定 会 带来 许多 方便 ， 也 能 与 这些 公司 谈 在 本 区域 ， 甚至 国外 的 合作 。,往外,往 / 外,37,39,往外,[],[38],[38],[],"The prediction inserts an extra boundary inside the gold token [往外], producing [往 / 外].",False,False,,1
818,P2,P2 Similarity-based projection,over,但中学生男女分班教育的话，要是有对异性的感情过多的学生的话，他或者她弄发生问题的可能性越强烈越大。再说，如果男女分班，如果在上下课时或者其它的机会认识异性学生的机会可能有很多，不会避免学生早恋这种问题。总之，为了避免这种问题，就采用男女分班这样容易的方法绝不解决根本上的问题。,如果实行中学生男女分班教育，要是有对异性感情过多的学生的话，他或者她发生问题的可能性就很大。再说，如果男女分班，那么在上下课时或者其它的场合认识异性学生的机会也有很多，这样就不能避免学生早恋的问题。总之，为了避免这些问题，采用男女分班这样容易的方法是不能从根本上解决问题的。,但 中学生 男女 分 班 教育 的话 ， 要是 有 对 异性 的 感情 过 多 的 学生 的话 ， 他 或者 她 弄 发生 问题 的 可能性 越 强烈 越 大 。 再说 ， 如果 男女 分 班 ， 如果 在 上下课 时 或者 其它 的 机会 认识 异性 学生 的 机会 可能 有 很 多 ， 不 会 避免 学生 早恋 这种 问题 。 总之 ， 为了 避免 这种 问题 ， 就 采用 男女 分 班 这样 容易 的 方法 绝不 解决 根本 上 的 问题 。,但 中学生 男女 分 班 教育 的 话 ， 要是 有 对 异性 的 感情 过 多 的 学生 的话 ， 他 或者 她 弄 发生 问题 的 可能性 越 强烈 越 大 。 再说 ， 如果 男女 分 班 ， 如果 在 上下课 时 或者 其它 的 机会 认识 异性 学生 的 机会 可能 有 很多 ， 不 会 避免 学生 早恋 这种 问题 。 总之 ， 为了 避免 这种 问题 ， 就 采用 男女 分 班 这样 容易 的 方法 绝不 解决 根本 上 的 问题 。,的话,的 / 话,10,12,的话,[],[11],[11],[],"The prediction inserts an extra boundary inside the gold token [的话], producing [的 / 话].",False,False,,1
818,P2,P2 Similarity-based projection,under,但中学生男女分班教育的话，要是有对异性的感情过多的学生的话，他或者她弄发生问题的可能性越强烈越大。再说，如果男女分班，如果在上下课时或者其它的机会认识异性学生的机会可能有很多，不会避免学生早恋这种问题。总之，为了避免这种问题，就采用男女分班这样容易的方法绝不解决根本上的问题。,如果实行中学生男女分班教育，要是有对异性感情过多的学生的话，他或者她发生问题的可能性就很大。再说，如果男女分班，那么在上下课时或者其它的场合认识异性学生的机会也有很多，这样就不能避免学生早恋的问题。总之，为了避免这些问题，采用男女分班这样容易的方法是不能从根本上解决问题的。,但 中学生 男女 分 班 教育 的话 ， 要是 有 对 异性 的 感情 过 多 的 学生 的话 ， 他 或者 她 弄 发生 问题 的 可能性 越 强烈 越 大 。 再说 ， 如果 男女 分 班 ， 如果 在 上下课 时 或者 其它 的 机会 认识 异性 学生 的 机会 可能 有 很 多 ， 不 会 避免 学生 早恋 这种 问题 。 总之 ， 为了 避免 这种 问题 ， 就 采用 男女 分 班 这样 容易 的 方法 绝不 解决 根本 上 的 问题 。,但 中学生 男女 分 班 教育 的 话 ， 要是 有 对 异性 的 感情 过 多 的 学生 的话 ， 他 或者 她 弄 发生 问题 的 可能性 越 强烈 越 大 。 再说 ， 如果 男女 分 班 ， 如果 在 上下课 时 或者 其它 的 机会 认识 异性 学生 的 机会 可能 有 很多 ， 不 会 避免 学生 早恋 这种 问题 。 总之 ， 为了 避免 这种 问题 ， 就 采用 男女 分 班 这样 容易 的 方法 绝不 解决 根本 上 的 问题 。,很 / 多,很多,85,87,很多,[86],[],[],[86],"The prediction misses the gold boundary between [很] and [多], merging them into [很多].",False,False,,2
827,P2,P2 Similarity-based projection,over,但吸烟是很久以前到令传来的一种爱好。所以找一日然后对吸烟人说不能吸烟，这是不能做的事情。,但吸烟是很久以前传到现在的一种爱好。所以找一日然后对吸烟人说不能吸烟，这是不能做的事情。,但 吸烟 是 很 久 以前 到令 传来 的 一 种 爱好 。 所以 找 一 日 然后 对 吸烟人 说 不能 吸烟 ， 这 是 不 能 做 的 事情 。,但 吸烟 是 很 久 以前 到 令 传来 的 一 种 爱好 。 所以 找 一 日 然后 对 吸烟人 说 不能 吸烟 ， 这 是 不 能 做 的 事情 。,到令,到 / 令,8,10,到令,[],[9],[9],[],"The prediction inserts an extra boundary inside the gold token [到令], producing [到 / 令].",False,False,,1
834,P2,P2 Similarity-based projection,over,我很想这种现象会实践，这种法律没有对人和社会坏处，而而对环境也好对人的身体也好。,我很想这种法律付诸实践，这种法律对人和社会没有坏处，而且对环境也好，对人的身体也好。,我 很 想 这种 现象 会 实践 ， 这种 法律 没有 对 人 和 社会 坏处 ， 而而 对 环境 也好 对 人 的 身体 也好 。,我 很 想 这种 现象 会 实践 ， 这种 法律 没有 对 人 和 社会 坏处 ， 而 而 对 环境 也好 对 人 的 身体 也好 。,而而,而 / 而,25,27,而而,[],[26],[26],[],"The prediction inserts an extra boundary inside the gold token [而而], producing [而 / 而].",False,True,,1
848,P2,P2 Similarity-based projection,under,我们看着父亲长大了，所以有时候生活得不认真，但把父亲的背影想起来，会再认真地生活。,我们看着父亲变老了，所以虽然有时候生活得不认真，但只要一想起父亲的背影，就会再次认真地去生活。,我们 看 着 父亲 长大 了 ， 所以 有时候 生活 得 不 认真 ， 但 把 父亲 的 背影 想 起来 ， 会 再 认真 地 生活 。,我们 看 着 父亲 长大 了 ， 所以 有时候 生活 得 不 认真 ， 但 把 父亲 的 背影 想起来 ， 会 再 认真 地 生活 。,想 / 起来,想起来,29,32,想起来,[30],[],[],[30],"The prediction misses the gold boundary between [想] and [起来], merging them into [想起来].",False,True,,1
852,P2,P2 Similarity-based projection,under,当我们无法表达自己的感情时，就可利用一所流行歌曲，使对方能明白我们的心情。例如，男女正在谈恋爱时，不管男的或女的很想表达感情，就能用一所流行歌曲送给对方，使男女之间的感情和关系更加浪漫，更加有甜味儿；相反的，当男女之间之关系产生问题时，也可以用流行歌曲表达正实感情，使对方能了解，消除一切误会。,当我们无法表达自己的感情时，就可利用一些流行歌曲，使对方能明白我们的心情。例如，男女正在谈恋爱时，不管男的或女的很想表达感情，就能用一些流行歌曲送给对方，使男女之间的感情和关系更加浪漫，更加有甜味儿；相反的，当男女之间的关系产生问题时，也可以用流行歌曲表达真实感情，使对方能了解，消除一切误会。,当 我们 无法 表达 自己 的 感情 时 ， 就 可 利用 一 所 流行歌曲 ， 使 对方 能 明白 我们 的 心情 。 例如 ， 男女 正在 谈 恋爱 时 ， 不管 男 的 或 女 的 很 想 表达 感情 ， 就 能 用 一 所 流行歌曲 送给 对方 ， 使 男女 之间 的 感情 和 关系 更加 浪漫 ， 更加 有 甜味儿 ； 相反 的 ， 当 男女 之间 之 关系 产生 问题 时 ， 也 可以 用 流行歌曲 表达 正实 感情 ， 使 对方 能 了解 ， 消除 一切 误会 。,当 我们 无法 表达 自己 的 感情 时 ， 就 可 利用 一 所 流行歌曲 ， 使 对方 能 明白 我们 的 心情 。 例如 ， 男女 正在 谈 恋爱 时 ， 不管 男 的 或 女 的 很 想 表达 感情 ， 就 能 用 一所 流行歌曲 送给 对方 ， 使 男女 之间 的 感情 和 关系 更加 浪漫 ， 更加 有 甜味儿 ； 相反 的 ， 当 男女 之间 之 关系 产生 问题 时 ， 也 可以 用 流行歌曲 表达 正实 感情 ， 使 对方 能 了解 ， 消除 一切 误会 。,一 / 所,一所,66,68,一所,[67],[],[],[67],"The prediction misses the gold boundary between [一] and [所], merging them into [一所].",False,False,,1
855,P2,P2 Similarity-based projection,over,但我觉得做事总是有规矩。那样的规则是为了保护他人、保护自己的权力而制造出来的。所以规矩生效时，吸烟者应该遵守规则，同时政府应该给吸烟者提供可以吸烟的地方。,但我觉得做事总得有规矩。那样的规则是为了保护他人、保护自己的权力而制定出来的，所以规定生效时，吸烟者应该遵守规则，同时政府应该给吸烟者提供可以吸烟的地方。,但 我 觉得 做事 总是 有 规矩 。 那样 的 规则 是 为了 保护 他人 、 保护 自己 的 权力 而 制造 出来 的 。 所以 规矩 生效 时 ， 吸烟者 应该 遵守 规则 ， 同时 政府 应该 给 吸烟者 提供 可以 吸烟 的 地方 。,但 我 觉得 做事 总 是 有 规矩 。 那样 的 规则 是 为了 保护 他人 、 保护 自己 的 权力 而 制造 出来 的 。 所以 规矩 生效 时 ， 吸烟者 应该 遵守 规则 ， 同时 政府 应该 给 吸烟者 提供 可以 吸烟 的 地方 。,总是,总 / 是,6,8,总是,[],[7],[7],[],"The prediction inserts an extra boundary inside the gold token [总是], producing [总 / 是].",False,False,,1
858,P2,P2 Similarity-based projection,over,虽然它能切少抽烟者的一些自由，但是还能保护人民的健康。,虽然它限制了抽烟者的一些自由，但是它能保护人民的健康。,虽然 它 能 切少 抽烟者 的 一些 自由 ， 但是 还 能 保护 人民 的 健康 。,虽然 它 能 切 少 抽烟者 的 一些 自由 ， 但是 还 能 保护 人民 的 健康 。,切少,切 / 少,4,6,切少,[],[5],[5],[],"The prediction inserts an extra boundary inside the gold token [切少], producing [切 / 少].",False,True,,1
864,P2,P2 Similarity-based projection,under,我有哥哥，不过我们里阿关系不好！,我有哥哥，不过我们关系不好！,我 有 哥哥 ， 不过 我们 里 阿 关系 不好 ！,我 有 哥哥 ， 不过 我们 里阿 关系 不好 ！,里 / 阿,里阿,9,11,里阿,[10],[],[],[10],"The prediction misses the gold boundary between [里] and [阿], merging them into [里阿].",True,True,,1
878,P2,P2 Similarity-based projection,under,大学老师也不是好工作：怎么能找钱？开始教文学工资少，现在老师也不体面。体面的职业当然跟经济有关系。,大学老师也不是好工作：怎么能挣钱？刚开始教时工资少，现在当老师也不体面。体面的职业当然跟经济有关系。,大学 老师 也 不 是 好 工作 ： 怎么 能 找 钱 ？ 开始 教 文学 工资 少 ， 现在 老师 也 不 体面 。 体面 的 职业 当然 跟 经济 有 关系 。,大学 老师 也 不 是 好 工作 ： 怎么 能 找钱 ？ 开始 教 文学 工资 少 ， 现在 老师 也 不 体面 。 体面 的 职业 当然 跟 经济 有 关系 。,找 / 钱,找钱,14,16,找钱,[15],[],[],[15],"The prediction misses the gold boundary between [找] and [钱], merging them into [找钱].",False,True,,1
882,P2,P2 Similarity-based projection,over,做生意的人一定要改变，才能像已前的歌曲一样有感情的。,做生意的人一定要改变，才能像以前的歌曲一样有感情。,做 生意 的 人 一定 要 改变 ， 才 能 像 已前 的 歌曲 一样 有 感情 的 。,做 生意 的 人 一定 要 改变 ， 才 能 像 已 前 的 歌曲 一样 有 感情 的 。,已前,已 / 前,14,16,已前,[],[15],[15],[],"The prediction inserts an extra boundary inside the gold token [已前], producing [已 / 前].",False,True,,1
884,P2,P2 Similarity-based projection,over,特别是青少年和大学生对娱乐、流行歌曲非常敏感反应。他们总是围绕着这门话题。,特别是青少年和大学生对娱乐、流行歌曲非常敏感，他们总是围绕着这个话题。,特别 是 青少年 和 大学生 对 娱乐 、 流行歌曲 非常 敏感 反应 。 他们 总是 围绕 着 这门 话题 。,特别 是 青少年 和 大学生 对 娱乐 、 流行歌曲 非常 敏感 反应 。 他们 总是 围绕 着 这 门 话题 。,这门,这 / 门,32,34,这门,[],[33],[33],[],"The prediction inserts an extra boundary inside the gold token [这门], producing [这 / 门].",False,True,,1
903,P2,P2 Similarity-based projection,under,可是我不是都喜欢什么流行歌曲。,可是我不全是喜欢流行歌曲。,可是 我 不 是 都 喜欢 什么 流行 歌曲 。,可是 我 不 是 都 喜欢 什么 流行歌曲 。,流行 / 歌曲,流行歌曲,10,14,流行歌曲,[12],[],[],[12],"The prediction misses the gold boundary between [流行] and [歌曲], merging them into [流行歌曲].",True,True,,1
908,P2,P2 Similarity-based projection,under,”我说“因为呢，人们喜欢流行歌曲，还有很大的吸引力，还有除外流行歌曲以外其它的歌曲没有听过。,我说：“人们喜欢流行歌曲，不仅是因为流行歌曲有很大的吸引力，还因为除了流行歌曲以外人们没有听过其它的歌曲。”,” 我 说 “ 因为 呢 ， 人们 喜欢 流行 歌曲 ， 还有 很 大 的 吸引力 ， 还有 除外 流行 歌曲 以外 其它 的 歌曲 没有 听 过 。,” 我 说 “ 因为 呢 ， 人们 喜欢 流行 歌曲 ， 还有 很 大 的 吸引力 ， 还有 除外流行 歌曲 以外 其它 的 歌曲 没有 听 过 。,除外 / 流行,除外流行,28,32,除外流行,[30],[],[],[30],"The prediction misses the gold boundary between [除外] and [流行], merging them into [除外流行].",False,True,,1
931,P2,P2 Similarity-based projection,under,很小的时候觉]得自己的父母是个完美的人，什么都知道，他们做的东西时总是对的。,很小的时候觉得自己的父母是个完美的人，什么都知道，他们做的事情总是对的。,很 小 的 时候 觉 ] 得 自己 的 父母 是 个 完美 的 人 ， 什么 都 知道 ， 他们 做 的 东西 时 总 是 对 的 。,很 小 的 时候 觉 ]得 自己 的 父母 是 个 完美 的 人 ， 什么 都 知道 ， 他们 做 的 东西 时 总 是 对 的 。,] / 得,]得,6,8,]得,[7],[],[],[7],"The prediction misses the gold boundary between []] and [得], merging them into []得].",False,True,,1
932,P2,P2 Similarity-based projection,over,至于生物質能可以全地球的电力的需求的二十倍满足。,至于生物质能可以满足全地球的电力的需求的二十倍。,至于 生物質能 可以 全 地球 的 电力 的 需求 的 二十 倍 满足 。,至于 生物 質能 可以 全 地球 的 电力 的 需求 的 二十 倍 满足 。,生物質能,生物 / 質能,2,6,生物質能,[],[4],[4],[],"The prediction inserts an extra boundary inside the gold token [生物質能], producing [生物 / 質能].",False,True,,1
933,P2,P2 Similarity-based projection,over,然后每个人要在和别人交流的时候互相影响了，其中可以再学会别的，这样过珍惜的日子。我认为这样的“人际关系”，是在生活中很重要的。如每个人得到能做良好的人际关系的话，一定需要好榜样。,然后每个人会和在别人交流的时候互相影响，其中可以再学会别的东西，这样过珍惜的日子。我认为这样的“人际关系”，在生活中是很重要的。如每个人要得到建立良好的人际关系的机会的话，一定需要好的榜样。,然后 每个 人 要 在 和 别人 交流 的 时候 互相 影响 了 ， 其中 可以 再 学会 别的 ， 这样 过 珍惜 的 日子 。 我 认为 这样 的 “ 人际关系 ” ， 是 在 生活 中 很 重要 的 。 如 每个 人 得到 能 做 良好 的 人际关系 的话 ， 一定 需要 好榜样 。,然后 每个 人 要 在 和 别人 交流 的 时候 互相 影响 了 ， 其中 可以 再 学会 别的 ， 这样 过 珍惜 的 日子 。 我 认为 这样 的 “ 人际关系 ” ， 是 在 生活 中 很 重要 的 。 如 每个 人 得到 能 做 良好 的 人际关系 的话 ， 一定 需要 好 榜样 。,好榜样,好 / 榜样,85,88,好榜样,[],[86],[86],[],"The prediction inserts an extra boundary inside the gold token [好榜样], producing [好 / 榜样].",False,False,,1
934,P2,P2 Similarity-based projection,under,吸烟肯定对个人健康不好，引起肺病、嗓子病。据统计，吸烟的人一般跟不吸烟的人比较起来短命，吸烟对个人身体没有什么好处。但爱吸烟的人都说，吸烟以后觉得很轻松，对解除压力方面很好，吸烟的时候跟周围的人谈话，对人际关系也有益。,吸烟肯定对个人健康不好，会引起肺病、咽喉疾病。据统计，一般吸烟的人跟不吸烟的人比起来更短命，吸烟对个人身体没有什么好处。但爱吸烟的人都说，他们吸完烟以后觉得很轻松，吸烟在缓解压力方面有很好的作用，吸烟的时候跟周围的人谈话，对人际关系也有益。,吸烟 肯定 对 个人 健康 不好 ， 引起 肺病 、 嗓子 病 。 据 统计 ， 吸烟 的 人 一般 跟 不 吸烟 的 人 比较 起来 短命 ， 吸烟 对 个人 身体 没有 什么 好处 。 但 爱 吸烟 的 人 都 说 ， 吸烟 以后 觉得 很 轻松 ， 对 解除 压力 方面 很 好 ， 吸烟 的 时候 跟 周围 的 人 谈话 ， 对 人际关系 也 有益 。,吸烟 肯定 对 个人 健康 不好 ， 引起 肺病 、 嗓子病 。 据 统计 ， 吸烟 的 人 一般 跟 不 吸烟 的 人 比较 起来 短命 ， 吸烟 对 个人 身体 没有 什么 好处 。 但 爱 吸烟 的 人 都 说 ， 吸烟 以后 觉得 很 轻松 ， 对 解除 压力 方面 很 好 ， 吸烟 的 时候 跟 周围 的 人 谈话 ， 对 人际关系 也 有益 。,嗓子 / 病,嗓子病,17,20,嗓子病,[19],[],[],[19],"The prediction misses the gold boundary between [嗓子] and [病], merging them into [嗓子病].",False,False,,1
956,P2,P2 Similarity-based projection,under,吸烟不只危害个人和家庭健康，就公众利益而言，吸烟会发放二手烟，令其他人也深受困扰。吸入二手烟同样有碍健康，结果不吸烟者也间接受波及，也要承受吸烟所带来的祸害。,吸烟不只危害个人和家庭健康，就公众利益而言，吸烟会释放二手烟，令其他人也深受困扰。吸入二手烟同样有害健康，结果不吸烟者也间接受影响，也要承受吸烟所带来的危害。,吸烟 不只 危害 个人 和 家庭 健康 ， 就 公众 利益 而言 ， 吸烟 会 发放 二手烟 ， 令 其他人 也 深受 困扰 。 吸入 二手烟 同样 有 碍 健康 ， 结果 不 吸烟者 也 间接 受 波及 ， 也 要 承受 吸烟 所 带来 的 祸害 。,吸烟 不只 危害 个人 和 家庭 健康 ， 就 公众 利益 而言 ， 吸烟 会 发放 二手烟 ， 令 其他人 也 深受 困扰 。 吸入 二手烟 同样 有碍 健康 ， 结果 不 吸烟者 也 间接 受 波及 ， 也 要 承受 吸烟 所 带来 的 祸害 。,有 / 碍,有碍,48,50,有碍,[49],[],[],[49],"The prediction misses the gold boundary between [有] and [碍], merging them into [有碍].",False,False,,1
960,P2,P2 Similarity-based projection,under,智利还有另一个问题：共公汽车少，火车也少。所以一般人都会会开车。,智利还有另一个问题：公共汽车少，火车也少。所以一般人都会开车。,智利 还有 另 一个 问题 ： 共公 汽车 少 ， 火车 也 少 。 所以 一般 人 都 会 会 开车 。,智利 还有 另 一个 问题 ： 共公汽车 少 ， 火车 也 少 。 所以 一般 人 都 会 会 开车 。,共公 / 汽车,共公汽车,10,14,共公汽车,[12],[],[],[12],"The prediction misses the gold boundary between [共公] and [汽车], merging them into [共公汽车].",False,True,,1
965,P2,P2 Similarity-based projection,under,从乐观的角度来看，这确实是充分体现了现代社会的新的文化，打响了另一个时代的到来，但肯定的一点是，在这样一个新潮流正在盛行于世的时候，我们忽略其形成的根源。其实，一有一点比我们急于打造新的社会更重要的就是保护我们固有的文化特色，因此社会唯一的发展道路就是在原有的基础上创造出一种新的潮流，这样的方法不失为是一种值得人们去采取的、同时是最佳的。,从乐观的角度来看，这确实是充分体现了现代社会的新文化，打响了另一个时代到来的第一枪，但肯定的一点是，在这样一个新潮流盛行于世的时候，我们忽略了其形成的根源。其实，比我们急于打造新的社会更重要的是保护我们固有的文化特色，因此社会唯一的发展道路就是在原有的基础上创造出一种新的潮流，这样的方法是一种值得人们去采取的、同时也是最佳的方法。,从 乐观 的 角度 来看 ， 这 确实 是 充分 体现 了 现代 社会 的 新 的 文化 ， 打响 了 另 一个 时代 的 到来 ， 但 肯定 的 一 点 是 ， 在 这样 一个 新 潮流 正在 盛行 于 世 的 时候 ， 我们 忽略 其 形成 的 根源 。 其实 ， 一 有 一 点 比 我们 急于 打造 新 的 社会 更 重要 的 就 是 保护 我们 固有 的 文化 特色 ， 因此 社会 唯一 的 发展 道路 就是 在 原有 的 基础 上 创造 出 一 种 新 的 潮流 ， 这样 的 方法 不失为 是 一 种 值得 人们 去 采取 的 、 同时 是 最佳 的 。,从 乐观 的 角度 来看 ， 这 确实 是 充分 体现 了 现代 社会 的 新 的 文化 ， 打响 了 另 一个 时代 的 到来 ， 但 肯定 的 一 点 是 ， 在 这样 一个 新 潮流 正在 盛行 于 世 的 时候 ， 我们 忽略 其 形成 的 根源 。 其实 ， 一 有 一点 比 我们 急于 打造 新 的 社会 更 重要 的 就 是 保护 我们 固有 的 文化 特色 ， 因此 社会 唯一 的 发展 道路 就 是 在 原有 的 基础 上 创造 出 一 种 新 的 潮流 ， 这样 的 方法 不失为 是 一 种 值得 人们 去 采取 的 、 同时 是 最佳 的 。,一 / 点,一点,82,84,一点,[83],[],[],[83],"The prediction misses the gold boundary between [一] and [点], merging them into [一点].",False,False,,1
965,P2,P2 Similarity-based projection,over,从乐观的角度来看，这确实是充分体现了现代社会的新的文化，打响了另一个时代的到来，但肯定的一点是，在这样一个新潮流正在盛行于世的时候，我们忽略其形成的根源。其实，一有一点比我们急于打造新的社会更重要的就是保护我们固有的文化特色，因此社会唯一的发展道路就是在原有的基础上创造出一种新的潮流，这样的方法不失为是一种值得人们去采取的、同时是最佳的。,从乐观的角度来看，这确实是充分体现了现代社会的新文化，打响了另一个时代到来的第一枪，但肯定的一点是，在这样一个新潮流盛行于世的时候，我们忽略了其形成的根源。其实，比我们急于打造新的社会更重要的是保护我们固有的文化特色，因此社会唯一的发展道路就是在原有的基础上创造出一种新的潮流，这样的方法是一种值得人们去采取的、同时也是最佳的方法。,从 乐观 的 角度 来看 ， 这 确实 是 充分 体现 了 现代 社会 的 新 的 文化 ， 打响 了 另 一个 时代 的 到来 ， 但 肯定 的 一 点 是 ， 在 这样 一个 新 潮流 正在 盛行 于 世 的 时候 ， 我们 忽略 其 形成 的 根源 。 其实 ， 一 有 一 点 比 我们 急于 打造 新 的 社会 更 重要 的 就 是 保护 我们 固有 的 文化 特色 ， 因此 社会 唯一 的 发展 道路 就是 在 原有 的 基础 上 创造 出 一 种 新 的 潮流 ， 这样 的 方法 不失为 是 一 种 值得 人们 去 采取 的 、 同时 是 最佳 的 。,从 乐观 的 角度 来看 ， 这 确实 是 充分 体现 了 现代 社会 的 新 的 文化 ， 打响 了 另 一个 时代 的 到来 ， 但 肯定 的 一 点 是 ， 在 这样 一个 新 潮流 正在 盛行 于 世 的 时候 ， 我们 忽略 其 形成 的 根源 。 其实 ， 一 有 一点 比 我们 急于 打造 新 的 社会 更 重要 的 就 是 保护 我们 固有 的 文化 特色 ， 因此 社会 唯一 的 发展 道路 就 是 在 原有 的 基础 上 创造 出 一 种 新 的 潮流 ， 这样 的 方法 不失为 是 一 种 值得 人们 去 采取 的 、 同时 是 最佳 的 。,就是,就 / 是,124,126,就是,[],[125],[125],[],"The prediction inserts an extra boundary inside the gold token [就是], producing [就 / 是].",False,False,,2
973,P2,P2 Similarity-based projection,over,走进婚姻的红地毯，携手共老扶子偕老能永浴爱河可说是每对想结婚的夫妻所梦寐以求的。在东方社会中，在较古老的方式是媒人形式，有通过亲戚、朋友邻居之类的介绍，对对方有所了解。而较近期，电子邮件、网结朋友出现一网情深这类爱情，是较时髦的爱情交往方式，但对我来说也不是理想式的。,走进婚姻的殿堂，执子之手，与子偕老和永浴爱河可以说是每对想结婚的情侣所梦寐以求的。在东方社会，比较古老的方式是媒人形式，通过亲戚、朋友、邻居之类的介绍来了解对方。而较近期，电子邮件、网络朋友的出现产生了一网情深这类爱情。虽然这类爱情是较时髦的爱情交往方式，但对我来说也不是理想式的。,走 进 婚姻 的 红 地毯 ， 携手共老 扶子偕老 能 永 浴 爱河 可 说 是 每 对 想 结婚 的 夫妻 所 梦寐以求 的 。 在 东方 社会 中 ， 在较 古老 的 方式 是 媒人 形式 ， 有 通过 亲戚 、 朋友 邻居 之类 的 介绍 ， 对 对方 有所 了解 。 而 较 近期 ， 电子 邮件 、 网结 朋友 出现 一网情深 这 类 爱情 ， 是 较 时髦 的 爱情 交往 方式 ， 但 对 我 来说 也 不 是 理想式 的 。,走 进 婚姻 的 红 地毯 ， 携手 共 老 扶子 偕老 能 永 浴 爱河 可 说 是 每 对 想 结婚 的 夫妻 所 梦寐以求 的 。 在 东方 社会 中 ， 在较 古老 的 方式 是 媒人 形式 ， 有 通过 亲戚 、 朋友 邻居 之类 的 介绍 ， 对 对方 有所 了解 。 而 较 近期 ， 电子 邮件 、 网结 朋友 出现 一网情深 这 类 爱情 ， 是 较 时髦 的 爱情 交往 方式 ， 但 对 我 来说 也 不 是 理想式 的 。,携手共老,携手 / 共 / 老,9,13,携手共老,[],"[11, 12]","[11, 12]",[],"The prediction inserts an extra boundary inside the gold token [携手共老], producing [携手 / 共 / 老].",False,False,,1
973,P2,P2 Similarity-based projection,over,走进婚姻的红地毯，携手共老扶子偕老能永浴爱河可说是每对想结婚的夫妻所梦寐以求的。在东方社会中，在较古老的方式是媒人形式，有通过亲戚、朋友邻居之类的介绍，对对方有所了解。而较近期，电子邮件、网结朋友出现一网情深这类爱情，是较时髦的爱情交往方式，但对我来说也不是理想式的。,走进婚姻的殿堂，执子之手，与子偕老和永浴爱河可以说是每对想结婚的情侣所梦寐以求的。在东方社会，比较古老的方式是媒人形式，通过亲戚、朋友、邻居之类的介绍来了解对方。而较近期，电子邮件、网络朋友的出现产生了一网情深这类爱情。虽然这类爱情是较时髦的爱情交往方式，但对我来说也不是理想式的。,走 进 婚姻 的 红 地毯 ， 携手共老 扶子偕老 能 永 浴 爱河 可 说 是 每 对 想 结婚 的 夫妻 所 梦寐以求 的 。 在 东方 社会 中 ， 在较 古老 的 方式 是 媒人 形式 ， 有 通过 亲戚 、 朋友 邻居 之类 的 介绍 ， 对 对方 有所 了解 。 而 较 近期 ， 电子 邮件 、 网结 朋友 出现 一网情深 这 类 爱情 ， 是 较 时髦 的 爱情 交往 方式 ， 但 对 我 来说 也 不 是 理想式 的 。,走 进 婚姻 的 红 地毯 ， 携手 共 老 扶子 偕老 能 永 浴 爱河 可 说 是 每 对 想 结婚 的 夫妻 所 梦寐以求 的 。 在 东方 社会 中 ， 在较 古老 的 方式 是 媒人 形式 ， 有 通过 亲戚 、 朋友 邻居 之类 的 介绍 ， 对 对方 有所 了解 。 而 较 近期 ， 电子 邮件 、 网结 朋友 出现 一网情深 这 类 爱情 ， 是 较 时髦 的 爱情 交往 方式 ， 但 对 我 来说 也 不 是 理想式 的 。,扶子偕老,扶子 / 偕老,13,17,扶子偕老,[],[15],[15],[],"The prediction inserts an extra boundary inside the gold token [扶子偕老], producing [扶子 / 偕老].",False,False,,2
985,P2,P2 Similarity-based projection,over,但如果父母没有好好地教孩子，没有告诉他们辨别是非，什么应该做，什么不应该做，在社会怎么做人。可想而知，他们长大以后会遇到很多的麻烦，甚至不适应生活的，造成不甚后果。,但如果父母没有好好地教孩子，没有告诉他们怎么辨别是非，什么应该做，什么不应该做，在社会怎么做人。可想而知，他们长大以后会遇到很多的麻烦，甚至不适应生活，造成不好后果。,但 如果 父母 没有 好好 地 教 孩子 ， 没有 告诉 他们 辨别 是非 ， 什么 应该 做 ， 什么 不 应该 做 ， 在 社会 怎么 做人 。 可想而知 ， 他们 长大 以后 会 遇到 很多 的 麻烦 ， 甚至 不 适应 生活 的 ， 造成 不甚 后果 。,但 如果 父母 没有 好好 地 教 孩子 ， 没有 告诉 他们 辨别 是非 ， 什么 应该 做 ， 什么 不 应该 做 ， 在 社会 怎么 做人 。 可想而知 ， 他们 长大 以后 会 遇到 很多 的 麻烦 ， 甚至 不 适应 生活 的 ， 造成 不 甚 后果 。,不甚,不 / 甚,77,79,不甚,[],[78],[78],[],"The prediction inserts an extra boundary inside the gold token [不甚], producing [不 / 甚].",False,False,,1
992,P2,P2 Similarity-based projection,under,我厌倦张华得很多。而且有一天，他使我惊奋。在白莱河的旁边我们走着，张华照样自吹自擂。忽然我们看见一只狗。它似乎淹死呢。张华马上弹跳河，救了它。,我厌倦张华。但是有一天，他使我震惊。我们走在白莱河的旁边，张华照样自吹自擂。忽然我们看见一只狗。它似乎快要淹死了。张华马上跳进河里，救了它。,我 厌倦 张华 得 很 多 。 而且 有 一 天 ， 他 使 我 惊奋 。 在 白莱河 的 旁边 我们 走 着 ， 张华 照样 自吹自擂 。 忽然 我们 看见 一 只 狗 。 它 似乎 淹 死 呢 。 张华 马上 弹 跳 河 ， 救 了 它 。,我 厌倦 张华 得 很多 。 而且 有 一 天 ， 他 使 我 惊奋 。 在 白莱河 的 旁边 我们 走 着 ， 张华 照样 自吹自擂 。 忽然 我们 看见 一 只 狗 。 它 似乎 淹 死 呢 。 张华 马上 弹跳 河 ， 救 了 它 。,很 / 多,很多,6,8,很多,[7],[],[],[7],"The prediction misses the gold boundary between [很] and [多], merging them into [很多].",False,True,,1
992,P2,P2 Similarity-based projection,under,我厌倦张华得很多。而且有一天，他使我惊奋。在白莱河的旁边我们走着，张华照样自吹自擂。忽然我们看见一只狗。它似乎淹死呢。张华马上弹跳河，救了它。,我厌倦张华。但是有一天，他使我震惊。我们走在白莱河的旁边，张华照样自吹自擂。忽然我们看见一只狗。它似乎快要淹死了。张华马上跳进河里，救了它。,我 厌倦 张华 得 很 多 。 而且 有 一 天 ， 他 使 我 惊奋 。 在 白莱河 的 旁边 我们 走 着 ， 张华 照样 自吹自擂 。 忽然 我们 看见 一 只 狗 。 它 似乎 淹 死 呢 。 张华 马上 弹 跳 河 ， 救 了 它 。,我 厌倦 张华 得 很多 。 而且 有 一 天 ， 他 使 我 惊奋 。 在 白莱河 的 旁边 我们 走 着 ， 张华 照样 自吹自擂 。 忽然 我们 看见 一 只 狗 。 它 似乎 淹 死 呢 。 张华 马上 弹跳 河 ， 救 了 它 。,弹 / 跳,弹跳,63,65,弹跳,[64],[],[],[64],"The prediction misses the gold boundary between [弹] and [跳], merging them into [弹跳].",False,True,,2
1003,P2,P2 Similarity-based projection,over,但我也不是那么地喜欢流行歌曲，虽然凡是歌曲我就喜欢听，但我特别对流行歌曲的评价低。因为不多数流行歌曲都很吵，实在是不能让人通过听音乐来感受到那种清净又舒服的感觉。,但我也不是那么地喜欢流行歌曲，虽然凡是歌曲我都喜欢听，但我特别地对流行歌曲的评价低。因为大多数流行歌曲都很吵，实在是不能让人通过听音乐来感受到那种清净又舒服的感觉。,但 我 也 不 是 那么 地 喜欢 流行 歌曲 ， 虽然 凡是 歌曲 我 就 喜欢 听 ， 但 我 特别 对 流行 歌曲 的 评价 低 。 因为 不多数 流行 歌曲 都 很 吵 ， 实在 是 不 能 让 人 通过 听 音乐 来 感受 到 那种 清净 又 舒服 的 感觉 。,但 我 也 不 是 那么 地 喜欢 流行 歌曲 ， 虽然 凡是 歌曲 我 就 喜欢 听 ， 但 我 特别 对 流行 歌曲 的 评价 低 。 因为 不 多数 流行 歌曲 都 很 吵 ， 实在 是 不 能 让 人 通过 听 音乐 来 感受 到 那种 清净 又 舒服 的 感觉 。,不多数,不 / 多数,43,46,不多数,[],[44],[44],[],"The prediction inserts an extra boundary inside the gold token [不多数], producing [不 / 多数].",False,False,,1
1008,P2,P2 Similarity-based projection,over,不过一分二为来看，地球上很多人还是因饥饿而痛苦。,不过一分为二来看，地球上很多人还是因饥饿而痛苦。,不过 一分二为 来 看 ， 地球 上 很多 人 还是 因 饥饿 而 痛苦 。,不过 一分二 为 来 看 ， 地球 上 很多 人 还是 因 饥饿 而 痛苦 。,一分二为,一分二 / 为,2,6,一分二为,[],[5],[5],[],"The prediction inserts an extra boundary inside the gold token [一分二为], producing [一分二 / 为].",False,True,,1
1016,P2,P2 Similarity-based projection,over,我喜欢汉吾果！我在大学，有上三课。下午我在大学点课。星期三我很忙。,我喜欢汉语课！我在大学，上午有三节课。下午我在大学上课。星期三我很忙。,我 喜欢 汉吾果 ！ 我 在 大学 ， 有 上 三 课 。 下午 我 在 大学 点课 。 星期三 我 很 忙 。,我 喜欢 汉吾果 ！ 我 在 大学 ， 有 上 三 课 。 下午 我 在 大学 点 课 。 星期三 我 很 忙 。,点课,点 / 课,23,25,点课,[],[24],[24],[],"The prediction inserts an extra boundary inside the gold token [点课], producing [点 / 课].",False,True,,1
1020,P2,P2 Similarity-based projection,under,我是七月跟我长久知己的几个好朋友坐日本飞机去的美国。我们没有在参加游览组的帮助下旅行，所以我们主要的问题就是住宿，饮食当然花的钱。我们去到了纽约的时候，就是跟见的美国人都用英文说的，可是好像我们说的很不怎么样，因为他们都用日文回答，所以跟他们一起互相玩笑，很有意思。,我是七月跟我认识了很久的几个好朋友坐日本飞机去的美国。我们没有在旅游团的帮助下旅行，所以我们主要的问题就是住宿、饮食上花的钱。我们去到了纽约的时候，跟见面美国人都用英语交流，可是好像我们说得很不怎么样，因为他们都用日语回答，所以跟他们一起互相开玩笑，很有意思。,我 是 七月 跟 我 长久 知己 的 几 个 好 朋友 坐 日本 飞机 去 的 美国 。 我们 没有 在 参加 游览组 的 帮助 下 旅行 ， 所以 我们 主要 的 问题 就 是 住宿 ， 饮食 当然 花 的 钱 。 我们 去 到 了 纽约 的 时候 ， 就 是 跟 见 的 美国 人 都 用 英文 说 的 ， 可是 好像 我们 说 的 很 不怎么样 ， 因为 他们 都 用 日文 回答 ， 所以 跟 他们 一起 互相 玩笑 ， 很 有意思 。,我 是 七月 跟 我 长久 知己 的 几 个 好 朋友 坐 日本 飞机 去 的 美国 。 我们 没有 在 参加 游览组 的 帮助 下 旅行 ， 所以 我们 主要 的 问题 就 是 住宿 ， 饮食 当然 花 的 钱 。 我们 去 到 了 纽约 的 时候 ， 就是 跟 见 的 美国 人 都 用 英文 说 的 ， 可是 好像 我们 说 的 很 不怎么样 ， 因为 他们 都 用 日文 回答 ， 所以 跟 他们 一起 互相 玩笑 ， 很 有意思 。,就 / 是,就是,76,78,就是,[77],[],[],[77],"The prediction misses the gold boundary between [就] and [是], merging them into [就是].",False,False,,1
1035,P2,P2 Similarity-based projection,over,日本有这谚话“没有父母也孩子能成大”。,日本有句谚语：“没有父母的孩子也能长大。”,日本 有 这 谚话 “ 没有 父母 也 孩子 能 成大 ” 。,日本 有 这 谚话 “ 没有 父母 也 孩子 能 成 大 ” 。,成大,成 / 大,15,17,成大,[],[16],[16],[],"The prediction inserts an extra boundary inside the gold token [成大], producing [成 / 大].",True,True,,1
1046,P2,P2 Similarity-based projection,over,据我所知，现在韩国、中国的烟制工厂都是国家安排的，如果国家要让人民禁止抽烟，那么国家先停止那个工厂。我的说话当然听起来很奇怪，但是我觉得真正的方法都是这样。到目前为止不但老人、中年人抽烟而且青少人也抽烟。,据我所知，现在韩国、中国的制烟工厂都是国家安排的，如果国家要禁止人民抽烟，那么国家得先关停那个工厂。我说的话听起来很奇怪，但是我觉得真正有用的方法就是这样。到目前为止，不但老人、中年人抽烟，青少年也抽烟。,据 我 所 知 ， 现在 韩国 、 中国 的 烟制 工厂 都 是 国家 安排 的 ， 如果 国家 要 让 人民 禁止 抽烟 ， 那么 国家 先 停止 那个 工厂 。 我 的 说话 当然 听 起来 很 奇怪 ， 但是 我 觉得 真正 的 方法 都 是 这样 。 到 目前 为止 不但 老人 、 中年人 抽烟 而且 青少人 也 抽烟 。,据 我 所 知 ， 现在 韩国 、 中国 的 烟制 工厂 都 是 国家 安排 的 ， 如果 国家 要 让 人民 禁止 抽烟 ， 那么 国家 先 停止 那个 工厂 。 我 的 说话 当然 听 起来 很 奇怪 ， 但是 我 觉得 真正 的 方法 都 是 这样 。 到 目前 为止 不但 老人 、 中年人 抽烟 而且 青少 人 也 抽烟 。,青少人,青少 / 人,95,98,青少人,[],[97],[97],[],"The prediction inserts an extra boundary inside the gold token [青少人], producing [青少 / 人].",False,False,,1
1058,P2,P2 Similarity-based projection,under,我喜欢我的旅行，虽然太阳没照。天汽没要变，天空没蓝蓝的。,我喜欢我的旅行，虽然太阳没出来，天气没变，天空也不蓝。,我 喜欢 我 的 旅行 ， 虽然 太阳 没 照 。 天汽 没 要 变 ， 天空 没 蓝蓝的 。,我 喜欢 我 的 旅行 ， 虽然 太阳 没照 。 天汽 没 要 变 ， 天空 没 蓝蓝的 。,没 / 照,没照,12,14,没照,[13],[],[],[13],"The prediction misses the gold boundary between [没] and [照], merging them into [没照].",False,True,,1
1061,P2,P2 Similarity-based projection,over,这个时候学到东西，这个小时候的记忆，长大以后也不会忘掉，一直放在自己的心里面，遵守下去。每一个有小时候从父母学到的东西。,这个时候学到的东西，这个时候的记忆，长大以后也不会忘掉，一直放在自己的心里面，遵守下去。每一个人都有小时候从父母身上学到的东西。,这个 时候 学 到 东西 ， 这个 小时候 的 记忆 ， 长大 以后 也 不 会 忘掉 ， 一直 放在 自己 的 心里面 ， 遵守 下去 。 每 一个 有 小时候 从 父母 学 到 的 东西 。,这个 时候 学 到 东西 ， 这个 小时候 的 记忆 ， 长大 以后 也 不 会 忘掉 ， 一直 放 在 自己 的 心里面 ， 遵守 下去 。 每 一个 有 小时候 从 父母 学 到 的 东西 。,放在,放 / 在,30,32,放在,[],[31],[31],[],"The prediction inserts an extra boundary inside the gold token [放在], producing [放 / 在].",False,True,,1
1062,P2,P2 Similarity-based projection,over,那个时候我认为不可能打太鼓、因为我从来没有打过鼓、也不了解日本传统的音乐、还有没有足够体力。,那个时候我认为自己不可能打太鼓，因为我从来没有打过鼓，也不了解日本的传统音乐，还没有足够的体力。,那个 时候 我 认为 不 可能 打 太鼓 、 因为 我 从来 没有 打 过 鼓 、 也 不 了解 日本 传统 的 音乐 、 还有 没有 足够 体力 。,那个 时候 我 认为 不 可能 打 太鼓 、 因为 我 从来 没有 打 过 鼓 、 也 不 了解 日本 传统 的 音乐 、 还 有 没有 足够 体力 。,还有,还 / 有,37,39,还有,[],[38],[38],[],"The prediction inserts an extra boundary inside the gold token [还有], producing [还 / 有].",False,True,,1
1078,P2,P2 Similarity-based projection,under,在三亚机中国人可以说英语，因为在那里有很多游者。我觉得三亚是一个非常票连得城市，但海口没有意思。,在三亚，中国人可以说英语，因为那里有很多游者。我觉得三亚是一个非常漂亮的城市，但海口没有意思。,在 三亚 机 中国 人 可以 说 英语 ， 因为 在 那里 有 很多 游者 。 我 觉得 三亚 是 一个 非常 票连 得 城市 ， 但 海口 没有 意思 。,在 三亚机 中国 人 可以 说 英语 ， 因为 在 那里 有 很多 游者 。 我 觉得 三亚 是 一个 非常 票连 得 城市 ， 但 海口 没有 意思 。,三亚 / 机,三亚机,1,4,三亚机,[3],[],[],[3],"The prediction misses the gold boundary between [三亚] and [机], merging them into [三亚机].",False,True,,1
1085,P2,P2 Similarity-based projection,over,我很喜欢跳舞，所以每个星期一、星期二、星期三星期五跳舞。我也当演员，唱哥，画画。我有一个男朋友，他很内向可是很好心。他跟我跳舞。,我很喜欢跳舞，所以我每个星期一、星期二、星期三和星期五跳舞。我也喜欢当演员，唱歌，画画。我有一个男朋友，他很内向可是很善良。他跟我跳舞。,我 很 喜欢 跳舞 ， 所以 每个 星期一 、 星期二 、 星期三 星期五 跳舞 。 我 也 当 演员 ， 唱哥 ， 画画 。 我 有 一个 男朋友 ， 他 很 内向 可是 很 好心 。 他 跟 我 跳舞 。,我 很 喜欢 跳舞 ， 所以 每个 星期一 、 星期二 、 星期三 星期五 跳舞 。 我 也 当 演员 ， 唱 哥 ， 画画 。 我 有 一个 男朋友 ， 他 很 内向 可是 很 好心 。 他 跟 我 跳舞 。,唱哥,唱 / 哥,34,36,唱哥,[],[35],[35],[],"The prediction inserts an extra boundary inside the gold token [唱哥], producing [唱 / 哥].",False,True,,1
1086,P2,P2 Similarity-based projection,over,在公共场所来老弱男女。在公共场所吸抽就意味着，不抽烟者都被吸呼烟。,在公共场所有男女老幼，所以在公共场所抽烟就意味着这些不抽烟者都得被迫吸烟。,在 公共场所 来 老弱男女 。 在 公共场所 吸抽 就 意味着 ， 不抽烟者 都 被 吸 呼 烟 。,在 公共场所 来 老 弱 男女 。 在 公共场所 吸 抽 就 意味着 ， 不抽烟者 都 被 吸呼烟 。,老弱男女,老 / 弱 / 男女,6,10,老弱男女,[],"[7, 8]","[7, 8]",[],"The prediction inserts an extra boundary inside the gold token [老弱男女], producing [老 / 弱 / 男女].",False,True,,1
1086,P2,P2 Similarity-based projection,over,在公共场所来老弱男女。在公共场所吸抽就意味着，不抽烟者都被吸呼烟。,在公共场所有男女老幼，所以在公共场所抽烟就意味着这些不抽烟者都得被迫吸烟。,在 公共场所 来 老弱男女 。 在 公共场所 吸抽 就 意味着 ， 不抽烟者 都 被 吸 呼 烟 。,在 公共场所 来 老 弱 男女 。 在 公共场所 吸 抽 就 意味着 ， 不抽烟者 都 被 吸呼烟 。,吸抽,吸 / 抽,16,18,吸抽,[],[17],[17],[],"The prediction inserts an extra boundary inside the gold token [吸抽], producing [吸 / 抽].",False,True,,2
1086,P2,P2 Similarity-based projection,under,在公共场所来老弱男女。在公共场所吸抽就意味着，不抽烟者都被吸呼烟。,在公共场所有男女老幼，所以在公共场所抽烟就意味着这些不抽烟者都得被迫吸烟。,在 公共场所 来 老弱男女 。 在 公共场所 吸抽 就 意味着 ， 不抽烟者 都 被 吸 呼 烟 。,在 公共场所 来 老 弱 男女 。 在 公共场所 吸 抽 就 意味着 ， 不抽烟者 都 被 吸呼烟 。,吸 / 呼 / 烟,吸呼烟,29,32,吸呼烟,"[30, 31]",[],[],"[30, 31]","The prediction misses the gold boundary between [吸] and [呼], merging them into [吸呼烟].",False,True,,3
1118,P2,P2 Similarity-based projection,under,我学中文，因为我想学写中文字和明白中国的文化。中国历使有意思。我很喜欢也很开心，学中文，因为有很多人问我为什么我不会看或者学中文。现在我会一点点了阿！,我学中文，因为我想学写汉字和了解中国的文化。中国历史很有意思。我很喜欢也很开心学中文，因为以前有很多人问我为什么我不会看或者写中文。现在我会一点点了啊！,我 学 中文 ， 因为 我 想 学 写 中文 字 和 明白 中国 的 文化 。 中国 历使 有意思 。 我 很 喜欢 也 很 开心 ， 学 中文 ， 因为 有 很多 人 问 我 为什么 我 不 会 看 或者 学 中文 。 现在 我 会 一点点 了 阿 ！,我 学 中文 ， 因为 我 想 学 写 中文字 和 明白 中国 的 文化 。 中国 历使 有意思 。 我 很 喜欢 也 很 开心 ， 学 中文 ， 因为 有 很多 人 问 我 为什么 我 不 会 看 或者 学 中文 。 现在 我 会 一点点 了 阿 ！,中文 / 字,中文字,11,14,中文字,[13],[],[],[13],"The prediction misses the gold boundary between [中文] and [字], merging them into [中文字].",False,True,,1
1125,P2,P2 Similarity-based projection,over,女孩比男孩也早开始工作，但是她们的收人低。,虽然女孩比男孩早开始工作，但是她们的收入低。,女孩 比 男孩 也 早 开始 工作 ， 但是 她们 的 收人 低 。,女孩 比 男孩 也 早 开始 工作 ， 但是 她们 的 收 人 低 。,收人,收 / 人,17,19,收人,[],[18],[18],[],"The prediction inserts an extra boundary inside the gold token [收人], producing [收 / 人].",False,True,,1
1137,P2,P2 Similarity-based projection,drift,孩子也是有固有性个的一个人。,孩子也是有固有个性的一个人。,孩子 也 是 有 固有 性个 的 一个 人 。,孩子 也 是 有 固有性 个 的 一个 人 。,固有 / 性个,固有性 / 个,5,9,固有性个,[7],[8],[8],[7],"The prediction places a boundary at offset [8] instead of the gold offset [7], resulting in a shifted local segmentation.",True,True,,1
